ply
format ascii 1.0
comment Modelled classic Fiat 500 point study for the Mino Rosso website; NOT a scan of Mino's car.
comment Overall scale references historical Fiat 500 dimensions published by Stellantis Media.
element vertex 19195
property float x
property float y
property float z
property uchar red
property uchar green
property uchar blue
end_header
-1.46973 0.61256 0.42380 184 61 50
-1.46843 0.64176 0.42228 184 61 50
-1.47106 0.66912 0.42196 184 61 50
-1.47249 0.69509 0.41451 184 61 50
-1.46728 0.72879 0.40678 184 61 50
-1.47160 0.75139 0.39526 184 61 50
-1.47134 0.77952 0.38572 184 61 50
-1.46995 0.80391 0.37202 184 61 50
-1.46920 0.82964 0.35049 184 61 50
-1.47273 0.85316 0.33249 184 61 50
-1.47214 0.86929 0.30850 184 61 50
-1.46941 0.88882 0.28830 184 61 50
-1.46993 0.90551 0.25989 184 61 50
-1.47217 0.91871 0.22968 184 61 50
-1.47176 0.92802 0.19961 184 61 50
-1.47173 0.94124 0.16073 184 61 50
-1.47217 0.94602 0.12224 184 61 50
-1.47106 0.94606 0.07211 184 61 50
-1.47197 0.95028 0.00039 184 61 50
-1.46811 0.95032 -0.07307 184 61 50
-1.47235 0.94388 -0.11903 184 61 50
-1.46717 0.93604 -0.16316 184 61 50
-1.46708 0.92879 -0.19899 184 61 50
-1.47097 0.91531 -0.22851 184 61 50
-1.46823 0.90460 -0.25983 184 61 50
-1.46995 0.88957 -0.28608 184 61 50
-1.46706 0.87165 -0.30926 184 61 50
-1.46811 0.84877 -0.33179 184 61 50
-1.47064 0.82599 -0.35284 184 61 50
-1.46865 0.80776 -0.36990 184 61 50
-1.47087 0.77717 -0.38696 184 61 50
-1.46786 0.75253 -0.39432 184 61 50
-1.47135 0.72547 -0.40528 184 61 50
-1.46756 0.70077 -0.41728 184 61 50
-1.46787 0.66858 -0.42102 184 61 50
-1.46741 0.63844 -0.42653 184 61 50
-1.46900 0.60720 -0.42756 184 61 50
-1.46846 0.58157 -0.42656 184 61 50
-1.46736 0.55069 -0.42188 184 61 50
-1.47028 0.52221 -0.41770 184 61 50
-1.46926 0.49523 -0.41000 184 61 50
-1.47206 0.46872 -0.39939 184 61 50
-1.47224 0.43856 -0.38401 184 61 50
-1.46886 0.41421 -0.36863 184 61 50
-1.47105 0.38881 -0.35476 184 61 50
-1.46866 0.36840 -0.33075 184 61 50
-1.46883 0.35048 -0.31288 184 61 50
-1.47014 0.33171 -0.28440 184 61 50
-1.46886 0.31408 -0.25895 184 61 50
-1.47196 0.30183 -0.23109 184 61 50
-1.46875 0.28944 -0.19653 184 61 50
-1.46852 0.27859 -0.16149 184 61 50
-1.47128 0.27433 -0.12287 184 61 50
-1.46987 0.27035 -0.07520 184 61 50
-1.47098 0.26724 -0.00043 184 61 50
-1.46776 0.27079 0.07174 184 61 50
-1.46955 0.27303 0.11951 184 61 50
-1.47257 0.28427 0.16273 184 61 50
-1.47006 0.29342 0.19703 184 61 50
-1.46806 0.29964 0.23229 184 61 50
-1.47035 0.31375 0.25940 184 61 50
-1.47164 0.32967 0.28285 184 61 50
-1.46832 0.34722 0.30747 184 61 50
-1.47224 0.37107 0.33418 184 61 50
-1.47261 0.38902 0.35152 184 61 50
-1.47230 0.41712 0.37056 184 61 50
-1.46836 0.44039 0.38222 184 61 50
-1.46910 0.46491 0.39631 184 61 50
-1.47252 0.49421 0.40665 184 61 50
-1.47284 0.52038 0.41707 184 61 50
-1.46953 0.54902 0.41949 184 61 50
-1.47183 0.58196 0.42761 184 61 50
-1.44770 0.61220 0.45573 184 61 50
-1.44416 0.63900 0.45675 184 61 50
-1.44375 0.66613 0.45261 184 61 50
-1.44270 0.69898 0.44621 184 61 50
-1.44609 0.72896 0.43544 184 61 50
-1.44711 0.75655 0.42500 184 61 50
-1.44591 0.77705 0.41118 184 61 50
-1.44540 0.80527 0.39249 184 61 50
-1.44784 0.83153 0.37761 184 61 50
-1.44776 0.85045 0.35681 184 61 50
-1.44334 0.87111 0.33336 184 61 50
-1.44739 0.88862 0.30518 184 61 50
-1.44442 0.90652 0.27510 184 61 50
-1.44292 0.91713 0.24380 184 61 50
-1.44646 0.92979 0.20740 184 61 50
-1.44449 0.93655 0.17089 184 61 50
-1.44535 0.94472 0.13086 184 61 50
-1.44424 0.94622 0.07966 184 61 50
-1.44708 0.95078 0.00187 184 61 50
-1.44406 0.94659 -0.07864 184 61 50
-1.44786 0.94569 -0.12742 184 61 50
-1.44640 0.93983 -0.16966 184 61 50
-1.44569 0.93006 -0.21017 184 61 50
-1.44417 0.91536 -0.24600 184 61 50
-1.44683 0.90425 -0.27548 184 61 50
-1.44428 0.88655 -0.30759 184 61 50
-1.44685 0.86778 -0.33391 184 61 50
-1.44396 0.84854 -0.35439 184 61 50
-1.44272 0.82670 -0.37841 184 61 50
-1.44543 0.80426 -0.39372 184 61 50
-1.44674 0.77987 -0.40868 184 61 50
-1.44307 0.75558 -0.42686 184 61 50
-1.44767 0.72890 -0.43310 184 61 50
-1.44755 0.69580 -0.44415 184 61 50
-1.44286 0.66752 -0.45111 184 61 50
-1.44220 0.64126 -0.45416 184 61 50
-1.44778 0.61016 -0.45805 184 61 50
-1.44709 0.57943 -0.45613 184 61 50
-1.44778 0.55255 -0.45331 184 61 50
-1.44486 0.52416 -0.44370 184 61 50
-1.44740 0.49310 -0.43686 184 61 50
-1.44309 0.46841 -0.42424 184 61 50
-1.44708 0.44085 -0.40771 184 61 50
-1.44213 0.41632 -0.39461 184 61 50
-1.44566 0.39175 -0.37646 184 61 50
-1.44800 0.37174 -0.35672 184 61 50
-1.44540 0.35212 -0.33041 184 61 50
-1.44663 0.33017 -0.30468 184 61 50
-1.44705 0.31597 -0.27442 184 61 50
-1.44573 0.30433 -0.24572 184 61 50
-1.44459 0.29008 -0.21074 184 61 50
-1.44365 0.28303 -0.17146 184 61 50
-1.44617 0.27649 -0.12898 184 61 50
-1.44674 0.27086 -0.07754 184 61 50
-1.44400 0.26732 0.00038 184 61 50
-1.44525 0.26927 0.08110 184 61 50
-1.44656 0.27262 0.13129 184 61 50
-1.44238 0.28337 0.17190 184 61 50
-1.44494 0.28901 0.21103 184 61 50
-1.44367 0.30239 0.24377 184 61 50
-1.44771 0.31699 0.27635 184 61 50
-1.44419 0.32878 0.30501 184 61 50
-1.44715 0.34958 0.33369 184 61 50
-1.44373 0.37104 0.35750 184 61 50
-1.44213 0.38915 0.37712 184 61 50
-1.44648 0.41238 0.39558 184 61 50
-1.44355 0.44227 0.41147 184 61 50
-1.44243 0.46499 0.42580 184 61 50
-1.44663 0.49216 0.43810 184 61 50
-1.44392 0.52132 0.44496 184 61 50
-1.44296 0.55176 0.45337 184 61 50
-1.44563 0.58101 0.45129 184 61 50
-1.42269 0.60806 0.47925 184 61 50
-1.41943 0.63987 0.47836 184 61 50
-1.41816 0.67148 0.47406 184 61 50
-1.41898 0.69659 0.46474 184 61 50
-1.42169 0.72613 0.45416 184 61 50
-1.42167 0.75651 0.44724 184 61 50
-1.41856 0.77970 0.42939 184 61 50
-1.41850 0.80725 0.41610 184 61 50
-1.41894 0.82972 0.39476 184 61 50
-1.41862 0.85042 0.37081 184 61 50
-1.41988 0.87008 0.34747 184 61 50
-1.41920 0.88926 0.31758 184 61 50
-1.41911 0.90742 0.29081 184 61 50
-1.41933 0.91741 0.25493 184 61 50
-1.42112 0.92842 0.22026 184 61 50
-1.41792 0.93766 0.17913 184 61 50
-1.41720 0.94644 0.13552 184 61 50
-1.41832 0.95091 0.07980 184 61 50
-1.42105 0.95162 -0.00151 184 61 50
-1.41872 0.94720 -0.08466 184 61 50
-1.41845 0.94396 -0.13424 184 61 50
-1.41989 0.93793 -0.17799 184 61 50
-1.41774 0.93040 -0.21757 184 61 50
-1.42037 0.92028 -0.25962 184 61 50
-1.42051 0.90637 -0.28800 184 61 50
-1.42172 0.88785 -0.31967 184 61 50
-1.41827 0.86797 -0.34776 184 61 50
-1.42291 0.84759 -0.37492 184 61 50
-1.41762 0.83023 -0.39337 184 61 50
-1.41744 0.80400 -0.41368 184 61 50
-1.42248 0.78042 -0.43074 184 61 50
-1.41731 0.75163 -0.44294 184 61 50
-1.42102 0.72512 -0.45628 184 61 50
-1.41840 0.70001 -0.46364 184 61 50
-1.42291 0.66690 -0.47263 184 61 50
-1.41836 0.63692 -0.47713 184 61 50
-1.41738 0.61224 -0.47938 184 61 50
-1.42261 0.58310 -0.47441 184 61 50
-1.42083 0.55174 -0.47345 184 61 50
-1.42057 0.52137 -0.46599 184 61 50
-1.42143 0.49306 -0.45612 184 61 50
-1.42067 0.46435 -0.44670 184 61 50
-1.42243 0.44270 -0.43047 184 61 50
-1.42126 0.41656 -0.41638 184 61 50
-1.41868 0.39016 -0.39524 184 61 50
-1.42099 0.37221 -0.37165 184 61 50
-1.42107 0.34942 -0.34566 184 61 50
-1.42078 0.32948 -0.32072 184 61 50
-1.42030 0.31639 -0.29032 184 61 50
-1.42198 0.30346 -0.25729 184 61 50
-1.41977 0.29033 -0.21946 184 61 50
-1.41779 0.27974 -0.17814 184 61 50
-1.42006 0.27464 -0.13768 184 61 50
-1.42149 0.27373 -0.08032 184 61 50
-1.42167 0.27034 0.00269 184 61 50
-1.41773 0.27256 0.07981 184 61 50
-1.42148 0.27639 0.13395 184 61 50
-1.42128 0.28192 0.17992 184 61 50
-1.41875 0.28927 0.22194 184 61 50
-1.41844 0.29951 0.25930 184 61 50
-1.42101 0.31307 0.29168 184 61 50
-1.42070 0.33244 0.31963 184 61 50
-1.42062 0.35123 0.34770 184 61 50
-1.42075 0.36734 0.37192 184 61 50
-1.41945 0.38850 0.39609 184 61 50
-1.41740 0.41347 0.41363 184 61 50
-1.42142 0.43902 0.42835 184 61 50
-1.42244 0.46465 0.44707 184 61 50
-1.41935 0.49221 0.45728 184 61 50
-1.42126 0.52116 0.46469 184 61 50
-1.41887 0.54938 0.46933 184 61 50
-1.41907 0.58057 0.47615 184 61 50
-1.39580 0.60965 0.49467 184 61 50
-1.39649 0.63967 0.49674 184 61 50
-1.39452 0.66916 0.49288 184 61 50
-1.39321 0.69721 0.48411 184 61 50
-1.39570 0.72721 0.47549 184 61 50
-1.39537 0.75498 0.45933 184 61 50
-1.39272 0.78214 0.44551 184 61 50
-1.39327 0.80370 0.42830 184 61 50
-1.39825 0.82579 0.40918 184 61 50
-1.39610 0.84821 0.38470 184 61 50
-1.39652 0.87025 0.36250 184 61 50
-1.39437 0.88970 0.33300 184 61 50
-1.39249 0.90472 0.30031 184 61 50
-1.39676 0.91618 0.26630 184 61 50
-1.39691 0.92720 0.23123 184 61 50
-1.39737 0.93611 0.18461 184 61 50
-1.39456 0.94590 0.13991 184 61 50
-1.39801 0.94726 0.08778 184 61 50
-1.39553 0.94806 0.00220 184 61 50
-1.39264 0.95085 -0.08619 184 61 50
-1.39787 0.94392 -0.14049 184 61 50
-1.39362 0.93601 -0.18707 184 61 50
-1.39449 0.93083 -0.22718 184 61 50
-1.39766 0.91746 -0.26416 184 61 50
-1.39352 0.90597 -0.30169 184 61 50
-1.39231 0.88874 -0.33315 184 61 50
-1.39627 0.87181 -0.35994 184 61 50
-1.39389 0.84855 -0.38463 184 61 50
-1.39473 0.82768 -0.40731 184 61 50
-1.39260 0.80784 -0.42983 184 61 50
-1.39582 0.77873 -0.44800 184 61 50
-1.39674 0.75202 -0.46006 184 61 50
-1.39347 0.72856 -0.47080 184 61 50
-1.39483 0.69691 -0.48139 184 61 50
-1.39462 0.67172 -0.48772 184 61 50
-1.39458 0.64208 -0.49407 184 61 50
-1.39317 0.60950 -0.49403 184 61 50
-1.39631 0.58075 -0.49396 184 61 50
-1.39508 0.54818 -0.49236 184 61 50
-1.39701 0.52330 -0.48212 184 61 50
-1.39761 0.49409 -0.47581 184 61 50
-1.39354 0.46840 -0.46053 184 61 50
-1.39290 0.43772 -0.44379 184 61 50
-1.39413 0.41372 -0.42724 184 61 50
-1.39787 0.39221 -0.40875 184 61 50
-1.39766 0.36742 -0.38784 184 61 50
-1.39762 0.34941 -0.36216 184 61 50
-1.39502 0.32926 -0.33341 184 61 50
-1.39344 0.31796 -0.29898 184 61 50
-1.39690 0.30156 -0.26496 184 61 50
-1.39732 0.29146 -0.22985 184 61 50
-1.39531 0.28377 -0.18680 184 61 50
-1.39345 0.27219 -0.13804 184 61 50
-1.39227 0.27208 -0.08285 184 61 50
-1.39335 0.26759 0.00150 184 61 50
-1.39387 0.26865 0.08287 184 61 50
-1.39806 0.27376 0.14311 184 61 50
-1.39226 0.28288 0.18940 184 61 50
-1.39732 0.29229 0.22905 184 61 50
-1.39263 0.30246 0.26854 184 61 50
-1.39589 0.31372 0.29858 184 61 50
-1.39680 0.33349 0.33480 184 61 50
-1.39608 0.34687 0.35768 184 61 50
-1.39755 0.37041 0.38325 184 61 50
-1.39564 0.39440 0.40957 184 61 50
-1.39420 0.41611 0.42742 184 61 50
-1.39294 0.43867 0.44577 184 61 50
-1.39667 0.46386 0.46075 184 61 50
-1.39584 0.49156 0.47660 184 61 50
-1.39536 0.52253 0.48373 184 61 50
-1.39294 0.55305 0.48992 184 61 50
-1.39333 0.58167 0.49128 184 61 50
-1.36978 0.60734 0.51235 184 61 50
-1.37204 0.63695 0.51149 184 61 50
-1.37332 0.66630 0.50541 184 61 50
-1.36757 0.69946 0.50081 184 61 50
-1.37314 0.72800 0.48898 184 61 50
-1.36897 0.75652 0.47703 184 61 50
-1.37079 0.77718 0.46044 184 61 50
-1.36924 0.80237 0.44049 184 61 50
-1.37063 0.83025 0.42013 184 61 50
-1.36782 0.84938 0.39569 184 61 50
-1.37167 0.87295 0.37394 184 61 50
-1.36908 0.89131 0.34454 184 61 50
-1.36983 0.90594 0.31013 184 61 50
-1.37156 0.91805 0.27284 184 61 50
-1.37133 0.93170 0.23544 184 61 50
-1.37208 0.93849 0.19194 184 61 50
-1.36871 0.94493 0.14633 184 61 50
-1.37123 0.94596 0.08550 184 61 50
-1.37322 0.94873 -0.00229 184 61 50
-1.37140 0.94784 -0.08855 184 61 50
-1.36802 0.94195 -0.14476 184 61 50
-1.36890 0.93684 -0.19381 184 61 50
-1.36890 0.92681 -0.23556 184 61 50
-1.37031 0.91645 -0.27473 184 61 50
-1.36998 0.90330 -0.30905 184 61 50
-1.37163 0.89111 -0.34009 184 61 50
-1.37021 0.87235 -0.36993 184 61 50
-1.36926 0.85273 -0.39934 184 61 50
-1.36895 0.82939 -0.42085 184 61 50
-1.36861 0.80286 -0.44282 184 61 50
-1.36757 0.77925 -0.45755 184 61 50
-1.37210 0.75537 -0.47677 184 61 50
-1.37031 0.72699 -0.49065 184 61 50
-1.36948 0.69577 -0.49911 184 61 50
-1.37037 0.66664 -0.50681 184 61 50
-1.36936 0.63717 -0.50718 184 61 50
-1.37144 0.60941 -0.51355 184 61 50
-1.37162 0.57788 -0.50702 184 61 50
-1.36757 0.55046 -0.50453 184 61 50
-1.37076 0.52176 -0.49797 184 61 50
-1.37081 0.49662 -0.48628 184 61 50
-1.37077 0.46533 -0.47701 184 61 50
-1.37030 0.43923 -0.45996 184 61 50
-1.37273 0.41351 -0.43973 184 61 50
-1.36925 0.39157 -0.42439 184 61 50
-1.37256 0.36742 -0.39507 184 61 50
-1.36870 0.34795 -0.36875 184 61 50
-1.36914 0.33070 -0.34392 184 61 50
-1.36926 0.31690 -0.31209 184 61 50
-1.36936 0.29902 -0.27751 184 61 50
-1.37082 0.28862 -0.23499 184 61 50
-1.36913 0.28224 -0.19019 184 61 50
-1.37250 0.27416 -0.14222 184 61 50
-1.37210 0.27266 -0.09029 184 61 50
-1.36767 0.26732 -0.00113 184 61 50
-1.36801 0.27216 0.08820 184 61 50
-1.36943 0.27588 0.14708 184 61 50
-1.37135 0.28237 0.19437 184 61 50
-1.36838 0.28816 0.23775 184 61 50
-1.36742 0.30187 0.27473 184 61 50
-1.36899 0.31844 0.30722 184 61 50
-1.37138 0.33346 0.34187 184 61 50
-1.36749 0.35223 0.37119 184 61 50
-1.37242 0.37046 0.39980 184 61 50
-1.37250 0.39201 0.42006 184 61 50
-1.37149 0.41627 0.44488 184 61 50
-1.37040 0.43940 0.45755 184 61 50
-1.37192 0.46691 0.47699 184 61 50
-1.36962 0.49132 0.48848 184 61 50
-1.37234 0.51990 0.50088 184 61 50
-1.36885 0.55116 0.50625 184 61 50
-1.36806 0.57823 0.50846 184 61 50
-1.34351 0.60947 0.52655 184 61 50
-1.34659 0.63770 0.52500 184 61 50
-1.34375 0.67025 0.51951 184 61 50
-1.34589 0.69540 0.51246 184 61 50
-1.34480 0.72634 0.50090 184 61 50
-1.34718 0.75263 0.48721 184 61 50
-1.34257 0.78094 0.47448 184 61 50
-1.34475 0.80499 0.45459 184 61 50
-1.34436 0.82774 0.43447 184 61 50
-1.34360 0.85002 0.40650 184 61 50
-1.34780 0.87183 0.38263 184 61 50
-1.34756 0.89007 0.34928 184 61 50
-1.34554 0.90678 0.31932 184 61 50
-1.34444 0.91571 0.27945 184 61 50
-1.34463 0.92693 0.23935 184 61 50
-1.34247 0.94050 0.19918 184 61 50
-1.34575 0.94755 0.14661 184 61 50
-1.34248 0.94932 0.09339 184 61 50
-1.34625 0.95275 -0.00092 184 61 50
-1.34500 0.94815 -0.08998 184 61 50
-1.34530 0.94471 -0.14694 184 61 50
-1.34583 0.93844 -0.20002 184 61 50
-1.34608 0.92736 -0.23986 184 61 50
-1.34423 0.91703 -0.27982 184 61 50
-1.34818 0.90491 -0.31889 184 61 50
-1.34421 0.88968 -0.35090 184 61 50
-1.34624 0.86930 -0.38377 184 61 50
-1.34616 0.85224 -0.40681 184 61 50
-1.34306 0.83013 -0.42997 184 61 50
-1.34830 0.80249 -0.45522 184 61 50
-1.34805 0.78014 -0.47511 184 61 50
-1.34612 0.75168 -0.48611 184 61 50
-1.34840 0.72463 -0.49826 184 61 50
-1.34629 0.69979 -0.51005 184 61 50
-1.34674 0.67102 -0.51711 184 61 50
-1.34436 0.64259 -0.52385 184 61 50
-1.34770 0.60794 -0.52711 184 61 50
-1.34549 0.57747 -0.52307 184 61 50
-1.34821 0.55298 -0.51743 184 61 50
-1.34475 0.51909 -0.51126 184 61 50
-1.34283 0.49165 -0.50075 184 61 50
-1.34310 0.46494 -0.49037 184 61 50
-1.34798 0.43942 -0.47450 184 61 50
-1.34261 0.41474 -0.45696 184 61 50
-1.34549 0.39258 -0.43367 184 61 50
-1.34610 0.36887 -0.40986 184 61 50
-1.34418 0.34883 -0.37975 184 61 50
-1.34365 0.32857 -0.34879 184 61 50
-1.34288 0.31614 -0.31675 184 61 50
-1.34426 0.30439 -0.28428 184 61 50
-1.34279 0.28997 -0.24183 184 61 50
-1.34804 0.28047 -0.19931 184 61 50
-1.34537 0.27635 -0.14720 184 61 50
-1.34428 0.26994 -0.09031 184 61 50
-1.34285 0.27179 0.00054 184 61 50
-1.34763 0.26846 0.08843 184 61 50
-1.34839 0.27468 0.14586 184 61 50
-1.34503 0.27981 0.19841 184 61 50
-1.34398 0.29010 0.24462 184 61 50
-1.34825 0.30171 0.28289 184 61 50
-1.34637 0.31564 0.31805 184 61 50
-1.34397 0.32875 0.35183 184 61 50
-1.34581 0.35122 0.38071 184 61 50
-1.34517 0.37157 0.40883 184 61 50
-1.34492 0.39345 0.43505 184 61 50
-1.34464 0.41437 0.45577 184 61 50
-1.34573 0.44260 0.47212 184 61 50
-1.34767 0.46853 0.48613 184 61 50
-1.34697 0.49162 0.49903 184 61 50
-1.34732 0.52171 0.51303 184 61 50
-1.34666 0.55237 0.51779 184 61 50
-1.34475 0.57914 0.52095 184 61 50
-1.31829 0.60744 0.53634 184 61 50
-1.32183 0.64144 0.53635 184 61 50
-1.32005 0.67172 0.52753 184 61 50
-1.31903 0.69866 0.52384 184 61 50
-1.31758 0.72920 0.51314 184 61 50
-1.31813 0.75595 0.50181 184 61 50
-1.32156 0.77997 0.48424 184 61 50
-1.32038 0.80544 0.46302 184 61 50
-1.32159 0.82606 0.43954 184 61 50
-1.32281 0.85290 0.41924 184 61 50
-1.31978 0.87207 0.39157 184 61 50
-1.32144 0.88662 0.36014 184 61 50
-1.32153 0.90418 0.32831 184 61 50
-1.31788 0.91810 0.28883 184 61 50
-1.32017 0.93245 0.24546 184 61 50
-1.31757 0.93710 0.20362 184 61 50
-1.32302 0.94313 0.15485 184 61 50
-1.31816 0.94949 0.09205 184 61 50
-1.32054 0.95084 -0.00160 184 61 50
-1.32119 0.94956 -0.09402 184 61 50
-1.32102 0.94624 -0.15170 184 61 50
-1.32062 0.93816 -0.20085 184 61 50
-1.31961 0.93217 -0.24727 184 61 50
-1.32227 0.91936 -0.28982 184 61 50
-1.32100 0.90683 -0.32387 184 61 50
-1.32090 0.88806 -0.35898 184 61 50
-1.31769 0.87006 -0.38768 184 61 50
-1.32187 0.85215 -0.41531 184 61 50
-1.32210 0.82816 -0.44166 184 61 50
-1.31899 0.80264 -0.46621 184 61 50
-1.32144 0.78033 -0.48475 184 61 50
-1.31886 0.75644 -0.50029 184 61 50
-1.32257 0.72530 -0.51422 184 61 50
-1.31993 0.69819 -0.52373 184 61 50
-1.32284 0.66812 -0.52832 184 61 50
-1.32175 0.63882 -0.53328 184 61 50
-1.32316 0.60871 -0.53523 184 61 50
-1.31772 0.57812 -0.53352 184 61 50
-1.31816 0.54907 -0.53121 184 61 50
-1.31962 0.52024 -0.52428 184 61 50
-1.32279 0.49192 -0.51095 184 61 50
-1.32237 0.46421 -0.49647 184 61 50
-1.31921 0.44050 -0.48181 184 61 50
-1.32022 0.41339 -0.46131 184 61 50
-1.31828 0.39334 -0.43987 184 61 50
-1.32197 0.37115 -0.41610 184 61 50
-1.32056 0.34687 -0.39063 184 61 50
-1.32314 0.33341 -0.35855 184 61 50
-1.32014 0.31442 -0.32706 184 61 50
-1.31800 0.30251 -0.28571 184 61 50
-1.31902 0.28776 -0.24467 184 61 50
-1.31816 0.28208 -0.20192 184 61 50
-1.31863 0.27247 -0.15020 184 61 50
-1.31970 0.27422 -0.09546 184 61 50
-1.31911 0.27249 0.00058 184 61 50
-1.32066 0.27180 0.09460 184 61 50
-1.31982 0.27411 0.15385 184 61 50
-1.32158 0.28203 0.20231 184 61 50
-1.31882 0.28756 0.24625 184 61 50
-1.31824 0.29938 0.28771 184 61 50
-1.31984 0.31375 0.32462 184 61 50
-1.31807 0.33272 0.35916 184 61 50
-1.32333 0.35107 0.39043 184 61 50
-1.32042 0.37183 0.41848 184 61 50
-1.31921 0.39094 0.43990 184 61 50
-1.31927 0.41335 0.46162 184 61 50
-1.32094 0.44204 0.48539 184 61 50
-1.31942 0.46403 0.50066 184 61 50
-1.32336 0.49273 0.51302 184 61 50
-1.31982 0.52452 0.52111 184 61 50
-1.32314 0.55078 0.52931 184 61 50
-1.31812 0.58246 0.53347 184 61 50
-1.29828 0.61287 0.54837 184 61 50
-1.29804 0.63935 0.54710 184 61 50
-1.29386 0.66994 0.53906 184 61 50
-1.29827 0.70057 0.53461 184 61 50
-1.29693 0.72384 0.52001 184 61 50
-1.29269 0.75632 0.50952 184 61 50
-1.29739 0.78039 0.49140 184 61 50
-1.29629 0.80586 0.47240 184 61 50
-1.29263 0.82738 0.45395 184 61 50
-1.29775 0.84756 0.42316 184 61 50
-1.29333 0.87345 0.39664 184 61 50
-1.29714 0.89043 0.36360 184 61 50
-1.29564 0.90349 0.32959 184 61 50
-1.29349 0.91847 0.29513 184 61 50
-1.29280 0.93148 0.25501 184 61 50
-1.29439 0.93862 0.20745 184 61 50
-1.29540 0.94348 0.15609 184 61 50
-1.29802 0.95050 0.09392 184 61 50
-1.29819 0.95050 -0.00163 184 61 50
-1.29293 0.94783 -0.09190 184 61 50
-1.29775 0.94713 -0.15389 184 61 50
-1.29498 0.93681 -0.20922 184 61 50
-1.29593 0.92672 -0.25448 184 61 50
-1.29564 0.91611 -0.29546 184 61 50
-1.29428 0.90166 -0.33399 184 61 50
-1.29425 0.89089 -0.36512 184 61 50
-1.29544 0.87295 -0.39953 184 61 50
-1.29721 0.85061 -0.42412 184 61 50
-1.29579 0.82642 -0.45337 184 61 50
-1.29788 0.80381 -0.47203 184 61 50
-1.29416 0.78070 -0.49033 184 61 50
-1.29710 0.75480 -0.50919 184 61 50
-1.29796 0.72751 -0.52277 184 61 50
-1.29708 0.70037 -0.53043 184 61 50
-1.29470 0.66618 -0.54013 184 61 50
-1.29563 0.64250 -0.54303 184 61 50
-1.29300 0.61212 -0.54725 184 61 50
-1.29437 0.57812 -0.54224 184 61 50
-1.29617 0.55011 -0.54218 184 61 50
-1.29712 0.52493 -0.53231 184 61 50
-1.29755 0.49097 -0.52064 184 61 50
-1.29682 0.46338 -0.51135 184 61 50
-1.29556 0.43775 -0.49065 184 61 50
-1.29630 0.41277 -0.47490 184 61 50
-1.29468 0.39283 -0.44947 184 61 50
-1.29844 0.36852 -0.42552 184 61 50
-1.29332 0.34707 -0.39942 184 61 50
-1.29570 0.33366 -0.36821 184 61 50
-1.29392 0.31348 -0.33357 184 61 50
-1.29373 0.30061 -0.29384 184 61 50
-1.29699 0.28948 -0.25266 184 61 50
-1.29421 0.28116 -0.20496 184 61 50
-1.29359 0.27322 -0.15213 184 61 50
-1.29827 0.27381 -0.09564 184 61 50
-1.29302 0.26916 0.00198 184 61 50
-1.29486 0.26944 0.09379 184 61 50
-1.29507 0.27315 0.15449 184 61 50
-1.29849 0.28339 0.20381 184 61 50
-1.29468 0.28935 0.25393 184 61 50
-1.29554 0.30186 0.29114 184 61 50
-1.29734 0.31833 0.33434 184 61 50
-1.29859 0.33184 0.36555 184 61 50
-1.29810 0.34742 0.39500 184 61 50
-1.29305 0.36744 0.42748 184 61 50
-1.29553 0.39390 0.44855 184 61 50
-1.29651 0.41680 0.47542 184 61 50
-1.29644 0.44299 0.49552 184 61 50
-1.29408 0.46540 0.50694 184 61 50
-1.29572 0.49620 0.52461 184 61 50
-1.29709 0.52308 0.53581 184 61 50
-1.29819 0.55104 0.54160 184 61 50
-1.29749 0.57950 0.54389 184 61 50
-1.27281 0.61073 0.55554 184 61 50
-1.27141 0.64239 0.55496 184 61 50
-1.27065 0.66773 0.54758 184 61 50
-1.27066 0.69825 0.54495 184 61 50
-1.26920 0.72689 0.52887 184 61 50
-1.27184 0.75494 0.51752 184 61 50
-1.27216 0.77898 0.49936 184 61 50
-1.26965 0.80275 0.47922 184 61 50
-1.27241 0.82932 0.45815 184 61 50
-1.26907 0.85046 0.43030 184 61 50
-1.27329 0.87149 0.40731 184 61 50
-1.26922 0.88791 0.37331 184 61 50
-1.26794 0.90157 0.34038 184 61 50
-1.26937 0.91659 0.30162 184 61 50
-1.27322 0.93208 0.25864 184 61 50
-1.27327 0.93891 0.21140 184 61 50
-1.26775 0.94200 0.15693 184 61 50
-1.27248 0.94841 0.09491 184 61 50
-1.27184 0.94704 0.00292 184 61 50
-1.27167 0.94676 -0.09299 184 61 50
-1.27170 0.94359 -0.15992 184 61 50
-1.27350 0.93684 -0.20823 184 61 50
-1.27071 0.93143 -0.25710 184 61 50
-1.27127 0.92060 -0.29822 184 61 50
-1.26918 0.90371 -0.33798 184 61 50
-1.27183 0.89000 -0.37198 184 61 50
-1.27230 0.86823 -0.40627 184 61 50
-1.26792 0.84894 -0.43591 184 61 50
-1.26884 0.82758 -0.45647 184 61 50
-1.26942 0.80324 -0.48446 184 61 50
-1.27122 0.77918 -0.50097 184 61 50
-1.26774 0.75363 -0.51679 184 61 50
-1.27244 0.72561 -0.52923 184 61 50
-1.26992 0.69801 -0.54360 184 61 50
-1.27367 0.66953 -0.55165 184 61 50
-1.27337 0.63862 -0.55543 184 61 50
-1.27082 0.61047 -0.55477 184 61 50
-1.27313 0.57964 -0.55395 184 61 50
-1.27298 0.55065 -0.55227 184 61 50
-1.27146 0.51975 -0.54212 184 61 50
-1.26803 0.49433 -0.53102 184 61 50
-1.27053 0.46414 -0.51756 184 61 50
-1.27128 0.43873 -0.50360 184 61 50
-1.26925 0.41561 -0.48200 184 61 50
-1.27354 0.39209 -0.45762 184 61 50
-1.27184 0.37216 -0.43613 184 61 50
-1.26930 0.34777 -0.40419 184 61 50
-1.27223 0.32974 -0.36963 184 61 50
-1.26860 0.31312 -0.33668 184 61 50
-1.27285 0.30249 -0.29666 184 61 50
-1.27224 0.28899 -0.25714 184 61 50
-1.26901 0.28434 -0.21096 184 61 50
-1.27274 0.27749 -0.15500 184 61 50
-1.27229 0.26907 -0.09439 184 61 50
-1.26989 0.27101 0.00129 184 61 50
-1.27124 0.27377 0.09678 184 61 50
-1.27033 0.27303 0.15692 184 61 50
-1.27181 0.28191 0.20923 184 61 50
-1.26874 0.28878 0.25426 184 61 50
-1.27070 0.29980 0.29615 184 61 50
-1.27335 0.31522 0.33507 184 61 50
-1.27118 0.33180 0.37353 184 61 50
-1.26829 0.34946 0.40620 184 61 50
-1.26949 0.36890 0.43083 184 61 50
-1.26826 0.39407 0.45825 184 61 50
-1.27047 0.41513 0.47934 184 61 50
-1.27146 0.43931 0.49962 184 61 50
-1.26935 0.46345 0.51892 184 61 50
-1.26891 0.49396 0.53202 184 61 50
-1.27351 0.52052 0.54132 184 61 50
-1.26917 0.55149 0.54822 184 61 50
-1.26813 0.58293 0.55498 184 61 50
-1.24681 0.60841 0.56369 184 61 50
-1.24346 0.63745 0.56544 184 61 50
-1.24603 0.66665 0.55718 184 61 50
-1.24441 0.69881 0.54930 184 61 50
-1.24397 0.72552 0.53884 184 61 50
-1.24409 0.75648 0.52711 184 61 50
-1.24287 0.78231 0.50992 184 61 50
-1.24392 0.80313 0.48751 184 61 50
-1.24678 0.82607 0.46319 184 61 50
-1.24306 0.84909 0.43912 184 61 50
-1.24607 0.87057 0.41325 184 61 50
-1.24780 0.88854 0.37580 184 61 50
-1.24716 0.90595 0.34527 184 61 50
-1.24350 0.91681 0.30236 184 61 50
-1.24638 0.93220 0.26305 184 61 50
-1.24328 0.93745 0.21440 184 61 50
-1.24324 0.94481 0.15816 184 61 50
-1.24404 0.94746 0.09802 184 61 50
-1.24306 0.94880 0.00189 184 61 50
-1.24279 0.95035 -0.09511 184 61 50
-1.24509 0.94661 -0.16117 184 61 50
-1.24302 0.94039 -0.21153 184 61 50
-1.24725 0.93078 -0.25899 184 61 50
-1.24517 0.91687 -0.30473 184 61 50
-1.24858 0.90214 -0.34269 184 61 50
-1.24371 0.88648 -0.37842 184 61 50
-1.24737 0.86930 -0.40931 184 61 50
-1.24602 0.84979 -0.43922 184 61 50
-1.24335 0.82926 -0.46360 184 61 50
-1.24869 0.80499 -0.48916 184 61 50
-1.24463 0.77786 -0.51043 184 61 50
-1.24312 0.75571 -0.52356 184 61 50
-1.24293 0.72891 -0.53940 184 61 50
-1.24338 0.69918 -0.55230 184 61 50
-1.24475 0.66777 -0.55880 184 61 50
-1.24301 0.63860 -0.56201 184 61 50
-1.24697 0.60707 -0.56505 184 61 50
-1.24670 0.58081 -0.56267 184 61 50
-1.24770 0.55355 -0.56043 184 61 50
-1.24470 0.52432 -0.54837 184 61 50
-1.24359 0.49658 -0.53816 184 61 50
-1.24876 0.46768 -0.52466 184 61 50
-1.24767 0.44034 -0.50844 184 61 50
-1.24847 0.41625 -0.48946 184 61 50
-1.24585 0.38926 -0.46351 184 61 50
-1.24582 0.37241 -0.43858 184 61 50
-1.24307 0.34768 -0.41236 184 61 50
-1.24787 0.33221 -0.37594 184 61 50
-1.24837 0.31833 -0.34406 184 61 50
-1.24628 0.30059 -0.30653 184 61 50
-1.24472 0.29165 -0.25905 184 61 50
-1.24673 0.27898 -0.21240 184 61 50
-1.24805 0.27341 -0.15924 184 61 50
-1.24778 0.27064 -0.09736 184 61 50
-1.24615 0.26778 -0.00274 184 61 50
-1.24739 0.27245 0.09567 184 61 50
-1.24495 0.27230 0.16259 184 61 50
-1.24552 0.28340 0.21509 184 61 50
-1.24598 0.28876 0.25982 184 61 50
-1.24605 0.30170 0.30627 184 61 50
-1.24725 0.31367 0.33980 184 61 50
-1.24759 0.33164 0.38017 184 61 50
-1.24452 0.35108 0.41360 184 61 50
-1.24718 0.36905 0.43744 184 61 50
-1.24433 0.39066 0.46415 184 61 50
-1.24355 0.41361 0.49036 184 61 50
-1.24439 0.43863 0.50834 184 61 50
-1.24309 0.46794 0.52373 184 61 50
-1.24405 0.49348 0.54022 184 61 50
-1.24598 0.52043 0.54891 184 61 50
-1.24333 0.55125 0.55607 184 61 50
-1.24867 0.58295 0.56201 184 61 50
-1.22317 0.64256 0.56861 184 61 50
-1.21841 0.66885 0.56879 184 61 50
-1.21820 0.69710 0.55930 184 61 50
-1.22228 0.72767 0.54897 184 61 50
-1.21849 0.75395 0.53531 184 61 50
-1.21880 0.78152 0.51618 184 61 50
-1.21970 0.80292 0.49365 184 61 50
-1.22032 0.82818 0.47310 184 61 50
-1.22096 0.84941 0.44481 184 61 50
-1.22312 0.86815 0.41660 184 61 50
-1.22203 0.89112 0.38418 184 61 50
-1.21989 0.90293 0.34800 184 61 50
-1.22106 0.91961 0.30726 184 61 50
-1.22311 0.93154 0.26230 184 61 50
-1.21983 0.93579 0.21551 184 61 50
-1.22159 0.94389 0.16517 184 61 50
-1.22378 0.94572 0.09995 184 61 50
-1.21862 0.94748 0.00222 184 61 50
-1.22272 0.94693 -0.10118 184 61 50
-1.22294 0.94505 -0.16042 184 61 50
-1.22056 0.94065 -0.21535 184 61 50
-1.21802 0.92655 -0.26379 184 61 50
-1.21883 0.91707 -0.30723 184 61 50
-1.21785 0.90418 -0.34878 184 61 50
-1.21943 0.88812 -0.38259 184 61 50
-1.22172 0.87079 -0.41874 184 61 50
-1.22043 0.85177 -0.44547 184 61 50
-1.22119 0.82739 -0.47122 184 61 50
-1.21919 0.80751 -0.49348 184 61 50
-1.21877 0.78112 -0.51438 184 61 50
-1.22378 0.75184 -0.53564 184 61 50
-1.22245 0.72441 -0.54695 184 61 50
-1.22384 0.69853 -0.55591 184 61 50
-1.22064 0.66758 -0.56539 184 61 50
-1.22100 0.63745 -0.56844 184 61 50
-1.21862 0.39424 -0.46951 184 61 50
-1.21897 0.37096 -0.44806 184 61 50
-1.21813 0.34904 -0.41569 184 61 50
-1.22217 0.33362 -0.38353 184 61 50
-1.21811 0.31691 -0.34722 184 61 50
-1.21845 0.30268 -0.30901 184 61 50
-1.22333 0.29108 -0.26475 184 61 50
-1.22143 0.28357 -0.21785 184 61 50
-1.22182 0.27687 -0.16364 184 61 50
-1.21911 0.27264 -0.10024 184 61 50
-1.22283 0.26720 -0.00073 184 61 50
-1.22132 0.26886 0.10084 184 61 50
-1.22336 0.27358 0.15980 184 61 50
-1.21961 0.28251 0.21365 184 61 50
-1.22190 0.29279 0.26551 184 61 50
-1.21918 0.30277 0.30575 184 61 50
-1.22235 0.31318 0.34750 184 61 50
-1.21942 0.33183 0.38459 184 61 50
-1.21792 0.35172 0.41441 184 61 50
-1.22170 0.37248 0.44529 184 61 50
-1.22088 0.38864 0.47305 184 61 50
-1.19701 0.63842 0.57742 184 61 50
-1.19800 0.66904 0.57050 184 61 50
-1.19666 0.69846 0.56454 184 61 50
-1.19618 0.72642 0.55346 184 61 50
-1.19873 0.75556 0.53956 184 61 50
-1.19621 0.78240 0.52149 184 61 50
-1.19540 0.80543 0.50268 184 61 50
-1.19296 0.83021 0.47805 184 61 50
-1.19472 0.85043 0.45303 184 61 50
-1.19893 0.86808 0.41966 184 61 50
-1.19426 0.88792 0.39087 184 61 50
-1.19776 0.90183 0.35397 184 61 50
-1.19398 0.91931 0.30998 184 61 50
-1.19833 0.92651 0.27008 184 61 50
-1.19522 0.93884 0.21706 184 61 50
-1.19756 0.94583 0.16401 184 61 50
-1.19711 0.94668 0.09926 184 61 50
-1.19451 0.95181 -0.00255 184 61 50
-1.19424 0.94829 -0.09837 184 61 50
-1.19890 0.94416 -0.16467 184 61 50
-1.19603 0.93968 -0.22187 184 61 50
-1.19360 0.92693 -0.26457 184 61 50
-1.19649 0.91548 -0.31009 184 61 50
-1.19516 0.90514 -0.35344 184 61 50
-1.19583 0.89045 -0.38797 184 61 50
-1.19507 0.86950 -0.42104 184 61 50
-1.19377 0.84843 -0.45434 184 61 50
-1.19478 0.83131 -0.47708 184 61 50
-1.19876 0.80421 -0.50308 184 61 50
-1.19807 0.77852 -0.52350 184 61 50
-1.19411 0.75148 -0.54240 184 61 50
-1.19682 0.72595 -0.55295 184 61 50
-1.19832 0.69720 -0.56546 184 61 50
-1.19696 0.66784 -0.57105 184 61 50
-1.19537 0.64263 -0.57628 184 61 50
-1.19744 0.38999 -0.47658 184 61 50
-1.19550 0.37164 -0.44900 184 61 50
-1.19597 0.34718 -0.42127 184 61 50
-1.19307 0.33230 -0.38661 184 61 50
-1.19765 0.31297 -0.35171 184 61 50
-1.19514 0.30305 -0.31454 184 61 50
-1.19492 0.28914 -0.26640 184 61 50
-1.19830 0.28388 -0.21599 184 61 50
-1.19412 0.27775 -0.16271 184 61 50
-1.19440 0.27244 -0.09731 184 61 50
-1.19412 0.27181 0.00182 184 61 50
-1.19375 0.27319 0.09997 184 61 50
-1.19514 0.27632 0.16454 184 61 50
-1.19337 0.28123 0.21602 184 61 50
-1.19440 0.28786 0.26582 184 61 50
-1.19592 0.29905 0.31236 184 61 50
-1.19567 0.31268 0.34938 184 61 50
-1.19782 0.33161 0.38987 184 61 50
-1.19824 0.34843 0.41925 184 61 50
-1.19535 0.36675 0.45224 184 61 50
-1.19557 0.39431 0.47677 184 61 50
-1.17110 0.64027 0.58646 184 61 50
-1.16911 0.67112 0.58215 184 61 50
-1.17218 0.69868 0.57037 184 61 50
-1.17000 0.72405 0.55793 184 61 50
-1.16880 0.75476 0.54796 184 61 50
-1.17050 0.78059 0.53020 184 61 50
-1.16832 0.80450 0.50675 184 61 50
-1.17149 0.82706 0.48136 184 61 50
-1.16839 0.84922 0.45733 184 61 50
-1.17297 0.86989 0.42671 184 61 50
-1.16863 0.88802 0.39286 184 61 50
-1.17210 0.90502 0.35482 184 61 50
-1.17006 0.92083 0.31714 184 61 50
-1.17145 0.93120 0.27343 184 61 50
-1.16939 0.93899 0.22215 184 61 50
-1.17370 0.94596 0.16395 184 61 50
-1.17122 0.94813 0.10381 184 61 50
-1.17306 0.94864 -0.00179 184 61 50
-1.16830 0.94912 -0.10201 184 61 50
-1.17094 0.94613 -0.16871 184 61 50
-1.16992 0.93677 -0.22244 184 61 50
-1.16901 0.92865 -0.26878 184 61 50
-1.17150 0.91730 -0.31264 184 61 50
-1.17016 0.90435 -0.35760 184 61 50
-1.17251 0.88705 -0.39012 184 61 50
-1.17361 0.87309 -0.42445 184 61 50
-1.16876 0.84854 -0.45670 184 61 50
-1.17350 0.83096 -0.48285 184 61 50
-1.16931 0.80332 -0.50500 184 61 50
-1.16842 0.77917 -0.53023 184 61 50
-1.17278 0.75274 -0.54674 184 61 50
-1.17005 0.72368 -0.56035 184 61 50
-1.16854 0.69709 -0.57380 184 61 50
-1.17348 0.66623 -0.57830 184 61 50
-1.17257 0.63723 -0.58642 184 61 50
-1.17023 0.39374 -0.48066 184 61 50
-1.16824 0.36731 -0.45878 184 61 50
-1.16974 0.34994 -0.42323 184 61 50
-1.16904 0.33282 -0.39228 184 61 50
-1.16920 0.31413 -0.35826 184 61 50
-1.16840 0.29890 -0.31542 184 61 50
-1.17253 0.29060 -0.27350 184 61 50
-1.17263 0.28164 -0.22365 184 61 50
-1.17144 0.27746 -0.16827 184 61 50
-1.16918 0.27019 -0.10229 184 61 50
-1.16823 0.27098 0.00126 184 61 50
-1.16913 0.27374 0.10204 184 61 50
-1.16847 0.27515 0.16451 184 61 50
-1.17329 0.27910 0.21978 184 61 50
-1.17201 0.29270 0.26825 184 61 50
-1.17360 0.30303 0.31573 184 61 50
-1.17164 0.31748 0.35572 184 61 50
-1.16843 0.32877 0.39339 184 61 50
-1.17271 0.34933 0.42726 184 61 50
-1.16836 0.36789 0.45433 184 61 50
-1.16811 0.39431 0.48617 184 61 50
-1.14902 0.64050 0.59302 184 61 50
-1.14398 0.66763 0.58813 184 61 50
-1.14631 0.69916 0.57497 184 61 50
-1.14902 0.72624 0.56540 184 61 50
-1.14657 0.75140 0.55417 184 61 50
-1.14503 0.77742 0.53440 184 61 50
-1.14487 0.80548 0.51470 184 61 50
-1.14328 0.83081 0.48671 184 61 50
-1.14705 0.85131 0.46055 184 61 50
-1.14341 0.87216 0.43166 184 61 50
-1.14886 0.89144 0.39695 184 61 50
-1.14750 0.90595 0.35944 184 61 50
-1.14753 0.91859 0.32063 184 61 50
-1.14808 0.92692 0.27115 184 61 50
-1.14476 0.93662 0.22590 184 61 50
-1.14402 0.94503 0.16872 184 61 50
-1.14636 0.94960 0.10133 184 61 50
-1.14699 0.95046 0.00226 184 61 50
-1.14443 0.94687 -0.09931 184 61 50
-1.14560 0.94606 -0.16942 184 61 50
-1.14442 0.93775 -0.22366 184 61 50
-1.14872 0.93085 -0.27060 184 61 50
-1.14792 0.91680 -0.31811 184 61 50
-1.14614 0.90518 -0.35717 184 61 50
-1.14447 0.88831 -0.39506 184 61 50
-1.14722 0.86782 -0.43296 184 61 50
-1.14637 0.85192 -0.46040 184 61 50
-1.14447 0.83094 -0.49084 184 61 50
-1.14862 0.80298 -0.51289 184 61 50
-1.14776 0.77796 -0.53328 184 61 50
-1.14707 0.75467 -0.55283 184 61 50
-1.14531 0.72540 -0.56428 184 61 50
-1.14793 0.70034 -0.57731 184 61 50
-1.14586 0.66670 -0.58649 184 61 50
-1.14863 0.64025 -0.58797 184 61 50
-1.14335 0.39149 -0.48907 184 61 50
-1.14619 0.37131 -0.45866 184 61 50
-1.14348 0.34981 -0.43044 184 61 50
-1.14424 0.33190 -0.39626 184 61 50
-1.14445 0.31649 -0.36079 184 61 50
-1.14569 0.30098 -0.31893 184 61 50
-1.14828 0.28893 -0.27436 184 61 50
-1.14715 0.28395 -0.22578 184 61 50
-1.14596 0.27523 -0.16821 184 61 50
-1.14329 0.26927 -0.10267 184 61 50
-1.14396 0.26868 0.00298 184 61 50
-1.14814 0.26974 0.09923 184 61 50
-1.14816 0.27440 0.16744 184 61 50
-1.14846 0.28237 0.22209 184 61 50
-1.14585 0.29223 0.27196 184 61 50
-1.14324 0.30276 0.32051 184 61 50
-1.14887 0.31795 0.35642 184 61 50
-1.14554 0.33364 0.39884 184 61 50
-1.14347 0.34774 0.42848 184 61 50
-1.14751 0.37054 0.45899 184 61 50
-1.14508 0.39103 0.48692 184 61 50
-1.11917 0.63975 0.59612 184 61 50
-1.12143 0.66676 0.59342 184 61 50
-1.12203 0.69783 0.58188 184 61 50
-1.12293 0.72838 0.57394 184 61 50
-1.11844 0.75561 0.55636 184 61 50
-1.12193 0.78144 0.53910 184 61 50
-1.11962 0.80328 0.51654 184 61 50
-1.11930 0.82581 0.49408 184 61 50
-1.12402 0.85057 0.46687 184 61 50
-1.11934 0.87225 0.43363 184 61 50
-1.11949 0.88679 0.40295 184 61 50
-1.11937 0.90688 0.36237 184 61 50
-1.12049 0.91539 0.32244 184 61 50
-1.12094 0.92732 0.27756 184 61 50
-1.12126 0.93778 0.22824 184 61 50
-1.12049 0.94723 0.16895 184 61 50
-1.12036 0.94906 0.10451 184 61 50
-1.12031 0.95168 -0.00278 184 61 50
-1.11836 0.94977 -0.10288 184 61 50
-1.12062 0.94296 -0.16946 184 61 50
-1.12098 0.93701 -0.22831 184 61 50
-1.11867 0.93017 -0.27602 184 61 50
-1.11866 0.91808 -0.31928 184 61 50
-1.12071 0.90346 -0.36449 184 61 50
-1.11972 0.88920 -0.40223 184 61 50
-1.12347 0.87104 -0.43410 184 61 50
-1.12112 0.84923 -0.46308 184 61 50
-1.12236 0.82890 -0.49448 184 61 50
-1.12110 0.80600 -0.51894 184 61 50
-1.12391 0.78038 -0.54058 184 61 50
-1.12053 0.75225 -0.55478 184 61 50
-1.12046 0.72653 -0.57364 184 61 50
-1.11827 0.69778 -0.58414 184 61 50
-1.12183 0.66937 -0.58785 184 61 50
-1.12251 0.64171 -0.59617 184 61 50
-1.12103 0.37151 -0.46400 184 61 50
-1.12036 0.34969 -0.43198 184 61 50
-1.12150 0.33294 -0.40014 184 61 50
-1.12048 0.31634 -0.36487 184 61 50
-1.12416 0.30325 -0.32303 184 61 50
-1.11820 0.28952 -0.27515 184 61 50
-1.12067 0.28401 -0.22737 184 61 50
-1.11888 0.27262 -0.17146 184 61 50
-1.12012 0.27374 -0.10006 184 61 50
-1.11997 0.27267 0.00177 184 61 50
-1.12072 0.27102 0.10547 184 61 50
-1.11843 0.27448 0.17125 184 61 50
-1.12252 0.28067 0.22282 184 61 50
-1.11909 0.29117 0.27575 184 61 50
-1.11988 0.29913 0.32188 184 61 50
-1.12357 0.31527 0.36379 184 61 50
-1.11863 0.32883 0.40180 184 61 50
-1.12022 0.34962 0.43436 184 61 50
-1.11966 0.37099 0.46648 184 61 50
-1.09906 0.64166 0.59976 184 61 50
-1.09797 0.66744 0.59740 184 61 50
-1.09639 0.69806 0.58665 184 61 50
-1.09543 0.72751 0.57420 184 61 50
-1.09735 0.75564 0.55908 184 61 50
-1.09847 0.77711 0.54409 184 61 50
-1.09895 0.80798 0.52122 184 61 50
-1.09870 0.82883 0.49870 184 61 50
-1.09883 0.85064 0.47041 184 61 50
-1.09474 0.87242 0.43521 184 61 50
-1.09841 0.89015 0.40155 184 61 50
-1.09342 0.90219 0.36487 184 61 50
-1.09348 0.91581 0.32137 184 61 50
-1.09451 0.92782 0.28070 184 61 50
-1.09657 0.93560 0.22980 184 61 50
-1.09651 0.94761 0.17352 184 61 50
-1.09591 0.95137 0.10168 184 61 50
-1.09371 0.94911 0.00194 184 61 50
-1.09425 0.94783 -0.10145 184 61 50
-1.09897 0.94333 -0.16774 184 61 50
-1.09359 0.94135 -0.22892 184 61 50
-1.09349 0.93233 -0.27821 184 61 50
-1.09395 0.92003 -0.32238 184 61 50
-1.09698 0.90355 -0.36594 184 61 50
-1.09514 0.88625 -0.40478 184 61 50
-1.09446 0.86746 -0.43839 184 61 50
-1.09480 0.84807 -0.46672 184 61 50
-1.09422 0.83107 -0.49947 184 61 50
-1.09871 0.80549 -0.51913 184 61 50
-1.09801 0.78089 -0.54180 184 61 50
-1.09746 0.75536 -0.55998 184 61 50
-1.09920 0.72667 -0.57776 184 61 50
-1.09457 0.69758 -0.58957 184 61 50
-1.09675 0.66676 -0.59453 184 61 50
-1.09525 0.63948 -0.60004 184 61 50
-1.09382 0.36691 -0.47080 184 61 50
-1.09573 0.34740 -0.43856 184 61 50
-1.09606 0.33370 -0.40271 184 61 50
-1.09341 0.31431 -0.36359 184 61 50
-1.09898 0.29964 -0.32446 184 61 50
-1.09478 0.28867 -0.27664 184 61 50
-1.09483 0.28103 -0.22886 184 61 50
-1.09640 0.27318 -0.17133 184 61 50
-1.09732 0.27332 -0.10128 184 61 50
-1.09677 0.27153 -0.00080 184 61 50
-1.09729 0.27247 0.10485 184 61 50
-1.09345 0.27421 0.17369 184 61 50
-1.09516 0.28123 0.22495 184 61 50
-1.09629 0.29000 0.27778 184 61 50
-1.09591 0.29936 0.32374 184 61 50
-1.09609 0.31775 0.36781 184 61 50
-1.09547 0.33392 0.40151 184 61 50
-1.09458 0.34656 0.43796 184 61 50
-1.09750 0.37149 0.47028 184 61 50
-1.07103 0.63791 0.60441 184 61 50
-1.07113 0.67161 0.59838 184 61 50
-1.07198 0.69764 0.59232 184 61 50
-1.07151 0.72389 0.57906 184 61 50
-1.07362 0.75606 0.56494 184 61 50
-1.06979 0.78024 0.54806 184 61 50
-1.07095 0.80605 0.52573 184 61 50
-1.07201 0.82995 0.50229 184 61 50
-1.07040 0.84858 0.47376 184 61 50
-1.07083 0.86905 0.44119 184 61 50
-1.07017 0.88947 0.40710 184 61 50
-1.06961 0.90329 0.36632 184 61 50
-1.06882 0.92065 0.32604 184 61 50
-1.06851 0.93159 0.28038 184 61 50
-1.06982 0.93799 0.22777 184 61 50
-1.06975 0.94752 0.17138 184 61 50
-1.07255 0.94719 0.10652 184 61 50
-1.07366 0.95026 -0.00044 184 61 50
-1.06848 0.94685 -0.10321 184 61 50
-1.07145 0.94574 -0.17453 184 61 50
-1.07189 0.93915 -0.22626 184 61 50
-1.06950 0.93225 -0.28029 184 61 50
-1.06907 0.91822 -0.32746 184 61 50
-1.07012 0.90234 -0.37080 184 61 50
-1.07420 0.88975 -0.40929 184 61 50
-1.07047 0.87028 -0.44368 184 61 50
-1.07086 0.85080 -0.47380 184 61 50
-1.07358 0.82773 -0.50196 184 61 50
-1.07250 0.80445 -0.52268 184 61 50
-1.07429 0.77819 -0.54725 184 61 50
-1.07165 0.75320 -0.56679 184 61 50
-1.07104 0.72571 -0.57899 184 61 50
-1.07226 0.70075 -0.58934 184 61 50
-1.06907 0.66931 -0.60045 184 61 50
-1.07406 0.63913 -0.60588 184 61 50
-1.06936 0.36745 -0.47162 184 61 50
-1.07419 0.34697 -0.43862 184 61 50
-1.07157 0.33023 -0.40385 184 61 50
-1.07197 0.31611 -0.36913 184 61 50
-1.07037 0.30091 -0.32396 184 61 50
-1.07325 0.28832 -0.27720 184 61 50
-1.07059 0.28013 -0.22861 184 61 50
-1.07102 0.27319 -0.17077 184 61 50
-1.07330 0.27038 -0.10699 184 61 50
-1.07376 0.27000 -0.00208 184 61 50
-1.07349 0.27150 0.10480 184 61 50
-1.07132 0.27283 0.17364 184 61 50
-1.07235 0.28066 0.23025 184 61 50
-1.07263 0.29230 0.27791 184 61 50
-1.06982 0.30045 0.32698 184 61 50
-1.07221 0.31693 0.37081 184 61 50
-1.07343 0.32957 0.40356 184 61 50
-1.07068 0.34867 0.44046 184 61 50
-1.07409 0.37257 0.47062 184 61 50
-1.04429 0.63887 0.60755 184 61 50
-1.04501 0.67044 0.60518 184 61 50
-1.04527 0.69878 0.59303 184 61 50
-1.04873 0.72684 0.58470 184 61 50
-1.04811 0.75165 0.56724 184 61 50
-1.04879 0.78222 0.55146 184 61 50
-1.04550 0.80656 0.53120 184 61 50
-1.04877 0.82975 0.50586 184 61 50
-1.04785 0.85213 0.47355 184 61 50
-1.04423 0.87314 0.44560 184 61 50
-1.04849 0.88620 0.40957 184 61 50
-1.04647 0.90627 0.36995 184 61 50
-1.04426 0.91744 0.32741 184 61 50
-1.04544 0.93175 0.28294 184 61 50
-1.04490 0.94129 0.22993 184 61 50
-1.04827 0.94668 0.17399 184 61 50
-1.04519 0.94842 0.10423 184 61 50
-1.04659 0.95150 -0.00216 184 61 50
-1.04596 0.94709 -0.10684 184 61 50
-1.04624 0.94307 -0.17202 184 61 50
-1.04711 0.94055 -0.23047 184 61 50
-1.04536 0.92682 -0.28216 184 61 50
-1.04762 0.91592 -0.32573 184 61 50
-1.04360 0.90630 -0.36933 184 61 50
-1.04479 0.89068 -0.41092 184 61 50
-1.04347 0.86986 -0.44526 184 61 50
-1.04672 0.84825 -0.47442 184 61 50
-1.04537 0.82570 -0.50149 184 61 50
-1.04508 0.80362 -0.52795 184 61 50
-1.04847 0.78218 -0.54853 184 61 50
-1.04941 0.75572 -0.57131 184 61 50
-1.04408 0.72757 -0.58489 184 61 50
-1.04885 0.69844 -0.59427 184 61 50
-1.04645 0.67112 -0.60611 184 61 50
-1.04761 0.64184 -0.61032 184 61 50
-1.04872 0.37017 -0.47662 184 61 50
-1.04902 0.34787 -0.44218 184 61 50
-1.04809 0.33172 -0.41173 184 61 50
-1.04758 0.31828 -0.37089 184 61 50
-1.04874 0.30027 -0.32932 184 61 50
-1.04472 0.29292 -0.28494 184 61 50
-1.04569 0.28405 -0.23188 184 61 50
-1.04871 0.27816 -0.17046 184 61 50
-1.04514 0.27165 -0.10457 184 61 50
-1.04758 0.27252 0.00031 184 61 50
-1.04936 0.27003 0.10640 184 61 50
-1.04431 0.27348 0.17581 184 61 50
-1.04678 0.28445 0.23239 184 61 50
-1.04419 0.29119 0.28263 184 61 50
-1.04635 0.30176 0.33069 184 61 50
-1.04466 0.31471 0.37018 184 61 50
-1.04375 0.32867 0.40734 184 61 50
-1.04657 0.35170 0.44446 184 61 50
-1.04553 0.36947 0.47619 184 61 50
-1.01914 0.64242 0.61281 184 61 50
-1.02296 0.66977 0.60524 184 61 50
-1.02001 0.69864 0.59746 184 61 50
-1.02000 0.72750 0.58824 184 61 50
-1.02115 0.75494 0.57510 184 61 50
-1.01945 0.78181 0.55508 184 61 50
-1.02345 0.80509 0.53378 184 61 50
-1.02350 0.83047 0.50867 184 61 50
-1.01998 0.85219 0.47687 184 61 50
-1.02167 0.86817 0.44850 184 61 50
-1.02094 0.88911 0.41293 184 61 50
-1.02269 0.90231 0.37324 184 61 50
-1.02194 0.91766 0.32968 184 61 50
-1.01898 0.92968 0.28373 184 61 50
-1.02434 0.93551 0.23095 184 61 50
-1.02181 0.94514 0.17488 184 61 50
-1.02304 0.94739 0.10349 184 61 50
-1.02181 0.95225 0.00099 184 61 50
-1.01956 0.95063 -0.10821 184 61 50
-1.02181 0.94189 -0.17550 184 61 50
-1.02075 0.93646 -0.22935 184 61 50
-1.02374 0.93199 -0.28606 184 61 50
-1.02390 0.92030 -0.33137 184 61 50
-1.02355 0.90525 -0.37353 184 61 50
-1.02382 0.88933 -0.41363 184 61 50
-1.01882 0.87306 -0.44657 184 61 50
-1.02140 0.85156 -0.47789 184 61 50
-1.02014 0.82746 -0.50648 184 61 50
-1.02429 0.80590 -0.53212 184 61 50
-1.01989 0.78237 -0.55298 184 61 50
-1.02241 0.75414 -0.57435 184 61 50
-1.02037 0.72890 -0.58608 184 61 50
-1.02159 0.69749 -0.59955 184 61 50
-1.02414 0.66706 -0.60782 184 61 50
-1.01930 0.63976 -0.61404 184 61 50
-1.01931 0.36711 -0.47714 184 61 50
-1.02075 0.34772 -0.44957 184 61 50
-1.02174 0.33345 -0.41362 184 61 50
-1.02418 0.31506 -0.37034 184 61 50
-1.02396 0.30139 -0.32824 184 61 50
-1.02277 0.28869 -0.28323 184 61 50
-1.02358 0.28144 -0.23437 184 61 50
-1.02088 0.27331 -0.17671 184 61 50
-1.02015 0.27143 -0.10344 184 61 50
-1.01911 0.27023 0.00279 184 61 50
-1.02420 0.27239 0.10416 184 61 50
-1.02295 0.27254 0.17550 184 61 50
-1.02442 0.28062 0.23076 184 61 50
-1.02029 0.28913 0.28111 184 61 50
-1.01973 0.30452 0.32982 184 61 50
-1.02185 0.31758 0.37525 184 61 50
-1.02312 0.32972 0.41283 184 61 50
-1.02259 0.34929 0.44856 184 61 50
-1.02110 0.36795 0.48163 184 61 50
-0.99832 0.63833 0.61542 184 61 50
-0.99571 0.66844 0.61375 184 61 50
-0.99606 0.69696 0.60552 184 61 50
-0.99536 0.72368 0.59192 184 61 50
-0.99649 0.75396 0.57447 184 61 50
-0.99772 0.77869 0.55630 184 61 50
-0.99506 0.80486 0.53331 184 61 50
-0.99869 0.82685 0.50850 184 61 50
-0.99486 0.85128 0.48161 184 61 50
-0.99570 0.87332 0.45226 184 61 50
-0.99400 0.88636 0.41178 184 61 50
-0.99549 0.90687 0.37499 184 61 50
-0.99469 0.91533 0.33390 184 61 50
-0.99452 0.93038 0.28626 184 61 50
-0.99410 0.93866 0.23064 184 61 50
-0.99363 0.94530 0.17449 184 61 50
-0.99388 0.94685 0.10721 184 61 50
-0.99905 0.94874 0.00261 184 61 50
-0.99793 0.94729 -0.10459 184 61 50
-0.99630 0.94358 -0.17368 184 61 50
-0.99585 0.93742 -0.23451 184 61 50
-0.99609 0.92732 -0.28304 184 61 50
-0.99484 0.91952 -0.33429 184 61 50
-0.99791 0.90501 -0.37803 184 61 50
-0.99859 0.88629 -0.41351 184 61 50
-0.99724 0.87097 -0.45021 184 61 50
-0.99860 0.85167 -0.48413 184 61 50
-0.99910 0.82564 -0.51062 184 61 50
-0.99386 0.80505 -0.53369 184 61 50
-0.99901 0.78128 -0.55626 184 61 50
-0.99909 0.75618 -0.57553 184 61 50
-0.99888 0.72389 -0.59140 184 61 50
-0.99446 0.69812 -0.60461 184 61 50
-0.99802 0.66805 -0.61306 184 61 50
-0.99617 0.64047 -0.61885 184 61 50
-0.99386 0.36662 -0.48064 184 61 50
-0.99363 0.34827 -0.45072 184 61 50
-0.99532 0.33238 -0.41721 184 61 50
-0.99568 0.31536 -0.37325 184 61 50
-0.99669 0.30285 -0.33025 184 61 50
-0.99464 0.29329 -0.28559 184 61 50
-0.99583 0.28107 -0.23654 184 61 50
-0.99753 0.27247 -0.17479 184 61 50
-0.99553 0.27140 -0.10702 184 61 50
-0.99641 0.27184 0.00109 184 61 50
-0.99692 0.27261 0.10960 184 61 50
-0.99394 0.27779 0.17607 184 61 50
-0.99870 0.28329 0.23122 184 61 50
-0.99533 0.28923 0.28260 184 61 50
-0.99611 0.30061 0.33344 184 61 50
-0.99576 0.31537 0.37536 184 61 50
-0.99644 0.33045 0.41704 184 61 50
-0.99719 0.34814 0.44681 184 61 50
-0.99391 0.36891 0.47951 184 61 50
-0.97208 0.64110 0.61871 184 61 50
-0.97090 0.66639 0.61673 184 61 50
-0.97226 0.69641 0.60776 184 61 50
-0.97282 0.72464 0.59549 184 61 50
-0.97250 0.75447 0.57688 184 61 50
-0.97177 0.78247 0.55763 184 61 50
-0.96916 0.80575 0.54049 184 61 50
-0.97209 0.83153 0.51535 184 61 50
-0.97430 0.85258 0.48148 184 61 50
-0.97397 0.86978 0.45039 184 61 50
-0.97166 0.88643 0.41404 184 61 50
-0.97443 0.90406 0.37937 184 61 50
-0.97104 0.91615 0.33711 184 61 50
-0.97355 0.93034 0.28817 184 61 50
-0.97275 0.93710 0.23223 184 61 50
-0.97097 0.94751 0.17337 184 61 50
-0.97059 0.94873 0.10756 184 61 50
-0.97217 0.94794 -0.00236 184 61 50
-0.97024 0.94976 -0.10693 184 61 50
-0.96882 0.94364 -0.17759 184 61 50
-0.97422 0.93724 -0.23459 184 61 50
-0.96959 0.93228 -0.28806 184 61 50
-0.97349 0.91981 -0.33315 184 61 50
-0.97065 0.90680 -0.38007 184 61 50
-0.97185 0.89045 -0.41821 184 61 50
-0.96935 0.87002 -0.45115 184 61 50
-0.97214 0.84991 -0.48159 184 61 50
-0.97334 0.82885 -0.51514 184 61 50
-0.97140 0.80523 -0.53836 184 61 50
-0.97349 0.78058 -0.56096 184 61 50
-0.96907 0.75354 -0.57621 184 61 50
-0.97388 0.72885 -0.59353 184 61 50
-0.97228 0.69851 -0.60357 184 61 50
-0.97244 0.66674 -0.61351 184 61 50
-0.96942 0.64054 -0.62169 184 61 50
-0.97023 0.36921 -0.48688 184 61 50
-0.97298 0.34845 -0.45226 184 61 50
-0.97207 0.33273 -0.41518 184 61 50
-0.97379 0.31399 -0.37884 184 61 50
-0.96949 0.30347 -0.33652 184 61 50
-0.97081 0.29266 -0.28960 184 61 50
-0.97379 0.27974 -0.23690 184 61 50
-0.96947 0.27224 -0.17749 184 61 50
-0.97303 0.27395 -0.10735 184 61 50
-0.97175 0.27157 -0.00257 184 61 50
-0.97382 0.26894 0.11014 184 61 50
-0.97393 0.27299 0.17888 184 61 50
-0.96881 0.28429 0.23775 184 61 50
-0.97443 0.29178 0.28666 184 61 50
-0.96958 0.30400 0.33472 184 61 50
-0.97432 0.31359 0.37611 184 61 50
-0.97290 0.33418 0.41457 184 61 50
-0.97024 0.34840 0.45374 184 61 50
-0.97320 0.36922 0.48212 184 61 50
-0.94824 0.63733 0.62264 184 61 50
-0.94507 0.66608 0.61545 184 61 50
-0.94667 0.70034 0.60707 184 61 50
-0.94725 0.72770 0.59688 184 61 50
-0.94716 0.75386 0.58020 184 61 50
-0.94417 0.77960 0.56380 184 61 50
-0.94726 0.80460 0.54313 184 61 50
-0.94415 0.82769 0.51781 184 61 50
-0.94691 0.85160 0.48474 184 61 50
-0.94548 0.87139 0.45428 184 61 50
-0.94665 0.88855 0.41975 184 61 50
-0.94957 0.90182 0.38078 184 61 50
-0.94533 0.92049 0.33291 184 61 50
-0.94429 0.93045 0.28843 184 61 50
-0.94883 0.93725 0.23548 184 61 50
-0.94611 0.94618 0.17443 184 61 50
-0.94554 0.94965 0.10640 184 61 50
-0.94810 0.95298 -0.00098 184 61 50
-0.94695 0.95008 -0.10656 184 61 50
-0.94949 0.94707 -0.17803 184 61 50
-0.94424 0.93650 -0.23709 184 61 50
-0.94676 0.92863 -0.29111 184 61 50
-0.94816 0.91824 -0.33800 184 61 50
-0.94487 0.90620 -0.38176 184 61 50
-0.94811 0.88984 -0.41731 184 61 50
-0.94386 0.87159 -0.45285 184 61 50
-0.94863 0.85025 -0.48391 184 61 50
-0.94419 0.82665 -0.51700 184 61 50
-0.94637 0.80261 -0.54005 184 61 50
-0.94714 0.78247 -0.56268 184 61 50
-0.94861 0.75505 -0.58232 184 61 50
-0.94869 0.72563 -0.59828 184 61 50
-0.94745 0.69649 -0.61091 184 61 50
-0.94807 0.66693 -0.62028 184 61 50
-0.94771 0.63710 -0.62376 184 61 50
-0.94855 0.36771 -0.48742 184 61 50
-0.94776 0.35154 -0.45608 184 61 50
-0.94454 0.33185 -0.41669 184 61 50
-0.94421 0.31483 -0.38137 184 61 50
-0.94765 0.29959 -0.33462 184 61 50
-0.94664 0.29302 -0.29045 184 61 50
-0.94672 0.28293 -0.23687 184 61 50
-0.94456 0.27222 -0.17522 184 61 50
-0.94749 0.27091 -0.10628 184 61 50
-0.94738 0.27137 0.00195 184 61 50
-0.94797 0.27170 0.10772 184 61 50
-0.94698 0.27444 0.17849 184 61 50
-0.94413 0.28180 0.23355 184 61 50
-0.94439 0.29004 0.28922 184 61 50
-0.94494 0.30419 0.33789 184 61 50
-0.94721 0.31575 0.37786 184 61 50
-0.94440 0.32867 0.41611 184 61 50
-0.94449 0.35246 0.45709 184 61 50
-0.94673 0.36908 0.48775 184 61 50
-0.92343 0.64130 0.62339 184 61 50
-0.92219 0.66800 0.62107 184 61 50
-0.91944 0.69585 0.60993 184 61 50
-0.92436 0.72592 0.59851 184 61 50
-0.91991 0.75314 0.58514 184 61 50
-0.92455 0.78182 0.56350 184 61 50
-0.92311 0.80411 0.54384 184 61 50
-0.92185 0.82555 0.51640 184 61 50
-0.92160 0.85020 0.48956 184 61 50
-0.92366 0.87057 0.45480 184 61 50
-0.92167 0.89060 0.42300 184 61 50
-0.91926 0.90541 0.38104 184 61 50
-0.92207 0.91860 0.33756 184 61 50
-0.91915 0.92958 0.28787 184 61 50
-0.91905 0.94012 0.23473 184 61 50
-0.92214 0.94666 0.17691 184 61 50
-0.91890 0.95083 0.10994 184 61 50
-0.92297 0.95090 -0.00224 184 61 50
-0.91993 0.94799 -0.10913 184 61 50
-0.92136 0.94504 -0.17595 184 61 50
-0.92020 0.94050 -0.23739 184 61 50
-0.92223 0.92668 -0.29057 184 61 50
-0.92181 0.91621 -0.33826 184 61 50
-0.92109 0.90204 -0.37999 184 61 50
-0.91919 0.88894 -0.42097 184 61 50
-0.92125 0.87325 -0.45910 184 61 50
-0.92312 0.84944 -0.49015 184 61 50
-0.91989 0.83104 -0.51949 184 61 50
-0.92093 0.80553 -0.54324 184 61 50
-0.92467 0.78012 -0.56760 184 61 50
-0.92359 0.75076 -0.58494 184 61 50
-0.92288 0.72402 -0.59691 184 61 50
-0.91920 0.69586 -0.61184 184 61 50
-0.92174 0.66965 -0.61830 184 61 50
-0.92260 0.64122 -0.62360 184 61 50
-0.91907 0.37092 -0.49076 184 61 50
-0.91947 0.34894 -0.45573 184 61 50
-0.91968 0.33228 -0.41771 184 61 50
-0.92178 0.31294 -0.37980 184 61 50
-0.91983 0.30048 -0.33578 184 61 50
-0.92397 0.29160 -0.29147 184 61 50
-0.92420 0.28321 -0.23420 184 61 50
-0.91961 0.27721 -0.17840 184 61 50
-0.92045 0.26906 -0.10587 184 61 50
-0.92098 0.27196 -0.00222 184 61 50
-0.92113 0.27245 0.10715 184 61 50
-0.92230 0.27271 0.17944 184 61 50
-0.92282 0.28029 0.23644 184 61 50
-0.92014 0.29095 0.29137 184 61 50
-0.91923 0.30458 0.33929 184 61 50
-0.92262 0.31595 0.38150 184 61 50
-0.92330 0.33291 0.42241 184 61 50
-0.91995 0.34670 0.45404 184 61 50
-0.92199 0.37191 0.48927 184 61 50
-0.89409 0.63968 0.62800 184 61 50
-0.89471 0.66865 0.62410 184 61 50
-0.89647 0.69600 0.61399 184 61 50
-0.89980 0.72381 0.60036 184 61 50
-0.89579 0.75340 0.58467 184 61 50
-0.89409 0.78171 0.56522 184 61 50
-0.89668 0.80475 0.54279 184 61 50
-0.89972 0.82823 0.51786 184 61 50
-0.89615 0.84795 0.49207 184 61 50
-0.89839 0.87176 0.45740 184 61 50
-0.89886 0.88828 0.42174 184 61 50
-0.89525 0.90594 0.38392 184 61 50
-0.89803 0.91634 0.34056 184 61 50
-0.89648 0.92842 0.29225 184 61 50
-0.89626 0.93887 0.23971 184 61 50
-0.89837 0.94687 0.17590 184 61 50
-0.89536 0.94956 0.10762 184 61 50
-0.89966 0.94718 -0.00086 184 61 50
-0.89624 0.95044 -0.10699 184 61 50
-0.89415 0.94389 -0.17901 184 61 50
-0.89483 0.93782 -0.23942 184 61 50
-0.89425 0.92884 -0.29116 184 61 50
-0.89452 0.91827 -0.33844 184 61 50
-0.89740 0.90719 -0.38421 184 61 50
-0.89963 0.88976 -0.42453 184 61 50
-0.89728 0.86967 -0.45929 184 61 50
-0.89557 0.85049 -0.49189 184 61 50
-0.89640 0.82730 -0.51829 184 61 50
-0.89738 0.80331 -0.54765 184 61 50
-0.89931 0.77841 -0.56610 184 61 50
-0.89502 0.75545 -0.58495 184 61 50
-0.89980 0.72508 -0.59969 184 61 50
-0.89423 0.69644 -0.61296 184 61 50
-0.89840 0.66609 -0.62549 184 61 50
-0.89635 0.64084 -0.62738 184 61 50
-0.89463 0.34789 -0.45798 184 61 50
-0.89895 0.32887 -0.41926 184 61 50
-0.89915 0.31534 -0.38115 184 61 50
-0.89553 0.30460 -0.34034 184 61 50
-0.89544 0.28850 -0.29084 184 61 50
-0.89927 0.28036 -0.23654 184 61 50
-0.89496 0.27635 -0.18114 184 61 50
-0.89397 0.27325 -0.10567 184 61 50
-0.89858 0.26794 -0.00236 184 61 50
-0.89629 0.27015 0.10598 184 61 50
-0.89927 0.27370 0.17554 184 61 50
-0.89741 0.28046 0.23959 184 61 50
-0.89755 0.29255 0.29117 184 61 50
-0.89502 0.30319 0.33882 184 61 50
-0.89407 0.31758 0.38448 184 61 50
-0.89508 0.33116 0.42186 184 61 50
-0.89954 0.35066 0.46068 184 61 50
-0.87412 0.64235 0.63019 184 61 50
-0.87455 0.66927 0.62685 184 61 50
-0.87203 0.69857 0.61598 184 61 50
-0.87012 0.72798 0.60383 184 61 50
-0.87239 0.75573 0.58644 184 61 50
-0.86944 0.78107 0.56959 184 61 50
-0.87207 0.80735 0.54774 184 61 50
-0.86971 0.82662 0.52390 184 61 50
-0.87213 0.84931 0.48977 184 61 50
-0.86937 0.86852 0.46206 184 61 50
-0.86986 0.88945 0.42204 184 61 50
-0.86994 0.90629 0.38448 184 61 50
-0.86994 0.91600 0.33819 184 61 50
-0.87346 0.92951 0.29360 184 61 50
-0.87209 0.94115 0.23736 184 61 50
-0.87432 0.94753 0.18047 184 61 50
-0.87488 0.95005 0.10656 184 61 50
-0.87246 0.94799 -0.00213 184 61 50
-0.87433 0.94663 -0.11079 184 61 50
-0.87350 0.94351 -0.18030 184 61 50
-0.86982 0.94122 -0.24144 184 61 50
-0.87002 0.93133 -0.29443 184 61 50
-0.87091 0.91865 -0.34268 184 61 50
-0.87448 0.90421 -0.38341 184 61 50
-0.87282 0.88676 -0.42378 184 61 50
-0.87492 0.87230 -0.46249 184 61 50
-0.87486 0.84886 -0.49421 184 61 50
-0.87103 0.82736 -0.52094 184 61 50
-0.87073 0.80321 -0.54794 184 61 50
-0.87061 0.78000 -0.57063 184 61 50
-0.87003 0.75403 -0.58753 184 61 50
-0.86919 0.72628 -0.60602 184 61 50
-0.87078 0.69604 -0.61606 184 61 50
-0.86971 0.67150 -0.62776 184 61 50
-0.86932 0.63810 -0.62748 184 61 50
-0.87193 0.35194 -0.46140 184 61 50
-0.87244 0.33416 -0.42355 184 61 50
-0.87375 0.31306 -0.38116 184 61 50
-0.86905 0.29993 -0.34053 184 61 50
-0.87087 0.28973 -0.28999 184 61 50
-0.87330 0.27920 -0.24073 184 61 50
-0.87000 0.27798 -0.18160 184 61 50
-0.87342 0.27050 -0.11200 184 61 50
-0.86919 0.26822 0.00156 184 61 50
-0.87314 0.26968 0.11176 184 61 50
-0.87137 0.27725 0.18043 184 61 50
-0.86911 0.28438 0.23908 184 61 50
-0.86965 0.28802 0.28964 184 61 50
-0.87006 0.30026 0.34014 184 61 50
-0.87355 0.31468 0.38091 184 61 50
-0.87006 0.33067 0.42448 184 61 50
-0.86971 0.35041 0.45821 184 61 50
-0.84790 0.64073 0.63384 184 61 50
-0.84826 0.66628 0.62906 184 61 50
-0.84533 0.69700 0.62004 184 61 50
-0.84490 0.72655 0.60335 184 61 50
-0.84430 0.75222 0.58851 184 61 50
-0.84420 0.78001 0.56904 184 61 50
-0.84782 0.80342 0.55129 184 61 50
-0.84582 0.82641 0.52338 184 61 50
-0.84572 0.84872 0.49224 184 61 50
-0.84610 0.86790 0.46371 184 61 50
-0.84984 0.88723 0.42697 184 61 50
-0.84722 0.90581 0.38718 184 61 50
-0.84585 0.92105 0.34240 184 61 50
-0.84787 0.92706 0.29042 184 61 50
-0.84998 0.94085 0.23726 184 61 50
-0.84726 0.94356 0.18037 184 61 50
-0.84940 0.95008 0.11068 184 61 50
-0.84440 0.95125 0.00019 184 61 50
-0.84764 0.94631 -0.10917 184 61 50
-0.84935 0.94712 -0.18250 184 61 50
-0.84506 0.93579 -0.24144 184 61 50
-0.84943 0.92805 -0.29436 184 61 50
-0.84640 0.92071 -0.34103 184 61 50
-0.84609 0.90462 -0.38639 184 61 50
-0.84855 0.89017 -0.42275 184 61 50
-0.84846 0.86882 -0.46018 184 61 50
-0.84970 0.84751 -0.49313 184 61 50
-0.84621 0.82978 -0.52501 184 61 50
-0.84779 0.80586 -0.54911 184 61 50
-0.84881 0.78146 -0.57326 184 61 50
-0.84855 0.75160 -0.59059 184 61 50
-0.84875 0.72548 -0.60752 184 61 50
-0.84813 0.69664 -0.61959 184 61 50
-0.84686 0.66990 -0.62892 184 61 50
-0.84938 0.64216 -0.62987 184 61 50
-0.84831 0.34982 -0.45833 184 61 50
-0.84988 0.32887 -0.42338 184 61 50
-0.84436 0.31322 -0.38264 184 61 50
-0.84600 0.30140 -0.34349 184 61 50
-0.84746 0.29068 -0.29512 184 61 50
-0.84774 0.27960 -0.23828 184 61 50
-0.84786 0.27738 -0.18140 184 61 50
-0.84977 0.26854 -0.10695 184 61 50
-0.84620 0.27042 -0.00181 184 61 50
-0.84655 0.27167 0.11226 184 61 50
-0.84531 0.27774 0.17997 184 61 50
-0.84576 0.28022 0.23979 184 61 50
-0.84466 0.28857 0.29087 184 61 50
-0.84503 0.29973 0.34274 184 61 50
-0.84974 0.31805 0.38606 184 61 50
-0.84915 0.33225 0.42286 184 61 50
-0.84680 0.35236 0.46103 184 61 50
-0.82283 0.64225 0.63219 184 61 50
-0.82318 0.67173 0.62909 184 61 50
-0.82077 0.69854 0.61995 184 61 50
-0.82242 0.72376 0.60704 184 61 50
-0.82017 0.75247 0.58989 184 61 50
-0.82228 0.77746 0.57439 184 61 50
-0.81937 0.80586 0.55303 184 61 50
-0.82483 0.82635 0.52512 184 61 50
-0.82060 0.84889 0.49393 184 61 50
-0.82385 0.86924 0.46297 184 61 50
-0.82489 0.88750 0.42724 184 61 50
-0.82450 0.90622 0.38506 184 61 50
-0.82087 0.92006 0.33901 184 61 50
-0.82477 0.92717 0.29582 184 61 50
-0.82093 0.93807 0.24291 184 61 50
-0.82294 0.94693 0.18177 184 61 50
-0.82250 0.94869 0.11162 184 61 50
-0.82439 0.95101 -0.00219 184 61 50
-0.82285 0.94683 -0.11176 184 61 50
-0.81923 0.94710 -0.18205 184 61 50
-0.82227 0.93962 -0.23923 184 61 50
-0.82094 0.92915 -0.29117 184 61 50
-0.82086 0.91803 -0.33979 184 61 50
-0.82050 0.90431 -0.38650 184 61 50
-0.82493 0.88750 -0.42760 184 61 50
-0.82116 0.87048 -0.45963 184 61 50
-0.82324 0.84911 -0.49282 184 61 50
-0.82355 0.82584 -0.52374 184 61 50
-0.82396 0.80444 -0.54813 184 61 50
-0.82096 0.77899 -0.57611 184 61 50
-0.81972 0.75657 -0.59098 184 61 50
-0.82167 0.72417 -0.60889 184 61 50
-0.82253 0.69925 -0.61945 184 61 50
-0.82324 0.66717 -0.62837 184 61 50
-0.82096 0.64180 -0.63651 184 61 50
-0.82445 0.34890 -0.46117 184 61 50
-0.82248 0.33185 -0.42732 184 61 50
-0.82089 0.31301 -0.38725 184 61 50
-0.82413 0.30260 -0.34434 184 61 50
-0.82488 0.29316 -0.29515 184 61 50
-0.82355 0.28218 -0.23981 184 61 50
-0.82280 0.27354 -0.18013 184 61 50
-0.82464 0.27411 -0.10847 184 61 50
-0.82138 0.27023 0.00263 184 61 50
-0.82064 0.27221 0.11180 184 61 50
-0.82109 0.27331 0.17837 184 61 50
-0.82006 0.28005 0.23761 184 61 50
-0.82317 0.28805 0.29190 184 61 50
-0.82324 0.30287 0.34128 184 61 50
-0.81946 0.31522 0.38305 184 61 50
-0.82399 0.32939 0.42784 184 61 50
-0.82058 0.35167 0.46536 184 61 50
-0.80004 0.64084 0.63397 184 61 50
-0.79567 0.66964 0.62743 184 61 50
-0.79935 0.69809 0.61886 184 61 50
-0.79769 0.72415 0.60699 184 61 50
-0.80028 0.75650 0.59555 184 61 50
-0.79581 0.77795 0.57333 184 61 50
-0.79823 0.80278 0.55029 184 61 50
-0.79859 0.82932 0.52310 184 61 50
-0.80004 0.85317 0.49650 184 61 50
-0.79849 0.87239 0.46196 184 61 50
-0.79675 0.88930 0.42854 184 61 50
-0.79969 0.90250 0.38943 184 61 50
-0.79583 0.91885 0.34531 184 61 50
-0.79937 0.92879 0.29693 184 61 50
-0.79520 0.93835 0.24092 184 61 50
-0.79623 0.94341 0.17806 184 61 50
-0.79571 0.94923 0.10748 184 61 50
-0.79611 0.94795 0.00287 184 61 50
-0.79774 0.95170 -0.11210 184 61 50
-0.79543 0.94758 -0.18129 184 61 50
-0.79744 0.93841 -0.24225 184 61 50
-0.79953 0.92651 -0.29437 184 61 50
-0.79715 0.91743 -0.34532 184 61 50
-0.79955 0.90415 -0.38631 184 61 50
-0.79481 0.88764 -0.42526 184 61 50
-0.79776 0.87270 -0.46330 184 61 50
-0.79964 0.85297 -0.49678 184 61 50
-0.79622 0.82649 -0.52700 184 61 50
-0.80003 0.80765 -0.55108 184 61 50
-0.79958 0.78281 -0.57248 184 61 50
-0.79987 0.75186 -0.59125 184 61 50
-0.79780 0.72555 -0.60703 184 61 50
-0.79829 0.69691 -0.62012 184 61 50
-0.79484 0.66845 -0.62874 184 61 50
-0.79603 0.63845 -0.63855 184 61 50
-0.79787 0.34968 -0.46615 184 61 50
-0.79640 0.33086 -0.42911 184 61 50
-0.80011 0.31544 -0.38614 184 61 50
-0.79708 0.30034 -0.34204 184 61 50
-0.79493 0.29290 -0.29463 184 61 50
-0.79763 0.28167 -0.24279 184 61 50
-0.79728 0.27523 -0.18123 184 61 50
-0.79812 0.27011 -0.11213 184 61 50
-0.79907 0.26738 0.00242 184 61 50
-0.79859 0.26920 0.10705 184 61 50
-0.79947 0.27325 0.18152 184 61 50
-0.79584 0.28146 0.23995 184 61 50
-0.79795 0.29189 0.29414 184 61 50
-0.79626 0.30271 0.34281 184 61 50
-0.79792 0.31558 0.38805 184 61 50
-0.79615 0.32879 0.42570 184 61 50
-0.79575 0.34803 0.46367 184 61 50
-0.77431 0.64262 0.63727 184 61 50
-0.77519 0.66803 0.63089 184 61 50
-0.77098 0.69579 0.62430 184 61 50
-0.77441 0.72710 0.60924 184 61 50
-0.76998 0.75522 0.59355 184 61 50
-0.77197 0.77946 0.57701 184 61 50
-0.77383 0.80399 0.55449 184 61 50
-0.77456 0.82665 0.52685 184 61 50
-0.77404 0.85293 0.49543 184 61 50
-0.77198 0.86755 0.46328 184 61 50
-0.77420 0.88818 0.42924 184 61 50
-0.77040 0.90513 0.38855 184 61 50
-0.77000 0.92081 0.34589 184 61 50
-0.77104 0.92742 0.29629 184 61 50
-0.76940 0.93694 0.24209 184 61 50
-0.77090 0.94668 0.18093 184 61 50
-0.77284 0.95043 0.10814 184 61 50
-0.77070 0.94886 -0.00033 184 61 50
-0.76986 0.94771 -0.10915 184 61 50
-0.77347 0.94236 -0.18109 184 61 50
-0.77084 0.93559 -0.23883 184 61 50
-0.77402 0.93109 -0.29269 184 61 50
-0.77147 0.92093 -0.34618 184 61 50
-0.77379 0.90189 -0.38979 184 61 50
-0.77346 0.88578 -0.42542 184 61 50
-0.77031 0.87036 -0.46231 184 61 50
-0.77409 0.84792 -0.49857 184 61 50
-0.77064 0.82608 -0.52911 184 61 50
-0.77338 0.80350 -0.55175 184 61 50
-0.77514 0.78031 -0.57594 184 61 50
-0.77411 0.75257 -0.59304 184 61 50
-0.77194 0.72413 -0.61245 184 61 50
-0.77271 0.69735 -0.62184 184 61 50
-0.76938 0.66713 -0.63470 184 61 50
-0.77322 0.63686 -0.63641 184 61 50
-0.77187 0.34924 -0.46246 184 61 50
-0.77126 0.33410 -0.42744 184 61 50
-0.77140 0.31428 -0.38831 184 61 50
-0.77326 0.30218 -0.34404 184 61 50
-0.77116 0.29084 -0.29246 184 61 50
-0.77094 0.28143 -0.24199 184 61 50
-0.77244 0.27584 -0.18397 184 61 50
-0.77517 0.26998 -0.11038 184 61 50
-0.77444 0.27289 -0.00279 184 61 50
-0.77232 0.26962 0.10992 184 61 50
-0.77497 0.27465 0.18136 184 61 50
-0.77014 0.27874 0.24380 184 61 50
-0.77077 0.29020 0.29546 184 61 50
-0.77532 0.30229 0.34507 184 61 50
-0.77237 0.31695 0.38705 184 61 50
-0.77081 0.33044 0.42570 184 61 50
-0.77530 0.35060 0.46707 184 61 50
-0.74704 0.64089 0.64111 184 61 50
-0.74663 0.66728 0.63173 184 61 50
-0.74970 0.70004 0.62698 184 61 50
-0.74507 0.72758 0.61456 184 61 50
-0.74837 0.75242 0.59413 184 61 50
-0.74988 0.77966 0.57558 184 61 50
-0.74841 0.80686 0.55536 184 61 50
-0.74659 0.83083 0.53057 184 61 50
-0.74954 0.84844 0.49838 184 61 50
-0.74982 0.87332 0.46793 184 61 50
-0.74765 0.88894 0.43006 184 61 50
-0.74934 0.90268 0.38923 184 61 50
-0.74694 0.91654 0.34451 184 61 50
-0.74948 0.93109 0.29808 184 61 50
-0.74870 0.93640 0.24038 184 61 50
-0.74759 0.94479 0.18432 184 61 50
-0.74751 0.94708 0.11242 184 61 50
-0.74750 0.94855 -0.00270 184 61 50
-0.74633 0.95139 -0.10899 184 61 50
-0.74673 0.94729 -0.18047 184 61 50
-0.74615 0.93970 -0.24172 184 61 50
-0.74843 0.92671 -0.29702 184 61 50
-0.74876 0.91712 -0.34142 184 61 50
-0.74568 0.90232 -0.38967 184 61 50
-0.74925 0.88578 -0.42863 184 61 50
-0.75022 0.87340 -0.46708 184 61 50
-0.74779 0.85059 -0.50076 184 61 50
-0.75034 0.82642 -0.52581 184 61 50
-0.74838 0.80454 -0.55633 184 61 50
-0.74476 0.77755 -0.57855 184 61 50
-0.74702 0.75317 -0.59463 184 61 50
-0.74632 0.72563 -0.61185 184 61 50
-0.74607 0.69506 -0.62396 184 61 50
-0.74957 0.67027 -0.63475 184 61 50
-0.74620 0.63903 -0.63987 184 61 50
-0.74462 0.35105 -0.46633 184 61 50
-0.74974 0.32919 -0.43195 184 61 50
-0.74468 0.31532 -0.39015 184 61 50
-0.74774 0.30126 -0.34510 184 61 50
-0.74457 0.29288 -0.29768 184 61 50
-0.74572 0.28117 -0.24408 184 61 50
-0.74853 0.27647 -0.18258 184 61 50
-0.74927 0.27345 -0.10996 184 61 50
-0.74579 0.26861 0.00134 184 61 50
-0.74946 0.27022 0.11237 184 61 50
-0.74504 0.27544 0.18113 184 61 50
-0.74641 0.28354 0.23973 184 61 50
-0.74939 0.29125 0.29312 184 61 50
-0.74577 0.30013 0.34660 184 61 50
-0.74986 0.31444 0.39150 184 61 50
-0.74559 0.32912 0.43143 184 61 50
-0.74817 0.34732 0.46665 184 61 50
-0.72235 0.63665 0.64104 184 61 50
-0.72073 0.67091 0.63371 184 61 50
-0.72015 0.69781 0.62354 184 61 50
-0.72316 0.72342 0.61616 184 61 50
-0.72401 0.75403 0.59858 184 61 50
-0.71959 0.78264 0.57655 184 61 50
-0.72509 0.80754 0.55305 184 61 50
-0.72370 0.83061 0.52923 184 61 50
-0.72181 0.84898 0.49751 184 61 50
-0.72472 0.87330 0.46603 184 61 50
-0.72481 0.88575 0.42745 184 61 50
-0.72369 0.90273 0.39125 184 61 50
-0.72355 0.91897 0.34567 184 61 50
-0.72301 0.92877 0.29926 184 61 50
-0.72211 0.93761 0.23978 184 61 50
-0.72192 0.94298 0.18122 184 61 50
-0.72175 0.94582 0.11109 184 61 50
-0.72097 0.94814 -0.00284 184 61 50
-0.72480 0.95091 -0.11256 184 61 50
-0.72511 0.94290 -0.18346 184 61 50
-0.72468 0.93718 -0.23965 184 61 50
-0.72158 0.93222 -0.29456 184 61 50
-0.72325 0.91790 -0.34295 184 61 50
-0.72089 0.90386 -0.39180 184 61 50
-0.71957 0.88975 -0.42848 184 61 50
-0.72044 0.86889 -0.46706 184 61 50
-0.72017 0.85094 -0.50195 184 61 50
-0.72392 0.83122 -0.53226 184 61 50
-0.72388 0.80634 -0.55829 184 61 50
-0.72093 0.78121 -0.57629 184 61 50
-0.72243 0.75593 -0.59859 184 61 50
-0.72120 0.72540 -0.61579 184 61 50
-0.72071 0.70071 -0.62644 184 61 50
-0.72057 0.67034 -0.63231 184 61 50
-0.72505 0.64159 -0.64239 184 61 50
-0.72040 0.35124 -0.46645 184 61 50
-0.72434 0.32940 -0.43130 184 61 50
-0.72240 0.31597 -0.38798 184 61 50
-0.72332 0.30253 -0.34612 184 61 50
-0.72144 0.29196 -0.29841 184 61 50
-0.72392 0.28018 -0.24433 184 61 50
-0.72364 0.27348 -0.18451 184 61 50
-0.72301 0.27365 -0.11143 184 61 50
-0.72506 0.26924 -0.00270 184 61 50
-0.72126 0.27157 0.11303 184 61 50
-0.72332 0.27577 0.18351 184 61 50
-0.72474 0.28285 0.24175 184 61 50
-0.72460 0.28927 0.29761 184 61 50
-0.72473 0.30324 0.34684 184 61 50
-0.72515 0.31572 0.39081 184 61 50
-0.72445 0.33126 0.43199 184 61 50
-0.72293 0.34666 0.46568 184 61 50
-0.69838 0.63832 0.63854 184 61 50
-0.69853 0.66675 0.63493 184 61 50
-0.69911 0.70045 0.62917 184 61 50
-0.69548 0.72886 0.61423 184 61 50
-0.69982 0.75482 0.60002 184 61 50
-0.69529 0.78184 0.58207 184 61 50
-0.69708 0.80361 0.55611 184 61 50
-0.69710 0.83043 0.52751 184 61 50
-0.69497 0.85242 0.50362 184 61 50
-0.70040 0.87294 0.46848 184 61 50
-0.69550 0.88761 0.43302 184 61 50
-0.69677 0.90723 0.39066 184 61 50
-0.69815 0.91769 0.34423 184 61 50
-0.69695 0.93116 0.29758 184 61 50
-0.69892 0.94010 0.24101 184 61 50
-0.69871 0.94687 0.17935 184 61 50
-0.69572 0.94855 0.10979 184 61 50
-0.69770 0.94964 0.00131 184 61 50
-0.69949 0.94729 -0.11358 184 61 50
-0.69791 0.94358 -0.18298 184 61 50
-0.69476 0.94058 -0.24305 184 61 50
-0.69464 0.93198 -0.29406 184 61 50
-0.69620 0.92062 -0.34610 184 61 50
-0.69783 0.90355 -0.39276 184 61 50
-0.69781 0.89118 -0.42997 184 61 50
-0.69968 0.87340 -0.46960 184 61 50
-0.70022 0.85134 -0.49989 184 61 50
-0.69913 0.82898 -0.53026 184 61 50
-0.69986 0.80346 -0.55932 184 61 50
-0.69649 0.78078 -0.57752 184 61 50
-0.69640 0.75480 -0.59951 184 61 50
-0.69554 0.72904 -0.61751 184 61 50
-0.69532 0.69596 -0.62940 184 61 50
-0.69545 0.67141 -0.63575 184 61 50
-0.69885 0.64256 -0.64152 184 61 50
-0.69491 0.34909 -0.46633 184 61 50
-0.69526 0.33338 -0.43143 184 61 50
-0.69972 0.31533 -0.39187 184 61 50
-0.69670 0.30441 -0.34724 184 61 50
-0.69933 0.29249 -0.29790 184 61 50
-0.69463 0.28388 -0.24344 184 61 50
-0.69644 0.27635 -0.18178 184 61 50
-0.69993 0.27357 -0.11082 184 61 50
-0.69837 0.27060 0.00201 184 61 50
-0.69776 0.27148 0.10976 184 61 50
-0.69705 0.27378 0.18363 184 61 50
-0.69937 0.28435 0.24097 184 61 50
-0.69951 0.29267 0.29730 184 61 50
-0.69982 0.30134 0.34798 184 61 50
-0.69474 0.31469 0.38771 184 61 50
-0.69679 0.33318 0.43113 184 61 50
-0.69962 0.34767 0.46864 184 61 50
-0.67162 0.64096 0.64027 184 61 50
-0.67010 0.66843 0.63958 184 61 50
-0.67221 0.69675 0.62600 184 61 50
-0.67468 0.72852 0.61742 184 61 50
-0.67306 0.75242 0.59810 184 61 50
-0.67452 0.77951 0.58301 184 61 50
-0.67396 0.80604 0.55729 184 61 50
-0.67123 0.83027 0.52961 184 61 50
-0.67356 0.85213 0.50418 184 61 50
-0.67148 0.87282 0.46544 184 61 50
-0.67560 0.88725 0.42871 184 61 50
-0.67373 0.90620 0.38802 184 61 50
-0.67373 0.92084 0.34676 184 61 50
-0.67015 0.92778 0.29846 184 61 50
-0.67425 0.93982 0.24213 184 61 50
-0.67427 0.94608 0.17977 184 61 50
-0.67067 0.95104 0.11182 184 61 50
-0.67562 0.95104 0.00177 184 61 50
-0.67437 0.95101 -0.11256 184 61 50
-0.67277 0.94695 -0.18197 184 61 50
-0.67024 0.93810 -0.24390 184 61 50
-0.67101 0.92678 -0.30020 184 61 50
-0.67063 0.91551 -0.34628 184 61 50
-0.67321 0.90232 -0.38852 184 61 50
-0.67346 0.88933 -0.42996 184 61 50
-0.67287 0.87177 -0.46796 184 61 50
-0.67087 0.84887 -0.49878 184 61 50
-0.67510 0.83014 -0.53055 184 61 50
-0.67310 0.80273 -0.55842 184 61 50
-0.67356 0.77925 -0.58261 184 61 50
-0.67523 0.75265 -0.59999 184 61 50
-0.67191 0.72556 -0.61287 184 61 50
-0.67229 0.69962 -0.62485 184 61 50
-0.67490 0.66761 -0.63771 184 61 50
-0.67137 0.63945 -0.63936 184 61 50
-0.67475 0.35206 -0.46787 184 61 50
-0.67136 0.33018 -0.43183 184 61 50
-0.67480 0.31256 -0.39249 184 61 50
-0.66983 0.30173 -0.34492 184 61 50
-0.67111 0.29320 -0.29772 184 61 50
-0.67074 0.28370 -0.24456 184 61 50
-0.67312 0.27801 -0.18349 184 61 50
-0.67150 0.26998 -0.11140 184 61 50
-0.67479 0.27036 0.00001 184 61 50
-0.67201 0.27380 0.11208 184 61 50
-0.67262 0.27373 0.18494 184 61 50
-0.67524 0.28117 0.24529 184 61 50
-0.67483 0.29264 0.30004 184 61 50
-0.67103 0.30460 0.34680 184 61 50
-0.67502 0.31346 0.39054 184 61 50
-0.67158 0.33271 0.43019 184 61 50
-0.66973 0.35245 0.46922 184 61 50
-0.64840 0.60916 0.64303 184 61 50
-0.64729 0.63788 0.64389 184 61 50
-0.64572 0.67049 0.63638 184 61 50
-0.64776 0.69942 0.63149 184 61 50
-0.64643 0.72539 0.61333 184 61 50
-0.64965 0.75611 0.60135 184 61 50
-0.64910 0.78153 0.58215 184 61 50
-0.64500 0.80633 0.56026 184 61 50
-0.64931 0.83143 0.53107 184 61 50
-0.64949 0.85226 0.50103 184 61 50
-0.65008 0.86930 0.46882 184 61 50
-0.64538 0.88589 0.43007 184 61 50
-0.65033 0.90255 0.39148 184 61 50
-0.64566 0.91721 0.34570 184 61 50
-0.64976 0.92731 0.29513 184 61 50
-0.64695 0.93975 0.24511 184 61 50
-0.64684 0.94714 0.18029 184 61 50
-0.64519 0.94639 0.10985 184 61 50
-0.64749 0.94732 0.00028 184 61 50
-0.64676 0.94761 -0.11400 184 61 50
-0.64610 0.94291 -0.18483 184 61 50
-0.64816 0.94004 -0.24095 184 61 50
-0.64731 0.93196 -0.29871 184 61 50
-0.64573 0.91847 -0.34564 184 61 50
-0.64539 0.90495 -0.39112 184 61 50
-0.64565 0.88831 -0.43349 184 61 50
-0.65058 0.87112 -0.46935 184 61 50
-0.64867 0.84856 -0.50444 184 61 50
-0.64614 0.82748 -0.53081 184 61 50
-0.64879 0.80717 -0.55987 184 61 50
-0.64666 0.77821 -0.58124 184 61 50
-0.64739 0.75416 -0.59951 184 61 50
-0.64821 0.72749 -0.61618 184 61 50
-0.64696 0.69905 -0.62860 184 61 50
-0.64985 0.66613 -0.63601 184 61 50
-0.64699 0.64120 -0.64199 184 61 50
-0.64834 0.61022 -0.64267 184 61 50
-0.64514 0.58246 -0.64057 184 61 50
-0.65029 0.55322 -0.63610 184 61 50
-0.64525 0.51984 -0.63103 184 61 50
-0.64868 0.49457 -0.61507 184 61 50
-0.64834 0.46456 -0.60117 184 61 50
-0.64710 0.43930 -0.57949 184 61 50
-0.64912 0.41613 -0.55674 184 61 50
-0.64545 0.39077 -0.52984 184 61 50
-0.64717 0.37097 -0.50102 184 61 50
-0.64961 0.34793 -0.46965 184 61 50
-0.65035 0.33304 -0.43408 184 61 50
-0.64575 0.31434 -0.39172 184 61 50
-0.64654 0.30109 -0.34568 184 61 50
-0.64673 0.29119 -0.29871 184 61 50
-0.65030 0.28101 -0.24538 184 61 50
-0.64646 0.27669 -0.18035 184 61 50
-0.64753 0.27090 -0.11238 184 61 50
-0.64640 0.27108 0.00145 184 61 50
-0.64977 0.27019 0.10891 184 61 50
-0.64729 0.27646 0.18382 184 61 50
-0.64824 0.28167 0.24103 184 61 50
-0.64720 0.28787 0.29919 184 61 50
-0.64606 0.30056 0.34677 184 61 50
-0.64996 0.31574 0.39181 184 61 50
-0.64598 0.32856 0.43149 184 61 50
-0.65011 0.34921 0.46679 184 61 50
-0.64906 0.36802 0.50486 184 61 50
-0.64946 0.39326 0.52921 184 61 50
-0.64639 0.41315 0.55946 184 61 50
-0.65033 0.43838 0.58292 184 61 50
-0.65054 0.46842 0.60127 184 61 50
-0.64753 0.49256 0.61416 184 61 50
-0.64977 0.52399 0.62761 184 61 50
-0.64529 0.54937 0.63937 184 61 50
-0.64855 0.58152 0.64364 184 61 50
-0.62120 0.61300 0.64581 184 61 50
-0.62567 0.63894 0.64282 184 61 50
-0.62181 0.66883 0.63903 184 61 50
-0.62397 0.70075 0.62796 184 61 50
-0.62020 0.72360 0.61569 184 61 50
-0.62505 0.75528 0.60016 184 61 50
-0.62402 0.78269 0.58367 184 61 50
-0.62487 0.80657 0.56031 184 61 50
-0.62522 0.83143 0.53489 184 61 50
-0.62056 0.85132 0.50121 184 61 50
-0.62421 0.87125 0.47071 184 61 50
-0.62070 0.89133 0.43124 184 61 50
-0.62349 0.90632 0.38940 184 61 50
-0.62096 0.91735 0.34517 184 61 50
-0.62297 0.92856 0.30089 184 61 50
-0.62494 0.93925 0.24447 184 61 50
-0.62393 0.94383 0.18509 184 61 50
-0.62020 0.94772 0.10856 184 61 50
-0.62288 0.95187 0.00159 184 61 50
-0.62209 0.95148 -0.11251 184 61 50
-0.62328 0.94415 -0.18513 184 61 50
-0.62047 0.93585 -0.24372 184 61 50
-0.62525 0.93096 -0.29568 184 61 50
-0.62290 0.92009 -0.34949 184 61 50
-0.62443 0.90291 -0.38989 184 61 50
-0.62042 0.89007 -0.43161 184 61 50
-0.62497 0.87335 -0.46818 184 61 50
-0.62454 0.85279 -0.49997 184 61 50
-0.62283 0.82569 -0.53460 184 61 50
-0.62245 0.80429 -0.55997 184 61 50
-0.62148 0.78124 -0.57993 184 61 50
-0.62009 0.75246 -0.59914 184 61 50
-0.62102 0.72445 -0.61825 184 61 50
-0.62321 0.69738 -0.62940 184 61 50
-0.62190 0.67029 -0.63764 184 61 50
-0.62095 0.64152 -0.64374 184 61 50
-0.62329 0.60765 -0.64679 184 61 50
-0.62311 0.57756 -0.64446 184 61 50
-0.62423 0.55230 -0.63778 184 61 50
-0.62056 0.52322 -0.62829 184 61 50
-0.62252 0.49455 -0.61961 184 61 50
-0.62509 0.46370 -0.60417 184 61 50
-0.62273 0.44198 -0.58156 184 61 50
-0.62511 0.41214 -0.55628 184 61 50
-0.62104 0.39350 -0.53210 184 61 50
-0.62239 0.36791 -0.50287 184 61 50
-0.62340 0.35198 -0.46915 184 61 50
-0.62543 0.33187 -0.43434 184 61 50
-0.62571 0.31676 -0.39452 184 61 50
-0.62350 0.29954 -0.34427 184 61 50
-0.62155 0.28841 -0.29707 184 61 50
-0.62403 0.28036 -0.24100 184 61 50
-0.62307 0.27778 -0.18287 184 61 50
-0.62430 0.27283 -0.11237 184 61 50
-0.62558 0.27101 0.00049 184 61 50
-0.62122 0.27091 0.10848 184 61 50
-0.62464 0.27731 0.18109 184 61 50
-0.62316 0.28229 0.24134 184 61 50
-0.62482 0.28822 0.29516 184 61 50
-0.62038 0.29902 0.34975 184 61 50
-0.62034 0.31436 0.39119 184 61 50
-0.62535 0.33008 0.43261 184 61 50
-0.62148 0.34907 0.47202 184 61 50
-0.62232 0.36727 0.50223 184 61 50
-0.62003 0.39216 0.53278 184 61 50
-0.62444 0.41529 0.55778 184 61 50
-0.62479 0.44015 0.58210 184 61 50
-0.62083 0.46605 0.60129 184 61 50
-0.62119 0.49508 0.61780 184 61 50
-0.62088 0.52124 0.62765 184 61 50
-0.62523 0.54947 0.63644 184 61 50
-0.62327 0.58229 0.64398 184 61 50
-0.59777 0.60837 0.64905 184 61 50
-0.59882 0.64256 0.64323 184 61 50
-0.59593 0.66712 0.64195 184 61 50
-0.59948 0.69999 0.62766 184 61 50
-0.59978 0.72677 0.61758 184 61 50
-0.59855 0.75607 0.60183 184 61 50
-0.59888 0.78071 0.58117 184 61 50
-0.59827 0.80431 0.55772 184 61 50
-0.59587 0.82761 0.53321 184 61 50
-0.59497 0.84912 0.50062 184 61 50
-0.59797 0.87111 0.47236 184 61 50
-0.59796 0.88917 0.43125 184 61 50
-0.59913 0.90433 0.38989 184 61 50
-0.59634 0.91530 0.34980 184 61 50
-0.59744 0.92670 0.29719 184 61 50
-0.59520 0.93798 0.24583 184 61 50
-0.60044 0.94618 0.18434 184 61 50
-0.59555 0.94728 0.11400 184 61 50
-0.59978 0.95142 -0.00030 184 61 50
-0.60028 0.94952 -0.11436 184 61 50
-0.59697 0.94783 -0.18311 184 61 50
-0.59547 0.93852 -0.24295 184 61 50
-0.59874 0.93103 -0.29819 184 61 50
-0.59853 0.91856 -0.34922 184 61 50
-0.60065 0.90696 -0.39478 184 61 50
-0.59934 0.88794 -0.43310 184 61 50
-0.60043 0.87090 -0.47004 184 61 50
-0.59685 0.84942 -0.50228 184 61 50
-0.59686 0.82756 -0.53407 184 61 50
-0.59641 0.80727 -0.55951 184 61 50
-0.60051 0.77982 -0.58335 184 61 50
-0.59931 0.75423 -0.60449 184 61 50
-0.59723 0.72902 -0.61598 184 61 50
-0.59661 0.69523 -0.62875 184 61 50
-0.59562 0.67146 -0.63945 184 61 50
-0.59596 0.64203 -0.64236 184 61 50
-0.60055 0.60709 -0.64874 184 61 50
-0.60037 0.58064 -0.64352 184 61 50
-0.59878 0.55385 -0.64086 184 61 50
-0.60066 0.52283 -0.63244 184 61 50
-0.59982 0.49086 -0.61663 184 61 50
-0.59957 0.46645 -0.60132 184 61 50
-0.59907 0.44285 -0.58460 184 61 50
-0.60016 0.41484 -0.55680 184 61 50
-0.59941 0.39187 -0.53282 184 61 50
-0.59763 0.36716 -0.50370 184 61 50
-0.59730 0.35196 -0.47056 184 61 50
-0.60016 0.33093 -0.43140 184 61 50
-0.60038 0.31360 -0.39435 184 61 50
-0.60070 0.30148 -0.34843 184 61 50
-0.59790 0.28861 -0.30123 184 61 50
-0.60062 0.28070 -0.24711 184 61 50
-0.59583 0.27354 -0.18336 184 61 50
-0.59797 0.27077 -0.10867 184 61 50
-0.59889 0.26902 -0.00113 184 61 50
-0.59616 0.27024 0.11128 184 61 50
-0.60052 0.27808 0.18072 184 61 50
-0.59714 0.28318 0.24150 184 61 50
-0.59799 0.29208 0.30009 184 61 50
-0.59553 0.29973 0.34795 184 61 50
-0.60051 0.31619 0.39383 184 61 50
-0.59499 0.33376 0.43125 184 61 50
-0.59683 0.34996 0.46730 184 61 50
-0.60025 0.37103 0.50144 184 61 50
-0.59693 0.39010 0.53572 184 61 50
-0.59706 0.41252 0.55688 184 61 50
-0.59735 0.43983 0.58228 184 61 50
-0.59643 0.46924 0.60218 184 61 50
-0.59993 0.49301 0.62038 184 61 50
-0.59651 0.52241 0.63089 184 61 50
-0.59624 0.55247 0.63935 184 61 50
-0.59556 0.57810 0.64602 184 61 50
-0.57178 0.61159 0.64592 184 61 50
-0.57113 0.64125 0.64349 184 61 50
-0.57063 0.66771 0.63883 184 61 50
-0.57371 0.69931 0.63045 184 61 50
-0.57073 0.72331 0.62015 184 61 50
-0.57006 0.75327 0.60282 184 61 50
-0.57451 0.78056 0.58303 184 61 50
-0.57224 0.80337 0.56053 184 61 50
-0.57180 0.83029 0.53431 184 61 50
-0.57054 0.84826 0.50570 184 61 50
-0.57208 0.86778 0.46746 184 61 50
-0.57463 0.88591 0.43573 184 61 50
-0.57082 0.90359 0.39249 184 61 50
-0.57286 0.91800 0.34895 184 61 50
-0.57237 0.92677 0.29670 184 61 50
-0.57350 0.93720 0.24479 184 61 50
-0.57413 0.94763 0.18599 184 61 50
-0.57190 0.94985 0.11035 184 61 50
-0.57148 0.94852 0.00290 184 61 50
-0.57421 0.95073 -0.11456 184 61 50
-0.57520 0.94462 -0.18422 184 61 50
-0.57273 0.94125 -0.24474 184 61 50
-0.57176 0.93244 -0.29867 184 61 50
-0.57051 0.91667 -0.35005 184 61 50
-0.57141 0.90681 -0.39552 184 61 50
-0.57127 0.88705 -0.43446 184 61 50
-0.57519 0.87109 -0.47342 184 61 50
-0.57527 0.84807 -0.50140 184 61 50
-0.57302 0.82658 -0.53106 184 61 50
-0.57215 0.80572 -0.56045 184 61 50
-0.57486 0.78258 -0.58039 184 61 50
-0.57441 0.75595 -0.60399 184 61 50
-0.57416 0.72829 -0.61812 184 61 50
-0.57162 0.69621 -0.62819 184 61 50
-0.57457 0.67088 -0.63805 184 61 50
-0.57187 0.63910 -0.64726 184 61 50
-0.57605 0.61199 -0.64406 184 61 50
-0.57166 0.58182 -0.64191 184 61 50
-0.57056 0.55198 -0.64005 184 61 50
-0.57577 0.52494 -0.63349 184 61 50
-0.57223 0.49312 -0.61935 184 61 50
-0.57118 0.46700 -0.59957 184 61 50
-0.57336 0.43817 -0.58073 184 61 50
-0.57368 0.41745 -0.55746 184 61 50
-0.57404 0.39440 -0.53666 184 61 50
-0.57030 0.36950 -0.50430 184 61 50
-0.57381 0.34659 -0.47179 184 61 50
-0.57499 0.33242 -0.43517 184 61 50
-0.57413 0.31406 -0.39418 184 61 50
-0.57586 0.30179 -0.34685 184 61 50
-0.57310 0.29022 -0.29620 184 61 50
-0.57042 0.28225 -0.24699 184 61 50
-0.57413 0.27268 -0.18099 184 61 50
-0.57195 0.27425 -0.11101 184 61 50
-0.57505 0.26956 -0.00190 184 61 50
-0.57065 0.27044 0.11108 184 61 50
-0.57443 0.27678 0.18056 184 61 50
-0.57561 0.28406 0.24664 184 61 50
-0.57044 0.28918 0.29670 184 61 50
-0.57413 0.30200 0.34961 184 61 50
-0.57415 0.31327 0.39070 184 61 50
-0.57369 0.33205 0.43232 184 61 50
-0.57352 0.35117 0.46817 184 61 50
-0.57190 0.36774 0.50558 184 61 50
-0.57511 0.39294 0.53333 184 61 50
-0.57477 0.41352 0.56136 184 61 50
-0.57258 0.43755 0.58455 184 61 50
-0.57165 0.46856 0.60332 184 61 50
-0.57207 0.49283 0.61765 184 61 50
-0.57223 0.52497 0.63252 184 61 50
-0.57469 0.55365 0.63832 184 61 50
-0.57483 0.57768 0.64376 184 61 50
-0.54604 0.60754 0.64981 184 61 50
-0.54955 0.63878 0.64731 184 61 50
-0.54566 0.67027 0.63973 184 61 50
-0.54801 0.69664 0.63243 184 61 50
-0.55042 0.72927 0.62056 184 61 50
-0.54530 0.75350 0.60023 184 61 50
-0.55066 0.78062 0.58077 184 61 50
-0.54992 0.80691 0.55934 184 61 50
-0.54601 0.82847 0.53626 184 61 50
-0.54808 0.85173 0.50689 184 61 50
-0.54786 0.86758 0.47167 184 61 50
-0.55048 0.89097 0.43115 184 61 50
-0.54935 0.90682 0.39237 184 61 50
-0.54575 0.91534 0.34724 184 61 50
-0.54927 0.93138 0.30086 184 61 50
-0.54809 0.93861 0.24611 184 61 50
-0.54661 0.94246 0.18144 184 61 50
-0.54725 0.94977 0.11035 184 61 50
-0.54725 0.95127 -0.00092 184 61 50
-0.54548 0.95017 -0.11265 184 61 50
-0.55050 0.94310 -0.18069 184 61 50
-0.54639 0.93931 -0.24333 184 61 50
-0.54793 0.93115 -0.30112 184 61 50
-0.54558 0.91883 -0.34542 184 61 50
-0.54728 0.90311 -0.39276 184 61 50
-0.54681 0.88918 -0.43097 184 61 50
-0.54884 0.87297 -0.47358 184 61 50
-0.54858 0.85153 -0.50725 184 61 50
-0.55001 0.82626 -0.53251 184 61 50
-0.54605 0.80444 -0.56224 184 61 50
-0.55065 0.77996 -0.58389 184 61 50
-0.54999 0.75081 -0.60162 184 61 50
-0.54775 0.72441 -0.62078 184 61 50
-0.55076 0.69568 -0.63140 184 61 50
-0.54901 0.67162 -0.63923 184 61 50
-0.54599 0.64137 -0.64311 184 61 50
-0.54904 0.60992 -0.64583 184 61 50
-0.55102 0.58155 -0.64469 184 61 50
-0.54854 0.55070 -0.64241 184 61 50
-0.54573 0.52167 -0.62836 184 61 50
-0.54541 0.49410 -0.61664 184 61 50
-0.54978 0.46442 -0.60540 184 61 50
-0.55094 0.44219 -0.58365 184 61 50
-0.54891 0.41460 -0.56007 184 61 50
-0.55109 0.39186 -0.53620 184 61 50
-0.54544 0.36915 -0.50367 184 61 50
-0.54718 0.34861 -0.47148 184 61 50
-0.54839 0.33152 -0.43589 184 61 50
-0.55073 0.31470 -0.39110 184 61 50
-0.54556 0.30139 -0.34919 184 61 50
-0.54992 0.28977 -0.30094 184 61 50
-0.54594 0.28175 -0.24193 184 61 50
-0.54740 0.27629 -0.18116 184 61 50
-0.54567 0.26940 -0.11276 184 61 50
-0.54594 0.27119 -0.00139 184 61 50
-0.54514 0.27388 0.11195 184 61 50
-0.54858 0.27479 0.18400 184 61 50
-0.54523 0.27980 0.24360 184 61 50
-0.54878 0.28944 0.29940 184 61 50
-0.54540 0.30285 0.34756 184 61 50
-0.55034 0.31812 0.39017 184 61 50
-0.54668 0.33109 0.43577 184 61 50
-0.54743 0.35026 0.47074 184 61 50
-0.54908 0.37105 0.50665 184 61 50
-0.54963 0.39010 0.53209 184 61 50
-0.54967 0.41724 0.56016 184 61 50
-0.54923 0.43979 0.58531 184 61 50
-0.54576 0.46537 0.60327 184 61 50
-0.54873 0.49563 0.61637 184 61 50
-0.54638 0.52321 0.63138 184 61 50
-0.54883 0.55065 0.63975 184 61 50
-0.54562 0.58013 0.64680 184 61 50
-0.52083 0.61076 0.64889 184 61 50
-0.52303 0.64231 0.64532 184 61 50
-0.52435 0.66693 0.63768 184 61 50
-0.52306 0.69583 0.63157 184 61 50
-0.52238 0.72344 0.62056 184 61 50
-0.52114 0.75530 0.60345 184 61 50
-0.52034 0.77976 0.58169 184 61 50
-0.52197 0.80357 0.56289 184 61 50
-0.52439 0.82696 0.53556 184 61 50
-0.52272 0.84900 0.50217 184 61 50
-0.52159 0.87342 0.47123 184 61 50
-0.52499 0.89084 0.43245 184 61 50
-0.52104 0.90164 0.39491 184 61 50
-0.52578 0.92025 0.34621 184 61 50
-0.52027 0.92975 0.29652 184 61 50
-0.52511 0.93653 0.24534 184 61 50
-0.52373 0.94484 0.18414 184 61 50
-0.52033 0.94698 0.11297 184 61 50
-0.52267 0.95052 0.00033 184 61 50
-0.52171 0.95103 -0.11307 184 61 50
-0.52435 0.94682 -0.18484 184 61 50
-0.52048 0.94019 -0.24542 184 61 50
-0.52487 0.93186 -0.30055 184 61 50
-0.52474 0.91714 -0.34733 184 61 50
-0.52247 0.90253 -0.39548 184 61 50
-0.52563 0.89086 -0.43511 184 61 50
-0.52264 0.86840 -0.47196 184 61 50
-0.52396 0.84786 -0.50200 184 61 50
-0.52085 0.82921 -0.53587 184 61 50
-0.52479 0.80355 -0.56217 184 61 50
-0.52538 0.78124 -0.58606 184 61 50
-0.52530 0.75086 -0.60535 184 61 50
-0.52491 0.72370 -0.61672 184 61 50
-0.52606 0.69686 -0.63264 184 61 50
-0.52029 0.66770 -0.64330 184 61 50
-0.52244 0.63790 -0.64423 184 61 50
-0.52243 0.60968 -0.64599 184 61 50
-0.52113 0.58272 -0.64612 184 61 50
-0.52451 0.55305 -0.64071 184 61 50
-0.52339 0.51912 -0.63332 184 61 50
-0.52137 0.49486 -0.61845 184 61 50
-0.52309 0.46676 -0.60119 184 61 50
-0.52157 0.44023 -0.58393 184 61 50
-0.52426 0.41248 -0.56342 184 61 50
-0.52574 0.39436 -0.53321 184 61 50
-0.52113 0.36989 -0.50544 184 61 50
-0.52179 0.34990 -0.47236 184 61 50
-0.52619 0.33252 -0.43454 184 61 50
-0.52165 0.31846 -0.39158 184 61 50
-0.52059 0.29928 -0.35037 184 61 50
-0.52495 0.28898 -0.29965 184 61 50
-0.52328 0.28263 -0.24563 184 61 50
-0.52151 0.27292 -0.18090 184 61 50
-0.52400 0.27102 -0.10926 184 61 50
-0.52296 0.26780 0.00233 184 61 50
-0.52181 0.26913 0.10986 184 61 50
-0.52229 0.27810 0.18462 184 61 50
-0.52524 0.28251 0.24254 184 61 50
-0.52477 0.28814 0.29697 184 61 50
-0.52447 0.30104 0.34886 184 61 50
-0.52197 0.31688 0.39061 184 61 50
-0.52293 0.33082 0.43616 184 61 50
-0.52533 0.35019 0.47224 184 61 50
-0.52171 0.36998 0.50321 184 61 50
-0.52205 0.39167 0.53429 184 61 50
-0.52284 0.41700 0.56215 184 61 50
-0.52067 0.44247 0.58493 184 61 50
-0.52030 0.46395 0.60550 184 61 50
-0.52223 0.49224 0.61890 184 61 50
-0.52348 0.52434 0.62957 184 61 50
-0.52118 0.55067 0.63880 184 61 50
-0.52498 0.57899 0.64385 184 61 50
-0.50029 0.61260 0.65079 184 61 50
-0.49585 0.64249 0.64477 184 61 50
-0.49600 0.66740 0.64127 184 61 50
-0.49623 0.69876 0.63330 184 61 50
-0.49668 0.72648 0.61717 184 61 50
-0.50097 0.75330 0.60371 184 61 50
-0.50020 0.77851 0.58151 184 61 50
-0.49991 0.80759 0.56173 184 61 50
-0.49606 0.82948 0.53578 184 61 50
-0.49934 0.85020 0.50272 184 61 50
-0.49687 0.86795 0.47361 184 61 50
-0.50070 0.88912 0.43471 184 61 50
-0.49611 0.90364 0.39440 184 61 50
-0.50061 0.91889 0.34988 184 61 50
-0.49852 0.92889 0.30055 184 61 50
-0.49595 0.94001 0.24649 184 61 50
-0.49795 0.94201 0.18423 184 61 50
-0.49995 0.95116 0.10899 184 61 50
-0.49804 0.95093 -0.00240 184 61 50
-0.49601 0.95080 -0.11350 184 61 50
-0.49553 0.94342 -0.18452 184 61 50
-0.50030 0.93766 -0.24657 184 61 50
-0.50063 0.93118 -0.29828 184 61 50
-0.50062 0.91959 -0.35075 184 61 50
-0.49916 0.90696 -0.39435 184 61 50
-0.49987 0.88749 -0.43486 184 61 50
-0.49995 0.87321 -0.47349 184 61 50
-0.50042 0.85054 -0.50650 184 61 50
-0.49722 0.82630 -0.53247 184 61 50
-0.49871 0.80261 -0.56180 184 61 50
-0.50035 0.77976 -0.58581 184 61 50
-0.49757 0.75512 -0.60346 184 61 50
-0.49991 0.72579 -0.61678 184 61 50
-0.50036 0.69702 -0.63508 184 61 50
-0.50120 0.66925 -0.64250 184 61 50
-0.49753 0.63829 -0.64693 184 61 50
-0.49721 0.61246 -0.64874 184 61 50
-0.49673 0.58279 -0.64810 184 61 50
-0.49737 0.55020 -0.64084 184 61 50
-0.49597 0.52351 -0.63035 184 61 50
-0.49887 0.49393 -0.61718 184 61 50
-0.49604 0.46525 -0.60567 184 61 50
-0.49588 0.43779 -0.58243 184 61 50
-0.49672 0.41492 -0.56374 184 61 50
-0.50063 0.39053 -0.53614 184 61 50
-0.49786 0.37120 -0.50622 184 61 50
-0.50056 0.34661 -0.47264 184 61 50
-0.50096 0.32891 -0.43713 184 61 50
-0.49648 0.31785 -0.39094 184 61 50
-0.49935 0.30278 -0.34900 184 61 50
-0.50099 0.28992 -0.29923 184 61 50
-0.49747 0.28109 -0.24253 184 61 50
-0.50110 0.27577 -0.18426 184 61 50
-0.49655 0.27273 -0.11019 184 61 50
-0.49539 0.26762 -0.00263 184 61 50
-0.49600 0.27112 0.11036 184 61 50
-0.49839 0.27433 0.18084 184 61 50
-0.49887 0.28368 0.24658 184 61 50
-0.49980 0.29099 0.29714 184 61 50
-0.49579 0.30126 0.35044 184 61 50
-0.49612 0.31843 0.39500 184 61 50
-0.49661 0.32914 0.43433 184 61 50
-0.50126 0.34843 0.47369 184 61 50
-0.49722 0.36901 0.50597 184 61 50
-0.50077 0.39355 0.53466 184 61 50
-0.49572 0.41664 0.55981 184 61 50
-0.49921 0.43810 0.58439 184 61 50
-0.49655 0.46359 0.60591 184 61 50
-0.49640 0.49437 0.61988 184 61 50
-0.49957 0.52267 0.63209 184 61 50
-0.49692 0.55353 0.64004 184 61 50
-0.49982 0.57844 0.64447 184 61 50
-0.47481 0.61234 0.64918 184 61 50
-0.47301 0.64161 0.64507 184 61 50
-0.47223 0.67012 0.64134 184 61 50
-0.47095 0.69748 0.63218 184 61 50
-0.47435 0.72401 0.61728 184 61 50
-0.47412 0.75432 0.60378 184 61 50
-0.47090 0.78018 0.58496 184 61 50
-0.47152 0.80294 0.56383 184 61 50
-0.47574 0.82784 0.53817 184 61 50
-0.47189 0.84820 0.50258 184 61 50
-0.47301 0.86862 0.47412 184 61 50
-0.47458 0.88673 0.43671 184 61 50
-0.47312 0.90352 0.39461 184 61 50
-0.47420 0.91672 0.34642 184 61 50
-0.47057 0.93071 0.30248 184 61 50
-0.47062 0.94094 0.24355 184 61 50
-0.47272 0.94338 0.18117 184 61 50
-0.47240 0.94992 0.11062 184 61 50
-0.47273 0.94812 -0.00070 184 61 50
-0.47427 0.95140 -0.11129 184 61 50
-0.47248 0.94782 -0.18244 184 61 50
-0.47182 0.93997 -0.24359 184 61 50
-0.47399 0.93073 -0.29938 184 61 50
-0.47285 0.91812 -0.34597 184 61 50
-0.47589 0.90256 -0.39509 184 61 50
-0.47554 0.88950 -0.43618 184 61 50
-0.47460 0.86831 -0.47204 184 61 50
-0.47216 0.84859 -0.50258 184 61 50
-0.47385 0.82773 -0.53491 184 61 50
-0.47515 0.80475 -0.56128 184 61 50
-0.47497 0.77801 -0.58616 184 61 50
-0.47141 0.75372 -0.60693 184 61 50
-0.47278 0.72473 -0.61726 184 61 50
-0.47274 0.69751 -0.63318 184 61 50
-0.47436 0.66758 -0.64232 184 61 50
-0.47514 0.64081 -0.64796 184 61 50
-0.47274 0.61292 -0.64989 184 61 50
-0.47394 0.57791 -0.64851 184 61 50
-0.47354 0.55262 -0.64112 184 61 50
-0.47045 0.52124 -0.63350 184 61 50
-0.47375 0.49435 -0.62102 184 61 50
-0.47617 0.46832 -0.60220 184 61 50
-0.47567 0.43776 -0.58169 184 61 50
-0.47120 0.41554 -0.56099 184 61 50
-0.47417 0.39060 -0.53341 184 61 50
-0.47591 0.37239 -0.50797 184 61 50
-0.47329 0.35229 -0.46936 184 61 50
-0.47343 0.33154 -0.43716 184 61 50
-0.47331 0.31407 -0.39468 184 61 50
-0.47119 0.30153 -0.34774 184 61 50
-0.47542 0.29011 -0.29658 184 61 50
-0.47186 0.28224 -0.24224 184 61 50
-0.47202 0.27577 -0.18164 184 61 50
-0.47113 0.26911 -0.11000 184 61 50
-0.47279 0.27043 0.00260 184 61 50
-0.47152 0.27126 0.11014 184 61 50
-0.47154 0.27595 0.18447 184 61 50
-0.47068 0.28232 0.24542 184 61 50
-0.47317 0.29132 0.29922 184 61 50
-0.47052 0.30026 0.35071 184 61 50
-0.47040 0.31352 0.39556 184 61 50
-0.47440 0.33203 0.43699 184 61 50
-0.47490 0.35012 0.47053 184 61 50
-0.47393 0.36822 0.50746 184 61 50
-0.47144 0.39057 0.53498 184 61 50
-0.47344 0.41660 0.55878 184 61 50
-0.47446 0.44090 0.58187 184 61 50
-0.47280 0.46877 0.60454 184 61 50
-0.47502 0.49368 0.62079 184 61 50
-0.47160 0.52167 0.63443 184 61 50
-0.47222 0.55283 0.64206 184 61 50
-0.47231 0.57937 0.64858 184 61 50
-0.45137 0.61232 0.65042 184 61 50
-0.44563 0.63972 0.64947 184 61 50
-0.45136 0.66933 0.64355 184 61 50
-0.44807 0.69632 0.63547 184 61 50
-0.44768 0.72780 0.62227 184 61 50
-0.44918 0.75148 0.60559 184 61 50
-0.44951 0.77998 0.58444 184 61 50
-0.44622 0.80743 0.56420 184 61 50
-0.45014 0.82697 0.53830 184 61 50
-0.45080 0.85275 0.50820 184 61 50
-0.45141 0.86885 0.47052 184 61 50
-0.44742 0.88600 0.43461 184 61 50
-0.45128 0.90424 0.39344 184 61 50
-0.44616 0.91863 0.34977 184 61 50
-0.45073 0.92713 0.29713 184 61 50
-0.45115 0.93619 0.24425 184 61 50
-0.45085 0.94568 0.18634 184 61 50
-0.44682 0.94883 0.10918 184 61 50
-0.44556 0.94780 -0.00207 184 61 50
-0.44858 0.95125 -0.10979 184 61 50
-0.44971 0.94328 -0.18158 184 61 50
-0.44706 0.93790 -0.24691 184 61 50
-0.45090 0.93228 -0.29798 184 61 50
-0.45142 0.91677 -0.34900 184 61 50
-0.44793 0.90293 -0.39187 184 61 50
-0.44586 0.89042 -0.43329 184 61 50
-0.44921 0.87282 -0.47176 184 61 50
-0.44996 0.85269 -0.50547 184 61 50
-0.44690 0.82822 -0.53838 184 61 50
-0.44590 0.80278 -0.55975 184 61 50
-0.44719 0.78272 -0.58558 184 61 50
-0.45018 0.75601 -0.60183 184 61 50
-0.44963 0.72811 -0.62123 184 61 50
-0.44787 0.69597 -0.63108 184 61 50
-0.44663 0.66636 -0.64093 184 61 50
-0.44607 0.64248 -0.64480 184 61 50
-0.44723 0.61233 -0.64626 184 61 50
-0.44567 0.57905 -0.64758 184 61 50
-0.44935 0.54913 -0.64176 184 61 50
-0.44693 0.51911 -0.63527 184 61 50
-0.45136 0.49286 -0.62137 184 61 50
-0.44697 0.46384 -0.60521 184 61 50
-0.44836 0.44144 -0.58326 184 61 50
-0.44594 0.41388 -0.55928 184 61 50
-0.44698 0.39154 -0.53283 184 61 50
-0.44671 0.37068 -0.50640 184 61 50
-0.44706 0.35102 -0.47378 184 61 50
-0.44981 0.33076 -0.43395 184 61 50
-0.45108 0.31810 -0.39186 184 61 50
-0.44982 0.30172 -0.34767 184 61 50
-0.44659 0.28965 -0.30002 184 61 50
-0.44949 0.28023 -0.24387 184 61 50
-0.44964 0.27270 -0.18321 184 61 50
-0.44706 0.27179 -0.11224 184 61 50
-0.44935 0.26866 -0.00170 184 61 50
-0.44608 0.27156 0.11470 184 61 50
-0.44667 0.27331 0.18141 184 61 50
-0.44596 0.28305 0.24493 184 61 50
-0.44854 0.28913 0.29677 184 61 50
-0.44786 0.30291 0.34918 184 61 50
-0.45134 0.31788 0.39441 184 61 50
-0.44889 0.33362 0.43239 184 61 50
-0.44595 0.35114 0.47321 184 61 50
-0.45040 0.36742 0.50560 184 61 50
-0.45131 0.38960 0.53472 184 61 50
-0.45025 0.41212 0.55956 184 61 50
-0.44979 0.43994 0.58740 184 61 50
-0.44783 0.46924 0.60515 184 61 50
-0.45016 0.49301 0.62065 184 61 50
-0.44681 0.52015 0.63424 184 61 50
-0.44667 0.54906 0.64012 184 61 50
-0.45125 0.57750 0.64621 184 61 50
-0.42396 0.60703 0.64619 184 61 50
-0.42426 0.63874 0.64669 184 61 50
-0.42480 0.66825 0.64103 184 61 50
-0.42329 0.69804 0.63281 184 61 50
-0.42465 0.72884 0.61866 184 61 50
-0.42139 0.75236 0.60379 184 61 50
-0.42386 0.77810 0.58662 184 61 50
-0.42241 0.80485 0.56252 184 61 50
-0.42634 0.82816 0.53467 184 61 50
-0.42436 0.85261 0.50813 184 61 50
-0.42390 0.86914 0.47169 184 61 50
-0.42121 0.88880 0.43354 184 61 50
-0.42485 0.90411 0.39153 184 61 50
-0.42114 0.92111 0.35125 184 61 50
-0.42145 0.93121 0.29921 184 61 50
-0.42294 0.93772 0.24555 184 61 50
-0.42288 0.94605 0.18368 184 61 50
-0.42257 0.95160 0.11068 184 61 50
-0.42121 0.94889 0.00271 184 61 50
-0.42460 0.94946 -0.11276 184 61 50
-0.42614 0.94257 -0.18253 184 61 50
-0.42543 0.93897 -0.24492 184 61 50
-0.42081 0.92688 -0.29872 184 61 50
-0.42410 0.91782 -0.34790 184 61 50
-0.42569 0.90222 -0.39468 184 61 50
-0.42462 0.88906 -0.43309 184 61 50
-0.42365 0.87319 -0.47245 184 61 50
-0.42250 0.85131 -0.50419 184 61 50
-0.42631 0.82611 -0.53610 184 61 50
-0.42652 0.80736 -0.56171 184 61 50
-0.42585 0.78204 -0.58741 184 61 50
-0.42140 0.75268 -0.60368 184 61 50
-0.42509 0.72824 -0.61798 184 61 50
-0.42139 0.69641 -0.63098 184 61 50
-0.42540 0.67070 -0.64453 184 61 50
-0.42145 0.63727 -0.64807 184 61 50
-0.42403 0.60772 -0.65105 184 61 50
-0.42301 0.58011 -0.64828 184 61 50
-0.42337 0.55012 -0.64216 184 61 50
-0.42201 0.52435 -0.63099 184 61 50
-0.42292 0.49300 -0.62018 184 61 50
-0.42530 0.46512 -0.60655 184 61 50
-0.42329 0.43775 -0.58510 184 61 50
-0.42188 0.41351 -0.56126 184 61 50
-0.42218 0.39020 -0.53496 184 61 50
-0.42622 0.37139 -0.50334 184 61 50
-0.42256 0.35251 -0.47278 184 61 50
-0.42119 0.33048 -0.43302 184 61 50
-0.42396 0.31587 -0.39449 184 61 50
-0.42266 0.30015 -0.34867 184 61 50
-0.42616 0.29237 -0.30267 184 61 50
-0.42444 0.28038 -0.24243 184 61 50
-0.42527 0.27636 -0.18626 184 61 50
-0.42457 0.27160 -0.11195 184 61 50
-0.42229 0.27250 0.00078 184 61 50
-0.42062 0.27075 0.11396 184 61 50
-0.42128 0.27784 0.18224 184 61 50
-0.42209 0.28227 0.24283 184 61 50
-0.42226 0.29227 0.29817 184 61 50
-0.42445 0.30240 0.35209 184 61 50
-0.42478 0.31336 0.39414 184 61 50
-0.42595 0.33242 0.43789 184 61 50
-0.42650 0.35129 0.47383 184 61 50
-0.42281 0.37027 0.50338 184 61 50
-0.42364 0.39271 0.53367 184 61 50
-0.42485 0.41528 0.56308 184 61 50
-0.42460 0.44223 0.58346 184 61 50
-0.42421 0.46818 0.60287 184 61 50
-0.42057 0.49537 0.61855 184 61 50
-0.42210 0.52236 0.63093 184 61 50
-0.42360 0.55075 0.64075 184 61 50
-0.42545 0.57955 0.64701 184 61 50
-0.39792 0.60830 0.65209 184 61 50
-0.40033 0.64059 0.64650 184 61 50
-0.40140 0.66820 0.64102 184 61 50
-0.39646 0.69592 0.63183 184 61 50
-0.39930 0.72849 0.62269 184 61 50
-0.40005 0.75311 0.60345 184 61 50
-0.40091 0.78094 0.58507 184 61 50
-0.39687 0.80309 0.56277 184 61 50
-0.39615 0.83010 0.53733 184 61 50
-0.39805 0.84966 0.50862 184 61 50
-0.39716 0.87222 0.47021 184 61 50
-0.39649 0.88863 0.43523 184 61 50
-0.40152 0.90394 0.39490 184 61 50
-0.40019 0.91631 0.34919 184 61 50
-0.39970 0.93030 0.29796 184 61 50
-0.40012 0.94072 0.24537 184 61 50
-0.39746 0.94319 0.18634 184 61 50
-0.39860 0.94623 0.11144 184 61 50
-0.39853 0.95064 0.00020 184 61 50
-0.40092 0.94992 -0.11270 184 61 50
-0.39948 0.94705 -0.18689 184 61 50
-0.39712 0.93547 -0.24638 184 61 50
-0.39908 0.93198 -0.30206 184 61 50
-0.39577 0.91987 -0.35123 184 61 50
-0.39903 0.90627 -0.39668 184 61 50
-0.40163 0.88761 -0.43755 184 61 50
-0.40133 0.87233 -0.47294 184 61 50
-0.39581 0.85083 -0.50388 184 61 50
-0.40023 0.83045 -0.53466 184 61 50
-0.39971 0.80306 -0.55939 184 61 50
-0.40103 0.78264 -0.58519 184 61 50
-0.39604 0.75590 -0.60384 184 61 50
-0.40061 0.72718 -0.62236 184 61 50
-0.40130 0.69535 -0.63349 184 61 50
-0.40104 0.67029 -0.64072 184 61 50
-0.40010 0.63818 -0.64593 184 61 50
-0.40006 0.61098 -0.64921 184 61 50
-0.39655 0.58009 -0.64470 184 61 50
-0.39685 0.55260 -0.64432 184 61 50
-0.39818 0.52481 -0.63122 184 61 50
-0.39586 0.49424 -0.62135 184 61 50
-0.39872 0.46717 -0.60587 184 61 50
-0.39614 0.44029 -0.58496 184 61 50
-0.39999 0.41416 -0.56245 184 61 50
-0.39986 0.39039 -0.53648 184 61 50
-0.39832 0.36801 -0.50707 184 61 50
-0.40054 0.35126 -0.47418 184 61 50
-0.39691 0.33435 -0.43448 184 61 50
-0.39974 0.31735 -0.39288 184 61 50
-0.39625 0.30037 -0.34980 184 61 50
-0.39750 0.28891 -0.29778 184 61 50
-0.39727 0.27928 -0.24719 184 61 50
-0.39650 0.27762 -0.18458 184 61 50
-0.39618 0.27268 -0.11401 184 61 50
-0.39822 0.26903 -0.00098 184 61 50
-0.39673 0.26840 0.11187 184 61 50
-0.39791 0.27516 0.18285 184 61 50
-0.39793 0.28425 0.24631 184 61 50
-0.39578 0.28757 0.29926 184 61 50
-0.39777 0.30232 0.34804 184 61 50
-0.39823 0.31505 0.39448 184 61 50
-0.39812 0.32932 0.43365 184 61 50
-0.39941 0.34938 0.47279 184 61 50
-0.40036 0.37040 0.50844 184 61 50
-0.39803 0.39225 0.53453 184 61 50
-0.39782 0.41718 0.56435 184 61 50
-0.40077 0.43785 0.58765 184 61 50
-0.39969 0.46828 0.60779 184 61 50
-0.39804 0.49319 0.62238 184 61 50
-0.39938 0.52413 0.63129 184 61 50
-0.39850 0.55156 0.64039 184 61 50
-0.39707 0.58332 0.64994 184 61 50
-0.37231 0.61036 0.65030 184 61 50
-0.37347 0.63935 0.64937 184 61 50
-0.37186 0.66968 0.64345 184 61 50
-0.37504 0.69590 0.63376 184 61 50
-0.37608 0.72762 0.62300 184 61 50
-0.37584 0.75457 0.60763 184 61 50
-0.37115 0.77812 0.58690 184 61 50
-0.37415 0.80226 0.56084 184 61 50
-0.37250 0.83002 0.53453 184 61 50
-0.37398 0.85107 0.50323 184 61 50
-0.37507 0.87213 0.47500 184 61 50
-0.37574 0.88682 0.43766 184 61 50
-0.37277 0.90215 0.39357 184 61 50
-0.37214 0.92023 0.34858 184 61 50
-0.37136 0.92914 0.30178 184 61 50
-0.37497 0.93974 0.24817 184 61 50
-0.37175 0.94448 0.18524 184 61 50
-0.37084 0.95105 0.10976 184 61 50
-0.37097 0.94775 -0.00108 184 61 50
-0.37244 0.94743 -0.10928 184 61 50
-0.37263 0.94184 -0.18264 184 61 50
-0.37648 0.93867 -0.24481 184 61 50
-0.37332 0.92653 -0.30169 184 61 50
-0.37382 0.91603 -0.34634 184 61 50
-0.37370 0.90370 -0.39561 184 61 50
-0.37599 0.88974 -0.43803 184 61 50
-0.37165 0.87275 -0.47449 184 61 50
-0.37260 0.84966 -0.50820 184 61 50
-0.37133 0.82618 -0.53339 184 61 50
-0.37272 0.80654 -0.56315 184 61 50
-0.37449 0.78082 -0.58408 184 61 50
-0.37598 0.75545 -0.60585 184 61 50
-0.37292 0.72596 -0.61816 184 61 50
-0.37530 0.69793 -0.63202 184 61 50
-0.37125 0.67056 -0.64389 184 61 50
-0.37191 0.63937 -0.64642 184 61 50
-0.37215 0.60797 -0.64882 184 61 50
-0.37580 0.58115 -0.64640 184 61 50
-0.37401 0.55336 -0.64423 184 61 50
-0.37517 0.52308 -0.63207 184 61 50
-0.37624 0.49310 -0.62210 184 61 50
-0.37089 0.46870 -0.60497 184 61 50
-0.37330 0.44050 -0.58374 184 61 50
-0.37271 0.41587 -0.56364 184 61 50
-0.37137 0.39207 -0.53358 184 61 50
-0.37216 0.37038 -0.50877 184 61 50
-0.37612 0.35165 -0.47416 184 61 50
-0.37193 0.33188 -0.43338 184 61 50
-0.37621 0.31568 -0.39505 184 61 50
-0.37558 0.30484 -0.34964 184 61 50
-0.37606 0.28789 -0.30016 184 61 50
-0.37232 0.28095 -0.24608 184 61 50
-0.37362 0.27364 -0.18385 184 61 50
-0.37406 0.27264 -0.10956 184 61 50
-0.37551 0.27138 -0.00076 184 61 50
-0.37399 0.26907 0.11408 184 61 50
-0.37240 0.27416 0.18505 184 61 50
-0.37117 0.28125 0.24759 184 61 50
-0.37599 0.28992 0.29799 184 61 50
-0.37547 0.30280 0.34963 184 61 50
-0.37126 0.31841 0.39490 184 61 50
-0.37197 0.33183 0.43417 184 61 50
-0.37268 0.35038 0.47538 184 61 50
-0.37261 0.36755 0.50874 184 61 50
-0.37482 0.39000 0.53360 184 61 50
-0.37492 0.41607 0.56409 184 61 50
-0.37101 0.43714 0.58326 184 61 50
-0.37660 0.46392 0.60263 184 61 50
-0.37178 0.49336 0.62136 184 61 50
-0.37099 0.52294 0.63111 184 61 50
-0.37137 0.54942 0.64000 184 61 50
-0.37305 0.58187 0.64888 184 61 50
-0.34634 0.60901 0.65217 184 61 50
-0.34893 0.63734 0.64613 184 61 50
-0.35107 0.66752 0.64360 184 61 50
-0.34739 0.69672 0.63303 184 61 50
-0.34623 0.72768 0.61921 184 61 50
-0.34825 0.75438 0.60505 184 61 50
-0.35096 0.77968 0.58536 184 61 50
-0.34591 0.80482 0.56218 184 61 50
-0.34778 0.83086 0.53732 184 61 50
-0.34821 0.84934 0.50850 184 61 50
-0.34709 0.87337 0.47194 184 61 50
-0.34876 0.89059 0.43466 184 61 50
-0.35026 0.90189 0.39417 184 61 50
-0.34699 0.91679 0.34864 184 61 50
-0.35155 0.92699 0.29884 184 61 50
-0.35127 0.93879 0.24656 184 61 50
-0.34974 0.94309 0.18178 184 61 50
-0.34755 0.94693 0.11150 184 61 50
-0.35092 0.94953 0.00199 184 61 50
-0.35177 0.94983 -0.10967 184 61 50
-0.34803 0.94493 -0.18349 184 61 50
-0.35140 0.94089 -0.24279 184 61 50
-0.35179 0.93015 -0.29989 184 61 50
-0.34750 0.91598 -0.34780 184 61 50
-0.34768 0.90308 -0.39714 184 61 50
-0.34757 0.88679 -0.43371 184 61 50
-0.34632 0.87165 -0.47212 184 61 50
-0.34963 0.84839 -0.50772 184 61 50
-0.35120 0.82921 -0.53376 184 61 50
-0.35070 0.80465 -0.55982 184 61 50
-0.34798 0.78169 -0.58618 184 61 50
-0.35135 0.75281 -0.60786 184 61 50
-0.34632 0.72563 -0.62147 184 61 50
-0.35019 0.69806 -0.63115 184 61 50
-0.34745 0.66973 -0.64459 184 61 50
-0.35118 0.63827 -0.64785 184 61 50
-0.34944 0.60769 -0.64846 184 61 50
-0.35058 0.58079 -0.64883 184 61 50
-0.35051 0.55008 -0.64119 184 61 50
-0.34735 0.52257 -0.63361 184 61 50
-0.35111 0.49627 -0.62231 184 61 50
-0.34696 0.46433 -0.60224 184 61 50
-0.34824 0.43881 -0.58289 184 61 50
-0.35128 0.41706 -0.56527 184 61 50
-0.34977 0.39242 -0.53732 184 61 50
-0.34957 0.36676 -0.50684 184 61 50
-0.35118 0.35110 -0.47263 184 61 50
-0.34825 0.33255 -0.43811 184 61 50
-0.34750 0.31832 -0.39406 184 61 50
-0.34947 0.30099 -0.34674 184 61 50
-0.34976 0.29298 -0.30149 184 61 50
-0.34914 0.28293 -0.24802 184 61 50
-0.34995 0.27491 -0.18699 184 61 50
-0.35141 0.27264 -0.11234 184 61 50
-0.35067 0.27179 -0.00239 184 61 50
-0.34735 0.26842 0.10949 184 61 50
-0.34638 0.27217 0.18124 184 61 50
-0.34774 0.28169 0.24764 184 61 50
-0.35159 0.28941 0.29701 184 61 50
-0.34875 0.30462 0.35104 184 61 50
-0.34785 0.31838 0.39724 184 61 50
-0.34747 0.33412 0.43401 184 61 50
-0.34984 0.34852 0.47043 184 61 50
-0.34889 0.37167 0.50813 184 61 50
-0.35146 0.39232 0.53533 184 61 50
-0.34653 0.41543 0.56234 184 61 50
-0.34924 0.44171 0.58794 184 61 50
-0.34721 0.46925 0.60233 184 61 50
-0.35083 0.49440 0.61873 184 61 50
-0.34705 0.52215 0.63286 184 61 50
-0.34712 0.55366 0.64169 184 61 50
-0.35044 0.57956 0.65026 184 61 50
-0.32568 0.60872 0.64687 184 61 50
-0.32290 0.63724 0.64751 184 61 50
-0.32451 0.67005 0.64073 184 61 50
-0.32221 0.70002 0.63498 184 61 50
-0.32419 0.72588 0.61857 184 61 50
-0.32292 0.75116 0.60569 184 61 50
-0.32300 0.78117 0.58650 184 61 50
-0.32432 0.80772 0.56340 184 61 50
-0.32428 0.83034 0.53419 184 61 50
-0.32614 0.85052 0.50350 184 61 50
-0.32464 0.86804 0.47452 184 61 50
-0.32605 0.88720 0.43354 184 61 50
-0.32421 0.90620 0.39259 184 61 50
-0.32327 0.91599 0.34852 184 61 50
-0.32504 0.93076 0.30173 184 61 50
-0.32368 0.93748 0.24497 184 61 50
-0.32468 0.94313 0.18439 184 61 50
-0.32272 0.94737 0.11171 184 61 50
-0.32212 0.95097 -0.00225 184 61 50
-0.32457 0.94612 -0.11095 184 61 50
-0.32204 0.94226 -0.18432 184 61 50
-0.32268 0.93765 -0.24645 184 61 50
-0.32176 0.93221 -0.29891 184 61 50
-0.32134 0.92015 -0.34977 184 61 50
-0.32354 0.90401 -0.39427 184 61 50
-0.32632 0.88583 -0.43795 184 61 50
-0.32375 0.86807 -0.47001 184 61 50
-0.32112 0.84788 -0.50424 184 61 50
-0.32475 0.82760 -0.53673 184 61 50
-0.32210 0.80654 -0.56109 184 61 50
-0.32367 0.78220 -0.58796 184 61 50
-0.32189 0.75335 -0.60295 184 61 50
-0.32114 0.72845 -0.62408 184 61 50
-0.32525 0.70053 -0.63503 184 61 50
-0.32510 0.67202 -0.64290 184 61 50
-0.32606 0.63974 -0.64518 184 61 50
-0.32373 0.60737 -0.65258 184 61 50
-0.32433 0.58194 -0.64563 184 61 50
-0.32574 0.54846 -0.64126 184 61 50
-0.32506 0.51969 -0.63426 184 61 50
-0.32486 0.49175 -0.62195 184 61 50
-0.32489 0.46667 -0.60497 184 61 50
-0.32587 0.43968 -0.58775 184 61 50
-0.32113 0.41270 -0.56179 184 61 50
-0.32214 0.39298 -0.53501 184 61 50
-0.32238 0.36997 -0.50728 184 61 50
-0.32277 0.34714 -0.47057 184 61 50
-0.32619 0.33392 -0.43477 184 61 50
-0.32247 0.31816 -0.39542 184 61 50
-0.32400 0.30140 -0.35190 184 61 50
-0.32131 0.29210 -0.29778 184 61 50
-0.32584 0.28045 -0.24735 184 61 50
-0.32624 0.27643 -0.18554 184 61 50
-0.32387 0.26951 -0.11109 184 61 50
-0.32476 0.27280 0.00080 184 61 50
-0.32252 0.26932 0.11197 184 61 50
-0.32157 0.27409 0.18698 184 61 50
-0.32114 0.28423 0.24371 184 61 50
-0.32354 0.28850 0.30033 184 61 50
-0.32578 0.30136 0.35170 184 61 50
-0.32478 0.31652 0.39636 184 61 50
-0.32138 0.33320 0.43734 184 61 50
-0.32429 0.35242 0.47490 184 61 50
-0.32564 0.37106 0.50803 184 61 50
-0.32290 0.39320 0.53699 184 61 50
-0.32100 0.41613 0.56409 184 61 50
-0.32293 0.43968 0.58428 184 61 50
-0.32110 0.46835 0.60569 184 61 50
-0.32236 0.49355 0.62235 184 61 50
-0.32284 0.52301 0.63324 184 61 50
-0.32390 0.55015 0.64537 184 61 50
-0.32580 0.57825 0.64868 184 61 50
-0.29885 0.61175 0.65198 184 61 50
-0.29793 0.64026 0.64786 184 61 50
-0.29661 0.67014 0.64067 184 61 50
-0.30186 0.69648 0.63140 184 61 50
-0.29992 0.72829 0.62058 184 61 50
-0.29700 0.75457 0.60440 184 61 50
-0.29655 0.78280 0.58775 184 61 50
-0.29742 0.80648 0.56389 184 61 50
-0.29649 0.82811 0.53570 184 61 50
-0.30190 0.84827 0.50755 184 61 50
-0.29945 0.87293 0.47244 184 61 50
-0.30015 0.89008 0.43672 184 61 50
-0.29974 0.90709 0.39459 184 61 50
-0.29741 0.91601 0.34683 184 61 50
-0.30064 0.93212 0.30205 184 61 50
-0.29909 0.94116 0.24724 184 61 50
-0.29742 0.94276 0.18719 184 61 50
-0.29744 0.94861 0.11228 184 61 50
-0.30000 0.95192 -0.00162 184 61 50
-0.30094 0.94659 -0.11244 184 61 50
-0.29734 0.94294 -0.18246 184 61 50
-0.30140 0.93778 -0.24773 184 61 50
-0.29792 0.92899 -0.29835 184 61 50
-0.30048 0.91781 -0.35034 184 61 50
-0.29685 0.90429 -0.39466 184 61 50
-0.29963 0.88980 -0.43664 184 61 50
-0.30144 0.87001 -0.47288 184 61 50
-0.30009 0.85341 -0.50524 184 61 50
-0.29855 0.83061 -0.53416 184 61 50
-0.29801 0.80583 -0.56190 184 61 50
-0.29848 0.77837 -0.58359 184 61 50
-0.30036 0.75237 -0.60354 184 61 50
-0.30003 0.72696 -0.62085 184 61 50
-0.30161 0.69512 -0.63570 184 61 50
-0.29614 0.67072 -0.63980 184 61 50
-0.29787 0.64218 -0.64836 184 61 50
-0.29988 0.61160 -0.65088 184 61 50
-0.29954 0.57911 -0.64710 184 61 50
-0.29726 0.55136 -0.64256 184 61 50
-0.29606 0.51992 -0.63112 184 61 50
-0.30163 0.49197 -0.61843 184 61 50
-0.29890 0.46849 -0.60574 184 61 50
-0.29897 0.44083 -0.58695 184 61 50
-0.29928 0.41643 -0.56004 184 61 50
-0.29800 0.38881 -0.53561 184 61 50
-0.29986 0.36754 -0.50610 184 61 50
-0.30142 0.35062 -0.47345 184 61 50
-0.30186 0.33181 -0.43553 184 61 50
-0.30113 0.31262 -0.39646 184 61 50
-0.30183 0.29991 -0.34664 184 61 50
-0.29668 0.28847 -0.29866 184 61 50
-0.29645 0.28250 -0.24816 184 61 50
-0.29904 0.27681 -0.18706 184 61 50
-0.29882 0.27195 -0.11189 184 61 50
-0.29768 0.27033 -0.00136 184 61 50
-0.30135 0.27400 0.11190 184 61 50
-0.30016 0.27547 0.18365 184 61 50
-0.29986 0.28190 0.24703 184 61 50
-0.29931 0.29107 0.29791 184 61 50
-0.29904 0.30151 0.34988 184 61 50
-0.29800 0.31614 0.39471 184 61 50
-0.29662 0.33300 0.43360 184 61 50
-0.29771 0.35024 0.47055 184 61 50
-0.30181 0.37252 0.50701 184 61 50
-0.29993 0.39349 0.53730 184 61 50
-0.29802 0.41455 0.56090 184 61 50
-0.30154 0.44273 0.58851 184 61 50
-0.29854 0.46730 0.60698 184 61 50
-0.30012 0.49395 0.62332 184 61 50
-0.30017 0.52287 0.63485 184 61 50
-0.29952 0.55037 0.64533 184 61 50
-0.29857 0.58142 0.65052 184 61 50
-0.27364 0.60732 0.65018 184 61 50
-0.27430 0.63824 0.64871 184 61 50
-0.27312 0.67040 0.64049 184 61 50
-0.27380 0.69995 0.63619 184 61 50
-0.27532 0.72699 0.61960 184 61 50
-0.27457 0.75347 0.60456 184 61 50
-0.27192 0.77855 0.58659 184 61 50
-0.27450 0.80538 0.56549 184 61 50
-0.27554 0.82688 0.53507 184 61 50
-0.27374 0.85200 0.50777 184 61 50
-0.27399 0.87069 0.47023 184 61 50
-0.27306 0.88892 0.43536 184 61 50
-0.27328 0.90469 0.39443 184 61 50
-0.27314 0.91937 0.34738 184 61 50
-0.27553 0.92664 0.30308 184 61 50
-0.27604 0.94102 0.24425 184 61 50
-0.27680 0.94732 0.18461 184 61 50
-0.27127 0.94577 0.10956 184 61 50
-0.27207 0.95216 0.00051 184 61 50
-0.27679 0.95094 -0.11013 184 61 50
-0.27127 0.94429 -0.18716 184 61 50
-0.27629 0.93757 -0.24283 184 61 50
-0.27468 0.93080 -0.29854 184 61 50
-0.27605 0.91519 -0.35195 184 61 50
-0.27457 0.90702 -0.39408 184 61 50
-0.27178 0.88969 -0.43660 184 61 50
-0.27635 0.87155 -0.47136 184 61 50
-0.27376 0.84879 -0.50621 184 61 50
-0.27122 0.82790 -0.53613 184 61 50
-0.27356 0.80269 -0.56479 184 61 50
-0.27646 0.77835 -0.58636 184 61 50
-0.27389 0.75129 -0.60577 184 61 50
-0.27641 0.72913 -0.61907 184 61 50
-0.27359 0.69675 -0.63153 184 61 50
-0.27335 0.66730 -0.64056 184 61 50
-0.27249 0.64164 -0.64676 184 61 50
-0.27217 0.60948 -0.65170 184 61 50
-0.27510 0.58049 -0.65049 184 61 50
-0.27314 0.55390 -0.64471 184 61 50
-0.27683 0.52400 -0.63238 184 61 50
-0.27368 0.49291 -0.62196 184 61 50
-0.27477 0.46477 -0.60683 184 61 50
-0.27247 0.44028 -0.58577 184 61 50
-0.27164 0.41667 -0.56163 184 61 50
-0.27366 0.39354 -0.53705 184 61 50
-0.27604 0.36782 -0.50765 184 61 50
-0.27559 0.35075 -0.47059 184 61 50
-0.27650 0.33036 -0.43702 184 61 50
-0.27492 0.31681 -0.39569 184 61 50
-0.27356 0.29973 -0.34950 184 61 50
-0.27338 0.28981 -0.30082 184 61 50
-0.27236 0.27998 -0.24668 184 61 50
-0.27307 0.27339 -0.18247 184 61 50
-0.27482 0.26856 -0.11457 184 61 50
-0.27464 0.27283 0.00275 184 61 50
-0.27317 0.27016 0.11184 184 61 50
-0.27323 0.27569 0.18707 184 61 50
-0.27475 0.28426 0.24640 184 61 50
-0.27539 0.29161 0.29830 184 61 50
-0.27267 0.30260 0.34836 184 61 50
-0.27502 0.31740 0.39301 184 61 50
-0.27363 0.33055 0.43313 184 61 50
-0.27443 0.34677 0.47255 184 61 50
-0.27622 0.36941 0.50644 184 61 50
-0.27359 0.38991 0.53901 184 61 50
-0.27200 0.41269 0.56055 184 61 50
-0.27484 0.43925 0.58702 184 61 50
-0.27386 0.46839 0.60760 184 61 50
-0.27676 0.49370 0.62264 184 61 50
-0.27275 0.51926 0.63379 184 61 50
-0.27181 0.55061 0.64491 184 61 50
-0.27443 0.58023 0.64960 184 61 50
-0.24742 0.60867 0.65180 184 61 50
-0.24737 0.64178 0.64641 184 61 50
-0.24953 0.66624 0.64308 184 61 50
-0.24992 0.69756 0.63099 184 61 50
-0.24660 0.72514 0.61951 184 61 50
-0.25200 0.75605 0.60570 184 61 50
-0.24682 0.78128 0.58314 184 61 50
-0.24750 0.80351 0.56006 184 61 50
-0.24752 0.82753 0.53486 184 61 50
-0.24733 0.84903 0.50673 184 61 50
-0.24978 0.87089 0.47191 184 61 50
-0.24758 0.88986 0.43295 184 61 50
-0.25094 0.90238 0.39548 184 61 50
-0.24683 0.91902 0.34669 184 61 50
-0.24766 0.92692 0.29834 184 61 50
-0.24807 0.93621 0.24355 184 61 50
-0.25001 0.94645 0.18604 184 61 50
-0.25160 0.94899 0.11195 184 61 50
-0.24631 0.95258 -0.00011 184 61 50
-0.24923 0.94640 -0.11501 184 61 50
-0.24820 0.94500 -0.18689 184 61 50
-0.24712 0.93686 -0.24455 184 61 50
-0.25064 0.92707 -0.29788 184 61 50
-0.24659 0.91563 -0.34975 184 61 50
-0.25135 0.90371 -0.39168 184 61 50
-0.24925 0.88657 -0.43596 184 61 50
-0.25127 0.87198 -0.47536 184 61 50
-0.24891 0.84850 -0.50901 184 61 50
-0.25181 0.82658 -0.53838 184 61 50
-0.24929 0.80799 -0.56229 184 61 50
-0.25120 0.77955 -0.58400 184 61 50
-0.24936 0.75577 -0.60784 184 61 50
-0.24678 0.72350 -0.62385 184 61 50
-0.25015 0.69561 -0.63355 184 61 50
-0.24870 0.66662 -0.64011 184 61 50
-0.25177 0.64197 -0.64551 184 61 50
-0.24869 0.61170 -0.64937 184 61 50
-0.24971 0.58210 -0.64644 184 61 50
-0.24832 0.55061 -0.64016 184 61 50
-0.25000 0.52000 -0.63368 184 61 50
-0.25174 0.49323 -0.62294 184 61 50
-0.24928 0.46891 -0.60254 184 61 50
-0.25193 0.43753 -0.58554 184 61 50
-0.25048 0.41675 -0.56333 184 61 50
-0.25061 0.39258 -0.53565 184 61 50
-0.25112 0.36810 -0.50704 184 61 50
-0.24798 0.35228 -0.47451 184 61 50
-0.24782 0.33419 -0.43270 184 61 50
-0.25120 0.31666 -0.39619 184 61 50
-0.25119 0.29958 -0.35044 184 61 50
-0.24689 0.29137 -0.29733 184 61 50
-0.24959 0.27985 -0.24368 184 61 50
-0.24960 0.27538 -0.18546 184 61 50
-0.25096 0.27402 -0.11307 184 61 50
-0.24847 0.27240 0.00113 184 61 50
-0.24820 0.27112 0.11414 184 61 50
-0.25107 0.27303 0.18411 184 61 50
-0.24634 0.27949 0.24382 184 61 50
-0.24957 0.28831 0.30128 184 61 50
-0.24790 0.30132 0.34800 184 61 50
-0.25128 0.31845 0.39285 184 61 50
-0.24777 0.33204 0.43676 184 61 50
-0.24978 0.34659 0.47207 184 61 50
-0.25095 0.36985 0.50412 184 61 50
-0.25154 0.39427 0.53360 184 61 50
-0.24744 0.41632 0.56262 184 61 50
-0.24932 0.43747 0.58709 184 61 50
-0.25083 0.46815 0.60366 184 61 50
-0.24826 0.49303 0.62176 184 61 50
-0.24758 0.52003 0.63132 184 61 50
-0.25098 0.55102 0.64109 184 61 50
-0.25069 0.58173 0.65076 184 61 50
-0.22557 0.61223 0.64951 184 61 50
-0.22299 0.64233 0.64978 184 61 50
-0.22336 0.67107 0.64181 184 61 50
-0.22189 0.69585 0.63680 184 61 50
-0.22262 0.72616 0.62430 184 61 50
-0.22131 0.75192 0.60307 184 61 50
-0.22270 0.78189 0.58879 184 61 50
-0.22433 0.80498 0.56514 184 61 50
-0.22191 0.83026 0.53754 184 61 50
-0.22722 0.85064 0.50409 184 61 50
-0.22180 0.86923 0.47156 184 61 50
-0.22472 0.88955 0.43298 184 61 50
-0.22488 0.90188 0.39488 184 61 50
-0.22289 0.92047 0.35170 184 61 50
-0.22212 0.92771 0.29829 184 61 50
-0.22509 0.93801 0.24499 184 61 50
-0.22500 0.94522 0.18239 184 61 50
-0.22706 0.95154 0.10959 184 61 50
-0.22151 0.95027 -0.00003 184 61 50
-0.22594 0.94788 -0.11148 184 61 50
-0.22196 0.94624 -0.18278 184 61 50
-0.22208 0.93719 -0.24670 184 61 50
-0.22289 0.92952 -0.30227 184 61 50
-0.22136 0.91771 -0.34994 184 61 50
-0.22197 0.90543 -0.39348 184 61 50
-0.22612 0.88979 -0.43651 184 61 50
-0.22317 0.87094 -0.47545 184 61 50
-0.22525 0.84781 -0.50429 184 61 50
-0.22417 0.82841 -0.53762 184 61 50
-0.22251 0.80542 -0.56128 184 61 50
-0.22417 0.78179 -0.58412 184 61 50
-0.22678 0.75579 -0.60440 184 61 50
-0.22315 0.72826 -0.62347 184 61 50
-0.22218 0.69725 -0.63583 184 61 50
-0.22375 0.67194 -0.64441 184 61 50
-0.22483 0.64092 -0.64788 184 61 50
-0.22167 0.60971 -0.65160 184 61 50
-0.22520 0.57790 -0.64929 184 61 50
-0.22305 0.54851 -0.64158 184 61 50
-0.22168 0.52345 -0.63651 184 61 50
-0.22341 0.49539 -0.61936 184 61 50
-0.22553 0.46880 -0.60360 184 61 50
-0.22583 0.44065 -0.58699 184 61 50
-0.22373 0.41504 -0.56341 184 61 50
-0.22389 0.39219 -0.53549 184 61 50
-0.22284 0.37072 -0.50845 184 61 50
-0.22396 0.34660 -0.47035 184 61 50
-0.22544 0.32853 -0.43722 184 61 50
-0.22353 0.31799 -0.39698 184 61 50
-0.22340 0.30382 -0.34723 184 61 50
-0.22302 0.28915 -0.29907 184 61 50
-0.22428 0.27922 -0.24480 184 61 50
-0.22682 0.27500 -0.18183 184 61 50
-0.22424 0.27322 -0.11382 184 61 50
-0.22403 0.26989 0.00284 184 61 50
-0.22490 0.27188 0.11459 184 61 50
-0.22160 0.27785 0.18334 184 61 50
-0.22228 0.28051 0.24811 184 61 50
-0.22133 0.29019 0.30048 184 61 50
-0.22641 0.30364 0.34741 184 61 50
-0.22249 0.31658 0.39331 184 61 50
-0.22469 0.33300 0.43547 184 61 50
-0.22250 0.34915 0.47497 184 61 50
-0.22270 0.37079 0.50588 184 61 50
-0.22240 0.39256 0.53381 184 61 50
-0.22433 0.41508 0.56416 184 61 50
-0.22453 0.44258 0.58343 184 61 50
-0.22205 0.46757 0.60365 184 61 50
-0.22625 0.49539 0.61929 184 61 50
-0.22432 0.52348 0.63344 184 61 50
-0.22402 0.55080 0.64513 184 61 50
-0.22568 0.58291 0.64553 184 61 50
-0.19781 0.61074 0.65089 184 61 50
-0.19682 0.64039 0.64971 184 61 50
-0.20062 0.66936 0.64114 184 61 50
-0.20062 0.70091 0.63558 184 61 50
-0.20129 0.72884 0.62269 184 61 50
-0.19754 0.75227 0.60535 184 61 50
-0.19919 0.78042 0.58687 184 61 50
-0.20230 0.80495 0.56357 184 61 50
-0.20190 0.82967 0.53616 184 61 50
-0.20218 0.84829 0.50819 184 61 50
-0.19687 0.87258 0.47400 184 61 50
-0.20102 0.89131 0.43857 184 61 50
-0.19767 0.90443 0.39213 184 61 50
-0.19914 0.91594 0.34936 184 61 50
-0.19953 0.93102 0.30291 184 61 50
-0.20075 0.93789 0.24634 184 61 50
-0.20080 0.94725 0.18478 184 61 50
-0.20087 0.94594 0.10990 184 61 50
-0.19968 0.95165 0.00254 184 61 50
-0.19852 0.94806 -0.11169 184 61 50
-0.20015 0.94681 -0.18593 184 61 50
-0.19712 0.93993 -0.24841 184 61 50
-0.19943 0.93128 -0.29843 184 61 50
-0.19975 0.91933 -0.35221 184 61 50
-0.19971 0.90194 -0.39166 184 61 50
-0.19943 0.89110 -0.43809 184 61 50
-0.20164 0.86950 -0.47021 184 61 50
-0.19882 0.85088 -0.50784 184 61 50
-0.20131 0.83089 -0.53495 184 61 50
-0.19672 0.80361 -0.56540 184 61 50
-0.19912 0.78241 -0.58752 184 61 50
-0.19666 0.75382 -0.60494 184 61 50
-0.19739 0.72642 -0.62281 184 61 50
-0.20194 0.69673 -0.63387 184 61 50
-0.19799 0.66815 -0.64383 184 61 50
-0.20151 0.64028 -0.64965 184 61 50
-0.19794 0.61281 -0.65287 184 61 50
-0.19793 0.58192 -0.64953 184 61 50
-0.19718 0.55030 -0.64323 184 61 50
-0.20086 0.52151 -0.63653 184 61 50
-0.20152 0.49477 -0.62010 184 61 50
-0.19837 0.46696 -0.60757 184 61 50
-0.20199 0.43743 -0.58761 184 61 50
-0.20041 0.41508 -0.56202 184 61 50
-0.20045 0.39062 -0.53376 184 61 50
-0.20182 0.36925 -0.50760 184 61 50
-0.19988 0.34887 -0.47319 184 61 50
-0.19822 0.33133 -0.43284 184 61 50
-0.20208 0.31770 -0.39638 184 61 50
-0.20098 0.30254 -0.35182 184 61 50
-0.20027 0.29297 -0.30207 184 61 50
-0.20197 0.28148 -0.24295 184 61 50
-0.20024 0.27255 -0.18689 184 61 50
-0.19895 0.27336 -0.11209 184 61 50
-0.20058 0.27008 -0.00142 184 61 50
-0.19938 0.27134 0.11399 184 61 50
-0.19873 0.27767 0.18163 184 61 50
-0.19670 0.28115 0.24456 184 61 50
-0.19826 0.28823 0.29796 184 61 50
-0.20165 0.29895 0.34854 184 61 50
-0.19706 0.31529 0.39360 184 61 50
-0.19969 0.33439 0.43403 184 61 50
-0.20109 0.34995 0.47437 184 61 50
-0.19819 0.36815 0.50724 184 61 50
-0.19817 0.39404 0.53435 184 61 50
-0.20149 0.41662 0.56529 184 61 50
-0.19950 0.43985 0.58485 184 61 50
-0.20229 0.46414 0.60403 184 61 50
-0.19641 0.49663 0.61958 184 61 50
-0.19866 0.52248 0.63257 184 61 50
-0.19705 0.54928 0.64320 184 61 50
-0.20207 0.58090 0.64774 184 61 50
-0.17461 0.61236 0.65109 184 61 50
-0.17578 0.63755 0.64878 184 61 50
-0.17215 0.67178 0.64123 184 61 50
-0.17156 0.69847 0.63592 184 61 50
-0.17597 0.72846 0.62081 184 61 50
-0.17416 0.75200 0.60423 184 61 50
-0.17440 0.78117 0.58321 184 61 50
-0.17146 0.80585 0.56310 184 61 50
-0.17281 0.82794 0.53494 184 61 50
-0.17256 0.84765 0.50572 184 61 50
-0.17601 0.87017 0.47340 184 61 50
-0.17199 0.89125 0.43403 184 61 50
-0.17668 0.90588 0.39171 184 61 50
-0.17619 0.91847 0.34824 184 61 50
-0.17640 0.92925 0.29832 184 61 50
-0.17385 0.93570 0.24291 184 61 50
-0.17396 0.94383 0.18515 184 61 50
-0.17621 0.94609 0.11328 184 61 50
-0.17440 0.94960 -0.00163 184 61 50
-0.17589 0.95154 -0.11394 184 61 50
-0.17456 0.94426 -0.18483 184 61 50
-0.17736 0.93837 -0.24859 184 61 50
-0.17550 0.93196 -0.29932 184 61 50
-0.17469 0.91590 -0.35005 184 61 50
-0.17469 0.90480 -0.39196 184 61 50
-0.17258 0.88672 -0.43297 184 61 50
-0.17319 0.87133 -0.47568 184 61 50
-0.17735 0.85095 -0.50696 184 61 50
-0.17180 0.82836 -0.53923 184 61 50
-0.17291 0.80426 -0.56337 184 61 50
-0.17643 0.77740 -0.58561 184 61 50
-0.17339 0.75093 -0.60416 184 61 50
-0.17159 0.72692 -0.62267 184 61 50
-0.17240 0.70074 -0.63098 184 61 50
-0.17528 0.67082 -0.64052 184 61 50
-0.17371 0.63800 -0.64551 184 61 50
-0.17520 0.60730 -0.64974 184 61 50
-0.17419 0.57838 -0.65010 184 61 50
-0.17660 0.54944 -0.64236 184 61 50
-0.17281 0.51905 -0.63601 184 61 50
-0.17652 0.49283 -0.62440 184 61 50
-0.17571 0.46668 -0.60514 184 61 50
-0.17195 0.43848 -0.58509 184 61 50
-0.17195 0.41768 -0.56160 184 61 50
-0.17556 0.39123 -0.53616 184 61 50
-0.17301 0.37054 -0.50402 184 61 50
-0.17551 0.35114 -0.47148 184 61 50
-0.17363 0.33139 -0.43574 184 61 50
-0.17203 0.31688 -0.39543 184 61 50
-0.17219 0.29973 -0.34870 184 61 50
-0.17625 0.29162 -0.30289 184 61 50
-0.17704 0.28245 -0.24269 184 61 50
-0.17501 0.27761 -0.18282 184 61 50
-0.17201 0.27206 -0.11042 184 61 50
-0.17211 0.27074 -0.00068 184 61 50
-0.17472 0.27034 0.11185 184 61 50
-0.17472 0.27432 0.18478 184 61 50
-0.17156 0.28423 0.24852 184 61 50
-0.17238 0.29252 0.30091 184 61 50
-0.17432 0.30017 0.35035 184 61 50
-0.17244 0.31346 0.39567 184 61 50
-0.17309 0.32876 0.43855 184 61 50
-0.17418 0.34762 0.47129 184 61 50
-0.17349 0.36698 0.50499 184 61 50
-0.17259 0.39044 0.53847 184 61 50
-0.17396 0.41473 0.56283 184 61 50
-0.17306 0.43775 0.58690 184 61 50
-0.17190 0.46802 0.60685 184 61 50
-0.17285 0.49206 0.62336 184 61 50
-0.17171 0.52057 0.63110 184 61 50
-0.17172 0.55308 0.64100 184 61 50
-0.17233 0.58301 0.65111 184 61 50
-0.15156 0.61181 0.64745 184 61 50
-0.15137 0.64068 0.64890 184 61 50
-0.14997 0.66836 0.64061 184 61 50
-0.15209 0.70007 0.63663 184 61 50
-0.14780 0.72389 0.62076 184 61 50
-0.15040 0.75180 0.60401 184 61 50
-0.15137 0.78186 0.58479 184 61 50
-0.14799 0.80342 0.56003 184 61 50
-0.15044 0.82990 0.53392 184 61 50
-0.14770 0.84882 0.50931 184 61 50
-0.14882 0.87067 0.47386 184 61 50
-0.14745 0.88840 0.43856 184 61 50
-0.15047 0.90379 0.39376 184 61 50
-0.14879 0.91802 0.34820 184 61 50
-0.15149 0.93035 0.30143 184 61 50
-0.15169 0.93775 0.24518 184 61 50
-0.15086 0.94507 0.18285 184 61 50
-0.14763 0.94939 0.11270 184 61 50
-0.14921 0.94859 -0.00020 184 61 50
-0.15167 0.94895 -0.11504 184 61 50
-0.15152 0.94197 -0.18472 184 61 50
-0.15046 0.93988 -0.24623 184 61 50
-0.15201 0.92686 -0.29948 184 61 50
-0.14793 0.91639 -0.34918 184 61 50
-0.15028 0.90648 -0.39308 184 61 50
-0.14668 0.88751 -0.43621 184 61 50
-0.14968 0.87181 -0.47462 184 61 50
-0.14762 0.85237 -0.50883 184 61 50
-0.14813 0.83116 -0.53443 184 61 50
-0.14702 0.80626 -0.56543 184 61 50
-0.14750 0.78050 -0.58777 184 61 50
-0.15060 0.75092 -0.60634 184 61 50
-0.15246 0.72374 -0.62314 184 61 50
-0.15064 0.69575 -0.63263 184 61 50
-0.15214 0.66738 -0.64580 184 61 50
-0.14877 0.63833 -0.64740 184 61 50
-0.14850 0.61159 -0.65033 184 61 50
-0.14955 0.57981 -0.64884 184 61 50
-0.14960 0.54928 -0.64254 184 61 50
-0.15039 0.52479 -0.63217 184 61 50
-0.14684 0.49216 -0.61917 184 61 50
-0.15197 0.46410 -0.60456 184 61 50
-0.14730 0.44237 -0.58663 184 61 50
-0.15162 0.41307 -0.56122 184 61 50
-0.15115 0.39163 -0.53628 184 61 50
-0.14697 0.36890 -0.50751 184 61 50
-0.14839 0.34751 -0.47239 184 61 50
-0.15117 0.33448 -0.43647 184 61 50
-0.14790 0.31588 -0.39521 184 61 50
-0.14814 0.29940 -0.34928 184 61 50
-0.14799 0.28995 -0.30199 184 61 50
-0.14804 0.28047 -0.24860 184 61 50
-0.14835 0.27408 -0.18207 184 61 50
-0.14842 0.27353 -0.11293 184 61 50
-0.15179 0.26980 0.00295 184 61 50
-0.15240 0.26983 0.11194 184 61 50
-0.15055 0.27305 0.18616 184 61 50
-0.14805 0.28170 0.24504 184 61 50
-0.15057 0.29131 0.30021 184 61 50
-0.14963 0.29989 0.34837 184 61 50
-0.14751 0.31845 0.39485 184 61 50
-0.14764 0.33433 0.43818 184 61 50
-0.14695 0.35105 0.47128 184 61 50
-0.14944 0.36751 0.50886 184 61 50
-0.15150 0.39300 0.53664 184 61 50
-0.14838 0.41743 0.56193 184 61 50
-0.15027 0.43911 0.58645 184 61 50
-0.15214 0.46418 0.60742 184 61 50
-0.15048 0.49562 0.62432 184 61 50
-0.14735 0.52413 0.63511 184 61 50
-0.15156 0.55319 0.64237 184 61 50
-0.15201 0.58093 0.64693 184 61 50
-0.12171 0.60947 0.64812 184 61 50
-0.12706 0.64204 0.65094 184 61 50
-0.12571 0.67157 0.64475 184 61 50
-0.12291 0.69915 0.63240 184 61 50
-0.12609 0.72478 0.62328 184 61 50
-0.12268 0.75632 0.60328 184 61 50
-0.12638 0.78071 0.58439 184 61 50
-0.12358 0.80292 0.56282 184 61 50
-0.12745 0.82621 0.53756 184 61 50
-0.12527 0.85035 0.50915 184 61 50
-0.12386 0.87335 0.47410 184 61 50
-0.12489 0.88881 0.43382 184 61 50
-0.12514 0.90463 0.39665 184 61 50
-0.12723 0.91564 0.35196 184 61 50
-0.12623 0.92888 0.30257 184 61 50
-0.12342 0.93695 0.24843 184 61 50
-0.12415 0.94499 0.18130 184 61 50
-0.12238 0.94689 0.11133 184 61 50
-0.12599 0.94779 0.00141 184 61 50
-0.12553 0.95110 -0.11071 184 61 50
-0.12228 0.94434 -0.18698 184 61 50
-0.12597 0.94004 -0.24682 184 61 50
-0.12389 0.93203 -0.30244 184 61 50
-0.12752 0.91752 -0.34989 184 61 50
-0.12546 0.90552 -0.39602 184 61 50
-0.12395 0.88711 -0.43806 184 61 50
-0.12667 0.87116 -0.47400 184 61 50
-0.12685 0.85082 -0.50493 184 61 50
-0.12510 0.83076 -0.53705 184 61 50
-0.12524 0.80383 -0.56165 184 61 50
-0.12514 0.78237 -0.58873 184 61 50
-0.12257 0.75242 -0.60770 184 61 50
-0.12171 0.72706 -0.62105 184 61 50
-0.12520 0.70008 -0.63484 184 61 50
-0.12422 0.66619 -0.64149 184 61 50
-0.12283 0.63791 -0.64892 184 61 50
-0.12251 0.61134 -0.64759 184 61 50
-0.12421 0.58321 -0.65079 184 61 50
-0.12321 0.55220 -0.64509 184 61 50
-0.12348 0.51943 -0.63554 184 61 50
-0.12528 0.49171 -0.62439 184 61 50
-0.12338 0.46440 -0.60803 184 61 50
-0.12413 0.44278 -0.58833 184 61 50
-0.12387 0.41503 -0.56298 184 61 50
-0.12419 0.39079 -0.53693 184 61 50
-0.12731 0.36823 -0.50847 184 61 50
-0.12618 0.34719 -0.47517 184 61 50
-0.12570 0.33148 -0.43624 184 61 50
-0.12596 0.31551 -0.39423 184 61 50
-0.12414 0.30366 -0.35028 184 61 50
-0.12439 0.29204 -0.30112 184 61 50
-0.12709 0.28054 -0.24764 184 61 50
-0.12191 0.27540 -0.18270 184 61 50
-0.12654 0.26869 -0.11374 184 61 50
-0.12430 0.27247 0.00288 184 61 50
-0.12364 0.26900 0.10997 184 61 50
-0.12435 0.27768 0.18133 184 61 50
-0.12394 0.28277 0.24849 184 61 50
-0.12488 0.28822 0.30310 184 61 50
-0.12276 0.30449 0.35240 184 61 50
-0.12293 0.31726 0.39448 184 61 50
-0.12587 0.33314 0.43472 184 61 50
-0.12344 0.35056 0.47505 184 61 50
-0.12301 0.36936 0.50511 184 61 50
-0.12323 0.39167 0.53909 184 61 50
-0.12237 0.41515 0.56369 184 61 50
-0.12477 0.44219 0.58434 184 61 50
-0.12463 0.46446 0.60590 184 61 50
-0.12338 0.49298 0.62382 184 61 50
-0.12362 0.52249 0.63589 184 61 50
-0.12438 0.55014 0.63995 184 61 50
-0.12320 0.57882 0.64765 184 61 50
-0.10000 0.61254 0.65068 184 61 50
-0.09765 0.64136 0.64834 184 61 50
-0.10093 0.66948 0.64474 184 61 50
-0.09744 0.69920 0.63136 184 61 50
-0.09870 0.72861 0.62433 184 61 50
-0.09991 0.75428 0.60651 184 61 50
-0.10136 0.77760 0.58718 184 61 50
-0.09878 0.80516 0.56174 184 61 50
-0.09773 0.83045 0.53941 184 61 50
-0.10066 0.84748 0.50866 184 61 50
-0.09902 0.86918 0.47006 184 61 50
-0.09889 0.88569 0.43558 184 61 50
-0.10070 0.90682 0.39361 184 61 50
-0.09873 0.91557 0.34678 184 61 50
-0.09904 0.93120 0.29806 184 61 50
-0.09948 0.94094 0.24436 184 61 50
-0.09705 0.94669 0.18461 184 61 50
-0.09980 0.95138 0.11018 184 61 50
-0.09931 0.94822 0.00060 184 61 50
-0.10060 0.95106 -0.11391 184 61 50
-0.09941 0.94588 -0.18648 184 61 50
-0.09675 0.93873 -0.24471 184 61 50
-0.09842 0.93141 -0.30005 184 61 50
-0.10110 0.91987 -0.34741 184 61 50
-0.10118 0.90163 -0.39547 184 61 50
-0.09906 0.89001 -0.43429 184 61 50
-0.10179 0.86955 -0.47229 184 61 50
-0.10008 0.84937 -0.50737 184 61 50
-0.09816 0.83086 -0.53943 184 61 50
-0.09743 0.80261 -0.56436 184 61 50
-0.10189 0.78170 -0.58393 184 61 50
-0.09957 0.75305 -0.60281 184 61 50
-0.10239 0.72833 -0.61925 184 61 50
-0.10145 0.69606 -0.63656 184 61 50
-0.09858 0.66772 -0.64336 184 61 50
-0.10224 0.64195 -0.64967 184 61 50
-0.10001 0.60856 -0.65274 184 61 50
-0.10045 0.58012 -0.65062 184 61 50
-0.09964 0.54872 -0.64041 184 61 50
-0.09834 0.51975 -0.63438 184 61 50
-0.09735 0.49381 -0.62447 184 61 50
-0.09741 0.46787 -0.60603 184 61 50
-0.10131 0.44158 -0.58459 184 61 50
-0.10170 0.41698 -0.56035 184 61 50
-0.09911 0.39017 -0.53558 184 61 50
-0.10207 0.36808 -0.50828 184 61 50
-0.09708 0.35169 -0.47455 184 61 50
-0.09685 0.33247 -0.43537 184 61 50
-0.10258 0.31813 -0.39184 184 61 50
-0.10113 0.29889 -0.35208 184 61 50
-0.10251 0.29029 -0.30070 184 61 50
-0.10126 0.28047 -0.24556 184 61 50
-0.10212 0.27758 -0.18376 184 61 50
-0.10154 0.26924 -0.10935 184 61 50
-0.10021 0.26834 0.00267 184 61 50
-0.09681 0.26935 0.11119 184 61 50
-0.09771 0.27368 0.18264 184 61 50
-0.09699 0.28202 0.24822 184 61 50
-0.09697 0.29132 0.29978 184 61 50
-0.10019 0.30224 0.35007 184 61 50
-0.10156 0.31360 0.39649 184 61 50
-0.10144 0.32919 0.43621 184 61 50
-0.10097 0.34896 0.47509 184 61 50
-0.10264 0.36960 0.50418 184 61 50
-0.10097 0.39220 0.53651 184 61 50
-0.09988 0.41480 0.56477 184 61 50
-0.09714 0.44184 0.58800 184 61 50
-0.10065 0.46378 0.60693 184 61 50
-0.09719 0.49669 0.62145 184 61 50
-0.10209 0.52203 0.63366 184 61 50
-0.09863 0.54911 0.64177 184 61 50
-0.09784 0.57944 0.65053 184 61 50
-0.07558 0.61215 0.65076 184 61 50
-0.07670 0.63803 0.65074 184 61 50
-0.07554 0.66884 0.64385 184 61 50
-0.07712 0.69984 0.63679 184 61 50
-0.07443 0.72788 0.62378 184 61 50
-0.07695 0.75259 0.60569 184 61 50
-0.07226 0.78118 0.58337 184 61 50
-0.07441 0.80471 0.56446 184 61 50
-0.07479 0.82623 0.53669 184 61 50
-0.07637 0.84816 0.50607 184 61 50
-0.07387 0.87196 0.47551 184 61 50
-0.07646 0.88756 0.43337 184 61 50
-0.07749 0.90192 0.39338 184 61 50
-0.07275 0.91736 0.35205 184 61 50
-0.07176 0.92656 0.29892 184 61 50
-0.07290 0.94021 0.24471 184 61 50
-0.07181 0.94540 0.18221 184 61 50
-0.07472 0.94753 0.11367 184 61 50
-0.07482 0.94783 0.00026 184 61 50
-0.07481 0.94634 -0.11328 184 61 50
-0.07514 0.94434 -0.18695 184 61 50
-0.07229 0.93826 -0.24748 184 61 50
-0.07771 0.93197 -0.29990 184 61 50
-0.07535 0.91996 -0.35033 184 61 50
-0.07478 0.90283 -0.39518 184 61 50
-0.07454 0.88573 -0.43263 184 61 50
-0.07515 0.86822 -0.47489 184 61 50
-0.07756 0.85063 -0.50725 184 61 50
-0.07584 0.83053 -0.53718 184 61 50
-0.07650 0.80584 -0.56049 184 61 50
-0.07447 0.78028 -0.58490 184 61 50
-0.07523 0.75354 -0.60292 184 61 50
-0.07529 0.72547 -0.62405 184 61 50
-0.07502 0.70017 -0.63404 184 61 50
-0.07614 0.67162 -0.64443 184 61 50
-0.07689 0.63829 -0.64964 184 61 50
-0.07614 0.61077 -0.65064 184 61 50
-0.07391 0.57878 -0.65098 184 61 50
-0.07658 0.54865 -0.64135 184 61 50
-0.07698 0.52279 -0.63101 184 61 50
-0.07572 0.49337 -0.61965 184 61 50
-0.07212 0.46807 -0.60769 184 61 50
-0.07495 0.43796 -0.58345 184 61 50
-0.07608 0.41413 -0.56260 184 61 50
-0.07609 0.38886 -0.53368 184 61 50
-0.07705 0.36785 -0.50770 184 61 50
-0.07218 0.34990 -0.47011 184 61 50
-0.07234 0.32891 -0.43364 184 61 50
-0.07462 0.31677 -0.39757 184 61 50
-0.07699 0.30186 -0.34712 184 61 50
-0.07402 0.29058 -0.30317 184 61 50
-0.07193 0.28097 -0.24322 184 61 50
-0.07660 0.27239 -0.18271 184 61 50
-0.07475 0.26985 -0.11095 184 61 50
-0.07435 0.26853 0.00068 184 61 50
-0.07675 0.27290 0.11202 184 61 50
-0.07608 0.27734 0.18590 184 61 50
-0.07429 0.28156 0.24413 184 61 50
-0.07244 0.29027 0.30204 184 61 50
-0.07311 0.30348 0.34850 184 61 50
-0.07680 0.31706 0.39209 184 61 50
-0.07459 0.32854 0.43859 184 61 50
-0.07651 0.35072 0.47030 184 61 50
-0.07570 0.36692 0.50429 184 61 50
-0.07515 0.39325 0.53867 184 61 50
-0.07659 0.41395 0.56306 184 61 50
-0.07529 0.44265 0.58407 184 61 50
-0.07654 0.46819 0.60724 184 61 50
-0.07744 0.49327 0.62367 184 61 50
-0.07324 0.52032 0.63114 184 61 50
-0.07377 0.54903 0.64388 184 61 50
-0.07314 0.58225 0.64921 184 61 50
-0.04822 0.60847 0.65070 184 61 50
-0.05183 0.64120 0.64760 184 61 50
-0.04814 0.66626 0.64223 184 61 50
-0.04885 0.69501 0.63467 184 61 50
-0.04736 0.72917 0.62197 184 61 50
-0.04993 0.75647 0.60392 184 61 50
-0.04743 0.77998 0.58680 184 61 50
-0.04889 0.80597 0.56572 184 61 50
-0.05013 0.82838 0.53891 184 61 50
-0.04736 0.85323 0.50607 184 61 50
-0.05010 0.87146 0.47068 184 61 50
-0.05042 0.88634 0.43804 184 61 50
-0.05049 0.90573 0.39284 184 61 50
-0.04846 0.92000 0.34691 184 61 50
-0.04997 0.93021 0.29741 184 61 50
-0.05275 0.93621 0.24489 184 61 50
-0.05000 0.94771 0.18143 184 61 50
-0.05281 0.95003 0.11136 184 61 50
-0.05164 0.94868 -0.00064 184 61 50
-0.05027 0.94897 -0.10945 184 61 50
-0.05174 0.94781 -0.18641 184 61 50
-0.05213 0.93554 -0.24633 184 61 50
-0.04696 0.92884 -0.29867 184 61 50
-0.04929 0.92043 -0.35092 184 61 50
-0.05231 0.90255 -0.39336 184 61 50
-0.05215 0.88890 -0.43508 184 61 50
-0.04967 0.87064 -0.47347 184 61 50
-0.05007 0.84888 -0.50510 184 61 50
-0.05006 0.83131 -0.53855 184 61 50
-0.04774 0.80642 -0.56595 184 61 50
-0.05009 0.77823 -0.58667 184 61 50
-0.04796 0.75581 -0.60638 184 61 50
-0.05133 0.72390 -0.61856 184 61 50
-0.04709 0.69513 -0.63318 184 61 50
-0.05201 0.67191 -0.64240 184 61 50
-0.04764 0.63757 -0.64961 184 61 50
-0.05089 0.60808 -0.65112 184 61 50
-0.04906 0.57826 -0.65089 184 61 50
-0.04763 0.55216 -0.64465 184 61 50
-0.04852 0.52189 -0.63622 184 61 50
-0.05249 0.49096 -0.62333 184 61 50
-0.05156 0.46792 -0.60523 184 61 50
-0.05073 0.44158 -0.58601 184 61 50
-0.04927 0.41363 -0.56510 184 61 50
-0.05152 0.39066 -0.53407 184 61 50
-0.04920 0.37088 -0.50720 184 61 50
-0.04982 0.34923 -0.47564 184 61 50
-0.04743 0.33373 -0.43663 184 61 50
-0.05180 0.31427 -0.39251 184 61 50
-0.04997 0.30382 -0.35026 184 61 50
-0.04955 0.28934 -0.29838 184 61 50
-0.05216 0.28377 -0.24302 184 61 50
-0.05050 0.27248 -0.18474 184 61 50
-0.05102 0.27025 -0.11489 184 61 50
-0.05019 0.27081 -0.00135 184 61 50
-0.05019 0.27425 0.11167 184 61 50
-0.05117 0.27689 0.18497 184 61 50
-0.05166 0.28311 0.24632 184 61 50
-0.04921 0.29342 0.29789 184 61 50
-0.05075 0.30269 0.34993 184 61 50
-0.05095 0.31422 0.39434 184 61 50
-0.04943 0.33144 0.43731 184 61 50
-0.04703 0.35108 0.47460 184 61 50
-0.04776 0.37170 0.50911 184 61 50
-0.04981 0.39353 0.53500 184 61 50
-0.04927 0.41690 0.56326 184 61 50
-0.05084 0.44199 0.58306 184 61 50
-0.04909 0.46905 0.60732 184 61 50
-0.05201 0.49238 0.62242 184 61 50
-0.04985 0.52228 0.63317 184 61 50
-0.05266 0.54975 0.64502 184 61 50
-0.04691 0.58160 0.64543 184 61 50
-0.02270 0.61185 0.65014 184 61 50
-0.02415 0.63787 0.64984 184 61 50
-0.02243 0.66730 0.64546 184 61 50
-0.02434 0.69505 0.63535 184 61 50
-0.02726 0.72434 0.62238 184 61 50
-0.02561 0.75559 0.60311 184 61 50
-0.02397 0.77957 0.58363 184 61 50
-0.02769 0.80334 0.56492 184 61 50
-0.02360 0.82998 0.53454 184 61 50
-0.02244 0.84856 0.50740 184 61 50
-0.02583 0.87053 0.47090 184 61 50
-0.02677 0.89147 0.43344 184 61 50
-0.02775 0.90540 0.39758 184 61 50
-0.02402 0.92008 0.34790 184 61 50
-0.02542 0.93059 0.29971 184 61 50
-0.02544 0.93950 0.24761 184 61 50
-0.02696 0.94260 0.18621 184 61 50
-0.02396 0.94768 0.11344 184 61 50
-0.02269 0.95204 0.00158 184 61 50
-0.02467 0.94764 -0.10944 184 61 50
-0.02391 0.94592 -0.18647 184 61 50
-0.02321 0.93816 -0.24645 184 61 50
-0.02291 0.93040 -0.29750 184 61 50
-0.02371 0.91615 -0.34955 184 61 50
-0.02495 0.90481 -0.39202 184 61 50
-0.02421 0.88942 -0.43832 184 61 50
-0.02547 0.87162 -0.47336 184 61 50
-0.02235 0.85217 -0.50519 184 61 50
-0.02656 0.82638 -0.53776 184 61 50
-0.02624 0.80310 -0.56602 184 61 50
-0.02288 0.78101 -0.58308 184 61 50
-0.02428 0.75517 -0.60498 184 61 50
-0.02389 0.72577 -0.62011 184 61 50
-0.02785 0.70004 -0.63197 184 61 50
-0.02788 0.67004 -0.64298 184 61 50
-0.02363 0.64134 -0.64549 184 61 50
-0.02340 0.61036 -0.65042 184 61 50
-0.02448 0.57857 -0.64609 184 61 50
-0.02667 0.55097 -0.64022 184 61 50
-0.02261 0.52293 -0.63361 184 61 50
-0.02367 0.49398 -0.62351 184 61 50
-0.02509 0.46587 -0.60428 184 61 50
-0.02627 0.43771 -0.58375 184 61 50
-0.02623 0.41464 -0.56178 184 61 50
-0.02433 0.39325 -0.53832 184 61 50
-0.02204 0.37056 -0.50739 184 61 50
-0.02199 0.34675 -0.47454 184 61 50
-0.02623 0.33143 -0.43815 184 61 50
-0.02709 0.31839 -0.39269 184 61 50
-0.02201 0.30469 -0.35115 184 61 50
-0.02304 0.29275 -0.30296 184 61 50
-0.02209 0.28378 -0.24325 184 61 50
-0.02291 0.27647 -0.18218 184 61 50
-0.02411 0.27336 -0.11498 184 61 50
-0.02224 0.27271 -0.00163 184 61 50
-0.02512 0.27071 0.11178 184 61 50
-0.02527 0.27559 0.18639 184 61 50
-0.02302 0.28014 0.24474 184 61 50
-0.02394 0.29298 0.30217 184 61 50
-0.02779 0.30063 0.35131 184 61 50
-0.02364 0.31778 0.39281 184 61 50
-0.02537 0.33046 0.43296 184 61 50
-0.02791 0.34919 0.47155 184 61 50
-0.02205 0.36821 0.50932 184 61 50
-0.02497 0.39297 0.53924 184 61 50
-0.02516 0.41484 0.56451 184 61 50
-0.02351 0.43724 0.58591 184 61 50
-0.02491 0.46513 0.60500 184 61 50
-0.02741 0.49191 0.62181 184 61 50
-0.02234 0.52023 0.63438 184 61 50
-0.02392 0.55312 0.64317 184 61 50
-0.02701 0.58278 0.64855 184 61 50
0.00288 0.60794 0.64864 184 61 50
0.00041 0.63908 0.64746 184 61 50
-0.00153 0.66962 0.64324 184 61 50
-0.00150 0.70083 0.63118 184 61 50
0.00208 0.72758 0.62222 184 61 50
-0.00083 0.75219 0.60352 184 61 50
-0.00013 0.77966 0.58887 184 61 50
-0.00261 0.80328 0.56573 184 61 50
0.00220 0.82760 0.53561 184 61 50
0.00236 0.85112 0.50853 184 61 50
-0.00201 0.86822 0.47522 184 61 50
0.00190 0.88608 0.43603 184 61 50
-0.00074 0.90259 0.39460 184 61 50
-0.00001 0.91584 0.34858 184 61 50
-0.00035 0.93236 0.29854 184 61 50
-0.00015 0.93788 0.24449 184 61 50
0.00187 0.94461 0.18163 184 61 50
-0.00165 0.94956 0.11449 184 61 50
0.00086 0.94749 -0.00005 184 61 50
-0.00064 0.94783 -0.11506 184 61 50
0.00284 0.94687 -0.18377 184 61 50
0.00073 0.93852 -0.24337 184 61 50
-0.00020 0.92944 -0.29941 184 61 50
0.00147 0.91634 -0.34901 184 61 50
0.00065 0.90726 -0.39434 184 61 50
-0.00105 0.88656 -0.43409 184 61 50
-0.00027 0.87041 -0.47293 184 61 50
0.00156 0.85048 -0.50396 184 61 50
-0.00126 0.82564 -0.53644 184 61 50
-0.00024 0.80454 -0.56372 184 61 50
0.00179 0.78266 -0.58821 184 61 50
0.00179 0.75637 -0.60836 184 61 50
0.00077 0.72499 -0.62357 184 61 50
0.00218 0.69651 -0.63278 184 61 50
-0.00040 0.67005 -0.64532 184 61 50
-0.00173 0.64019 -0.64670 184 61 50
0.00165 0.61234 -0.65250 184 61 50
-0.00232 0.57877 -0.64744 184 61 50
-0.00020 0.55345 -0.64462 184 61 50
-0.00275 0.52432 -0.63401 184 61 50
-0.00147 0.49373 -0.62210 184 61 50
-0.00081 0.46598 -0.60624 184 61 50
0.00245 0.44228 -0.58595 184 61 50
0.00002 0.41248 -0.56344 184 61 50
-0.00237 0.38932 -0.53817 184 61 50
-0.00295 0.37250 -0.50933 184 61 50
0.00128 0.34829 -0.47116 184 61 50
-0.00113 0.33027 -0.43858 184 61 50
-0.00106 0.31294 -0.39246 184 61 50
-0.00218 0.29911 -0.35063 184 61 50
-0.00213 0.28780 -0.29770 184 61 50
0.00173 0.27921 -0.24446 184 61 50
0.00079 0.27610 -0.18183 184 61 50
0.00192 0.27142 -0.11489 184 61 50
-0.00039 0.27268 -0.00174 184 61 50
0.00185 0.27246 0.11002 184 61 50
0.00032 0.27489 0.18202 184 61 50
-0.00175 0.28003 0.24476 184 61 50
0.00167 0.29009 0.29920 184 61 50
0.00028 0.30250 0.34997 184 61 50
0.00184 0.31366 0.39220 184 61 50
-0.00048 0.33261 0.43690 184 61 50
0.00071 0.34919 0.47102 184 61 50
-0.00280 0.36667 0.50629 184 61 50
0.00297 0.39374 0.53807 184 61 50
-0.00136 0.41398 0.56005 184 61 50
-0.00145 0.43884 0.58669 184 61 50
0.00021 0.46671 0.60710 184 61 50
0.00078 0.49110 0.62265 184 61 50
0.00184 0.52210 0.63678 184 61 50
0.00168 0.55216 0.64422 184 61 50
0.00137 0.58221 0.64526 184 61 50
0.02464 0.61284 0.64834 184 61 50
0.02565 0.64197 0.65114 184 61 50
0.02358 0.67005 0.64198 184 61 50
0.02620 0.69590 0.63208 184 61 50
0.02241 0.72859 0.62109 184 61 50
0.02219 0.75321 0.60344 184 61 50
0.02431 0.78125 0.58311 184 61 50
0.02679 0.80452 0.56378 184 61 50
0.02758 0.82830 0.53833 184 61 50
0.02242 0.85316 0.50725 184 61 50
0.02319 0.87293 0.47504 184 61 50
0.02307 0.89108 0.43450 184 61 50
0.02528 0.90255 0.39687 184 61 50
0.02319 0.91736 0.34914 184 61 50
0.02409 0.92762 0.29976 184 61 50
0.02380 0.93647 0.24570 184 61 50
0.02257 0.94696 0.18462 184 61 50
0.02767 0.94711 0.11100 184 61 50
0.02530 0.95009 -0.00254 184 61 50
0.02289 0.94595 -0.11123 184 61 50
0.02384 0.94262 -0.18530 184 61 50
0.02382 0.93596 -0.24737 184 61 50
0.02427 0.92826 -0.30060 184 61 50
0.02383 0.91867 -0.34897 184 61 50
0.02596 0.90238 -0.39611 184 61 50
0.02767 0.88711 -0.43354 184 61 50
0.02427 0.87184 -0.47294 184 61 50
0.02692 0.84983 -0.50834 184 61 50
0.02739 0.82688 -0.53495 184 61 50
0.02346 0.80351 -0.56218 184 61 50
0.02489 0.77882 -0.58573 184 61 50
0.02733 0.75378 -0.60836 184 61 50
0.02715 0.72644 -0.62274 184 61 50
0.02278 0.69880 -0.63681 184 61 50
0.02644 0.66770 -0.64533 184 61 50
0.02416 0.64188 -0.64655 184 61 50
0.02562 0.61274 -0.64848 184 61 50
0.02638 0.58114 -0.64530 184 61 50
0.02425 0.54972 -0.64433 184 61 50
0.02228 0.52125 -0.63382 184 61 50
0.02727 0.49657 -0.62035 184 61 50
0.02708 0.46409 -0.60273 184 61 50
0.02277 0.43710 -0.58703 184 61 50
0.02703 0.41477 -0.56214 184 61 50
0.02722 0.39165 -0.53681 184 61 50
0.02337 0.36860 -0.50898 184 61 50
0.02760 0.35158 -0.47021 184 61 50
0.02587 0.33034 -0.43326 184 61 50
0.02374 0.31292 -0.39186 184 61 50
0.02599 0.30462 -0.34907 184 61 50
0.02742 0.29143 -0.30293 184 61 50
0.02289 0.28164 -0.24385 184 61 50
0.02653 0.27535 -0.18442 184 61 50
0.02738 0.27413 -0.11053 184 61 50
0.02572 0.27115 0.00204 184 61 50
0.02411 0.27065 0.11175 184 61 50
0.02496 0.27553 0.18165 184 61 50
0.02392 0.28414 0.24285 184 61 50
0.02645 0.28999 0.29939 184 61 50
0.02776 0.30402 0.34920 184 61 50
0.02415 0.31617 0.39694 184 61 50
0.02515 0.33348 0.43486 184 61 50
0.02755 0.34940 0.47576 184 61 50
0.02541 0.37141 0.50567 184 61 50
0.02290 0.38950 0.53574 184 61 50
0.02582 0.41563 0.56080 184 61 50
0.02236 0.44143 0.58714 184 61 50
0.02591 0.46376 0.60505 184 61 50
0.02356 0.49169 0.61915 184 61 50
0.02481 0.51948 0.63139 184 61 50
0.02685 0.55015 0.64062 184 61 50
0.02427 0.57750 0.64714 184 61 50
0.05064 0.60818 0.65056 184 61 50
0.04983 0.63997 0.64992 184 61 50
0.04971 0.67180 0.64341 184 61 50
0.04836 0.69859 0.63524 184 61 50
0.05269 0.72369 0.62358 184 61 50
0.05045 0.75638 0.60480 184 61 50
0.04770 0.78169 0.58707 184 61 50
0.04979 0.80209 0.56422 184 61 50
0.04934 0.82686 0.53770 184 61 50
0.05115 0.85029 0.50629 184 61 50
0.04803 0.86750 0.47469 184 61 50
0.04893 0.89128 0.43739 184 61 50
0.04885 0.90329 0.39200 184 61 50
0.04806 0.92067 0.35003 184 61 50
0.04748 0.92696 0.30101 184 61 50
0.04762 0.93788 0.24359 184 61 50
0.05036 0.94667 0.18650 184 61 50
0.04719 0.94829 0.11304 184 61 50
0.04994 0.94748 -0.00228 184 61 50
0.04728 0.95143 -0.11443 184 61 50
0.04686 0.94600 -0.18184 184 61 50
0.05264 0.94092 -0.24785 184 61 50
0.05097 0.92782 -0.29988 184 61 50
0.04709 0.91943 -0.35226 184 61 50
0.04823 0.90259 -0.39501 184 61 50
0.04757 0.89149 -0.43763 184 61 50
0.04815 0.86947 -0.47395 184 61 50
0.04691 0.85237 -0.50616 184 61 50
0.05201 0.82886 -0.53578 184 61 50
0.05220 0.80493 -0.56499 184 61 50
0.04737 0.77991 -0.58628 184 61 50
0.04919 0.75350 -0.60337 184 61 50
0.05217 0.72901 -0.61975 184 61 50
0.04859 0.69788 -0.63243 184 61 50
0.04697 0.66958 -0.64508 184 61 50
0.04769 0.63943 -0.64664 184 61 50
0.04961 0.60939 -0.64995 184 61 50
0.04828 0.58327 -0.64586 184 61 50
0.04777 0.54881 -0.64120 184 61 50
0.05110 0.52172 -0.63338 184 61 50
0.05272 0.49504 -0.62218 184 61 50
0.05091 0.46389 -0.60589 184 61 50
0.04694 0.44291 -0.58798 184 61 50
0.05150 0.41554 -0.56160 184 61 50
0.04961 0.39226 -0.53433 184 61 50
0.04957 0.37123 -0.50350 184 61 50
0.05180 0.34737 -0.47412 184 61 50
0.05178 0.33372 -0.43685 184 61 50
0.04839 0.31762 -0.39397 184 61 50
0.04715 0.29975 -0.34679 184 61 50
0.04745 0.29168 -0.29789 184 61 50
0.04983 0.28424 -0.24764 184 61 50
0.04721 0.27356 -0.18188 184 61 50
0.04752 0.27074 -0.11444 184 61 50
0.05028 0.27175 -0.00267 184 61 50
0.05167 0.27153 0.11161 184 61 50
0.04825 0.27271 0.18562 184 61 50
0.05153 0.27997 0.24418 184 61 50
0.04938 0.29115 0.29987 184 61 50
0.04742 0.30157 0.35191 184 61 50
0.04951 0.31510 0.39585 184 61 50
0.05201 0.33334 0.43460 184 61 50
0.05181 0.34938 0.47206 184 61 50
0.05222 0.36697 0.50505 184 61 50
0.05058 0.39041 0.53867 184 61 50
0.05149 0.41438 0.56502 184 61 50
0.05173 0.44300 0.58738 184 61 50
0.04989 0.46603 0.60449 184 61 50
0.04813 0.49305 0.61950 184 61 50
0.04894 0.52180 0.63386 184 61 50
0.04942 0.54975 0.64394 184 61 50
0.04960 0.57765 0.64834 184 61 50
0.07639 0.60827 0.65243 184 61 50
0.07421 0.63885 0.64675 184 61 50
0.07313 0.66751 0.64126 184 61 50
0.07626 0.70013 0.63667 184 61 50
0.07674 0.72892 0.62390 184 61 50
0.07278 0.75442 0.60677 184 61 50
0.07210 0.78190 0.58625 184 61 50
0.07721 0.80355 0.56337 184 61 50
0.07242 0.83085 0.53620 184 61 50
0.07459 0.85164 0.50697 184 61 50
0.07282 0.87038 0.47014 184 61 50
0.07695 0.88753 0.43673 184 61 50
0.07201 0.90268 0.39284 184 61 50
0.07653 0.91786 0.35159 184 61 50
0.07576 0.93064 0.30033 184 61 50
0.07561 0.94033 0.24829 184 61 50
0.07521 0.94570 0.18570 184 61 50
0.07240 0.95168 0.11391 184 61 50
0.07278 0.94900 0.00151 184 61 50
0.07684 0.94886 -0.11300 184 61 50
0.07376 0.94382 -0.18726 184 61 50
0.07485 0.93700 -0.24369 184 61 50
0.07734 0.92884 -0.30204 184 61 50
0.07769 0.91764 -0.34731 184 61 50
0.07209 0.90533 -0.39408 184 61 50
0.07618 0.88585 -0.43748 184 61 50
0.07268 0.87069 -0.47367 184 61 50
0.07531 0.84858 -0.50853 184 61 50
0.07392 0.82647 -0.53494 184 61 50
0.07400 0.80606 -0.56465 184 61 50
0.07581 0.78228 -0.58886 184 61 50
0.07260 0.75346 -0.60477 184 61 50
0.07672 0.72679 -0.62242 184 61 50
0.07182 0.69565 -0.63153 184 61 50
0.07742 0.67022 -0.64417 184 61 50
0.07670 0.63931 -0.65119 184 61 50
0.07403 0.61237 -0.65040 184 61 50
0.07241 0.58218 -0.64757 184 61 50
0.07365 0.54977 -0.64381 184 61 50
0.07231 0.52074 -0.63138 184 61 50
0.07770 0.49299 -0.61957 184 61 50
0.07617 0.46909 -0.60678 184 61 50
0.07575 0.44255 -0.58764 184 61 50
0.07199 0.41736 -0.56555 184 61 50
0.07592 0.39355 -0.53709 184 61 50
0.07227 0.36931 -0.50370 184 61 50
0.07355 0.35057 -0.47441 184 61 50
0.07522 0.33057 -0.43573 184 61 50
0.07723 0.31777 -0.39635 184 61 50
0.07670 0.30019 -0.35038 184 61 50
0.07292 0.29081 -0.30208 184 61 50
0.07441 0.28380 -0.24743 184 61 50
0.07230 0.27258 -0.18479 184 61 50
0.07319 0.27019 -0.11411 184 61 50
0.07497 0.27032 0.00027 184 61 50
0.07178 0.27056 0.11116 184 61 50
0.07568 0.27513 0.18149 184 61 50
0.07306 0.28128 0.24422 184 61 50
0.07527 0.29233 0.29909 184 61 50
0.07707 0.30231 0.34825 184 61 50
0.07338 0.31285 0.39472 184 61 50
0.07181 0.32928 0.43552 184 61 50
0.07679 0.35111 0.47436 184 61 50
0.07415 0.37026 0.50556 184 61 50
0.07428 0.39434 0.53411 184 61 50
0.07676 0.41419 0.56391 184 61 50
0.07488 0.44000 0.58848 184 61 50
0.07655 0.46518 0.60695 184 61 50
0.07353 0.49328 0.61854 184 61 50
0.07341 0.52442 0.63613 184 61 50
0.07395 0.54818 0.64555 184 61 50
0.07377 0.58309 0.64917 184 61 50
0.10260 0.60723 0.64950 184 61 50
0.09969 0.63693 0.64620 184 61 50
0.10110 0.67041 0.64183 184 61 50
0.09749 0.69880 0.63689 184 61 50
0.09678 0.72720 0.62051 184 61 50
0.09848 0.75107 0.60545 184 61 50
0.09695 0.78142 0.58756 184 61 50
0.10196 0.80300 0.56035 184 61 50
0.09756 0.82577 0.53434 184 61 50
0.10210 0.84797 0.50880 184 61 50
0.09953 0.87071 0.47554 184 61 50
0.09854 0.88885 0.43765 184 61 50
0.09982 0.90558 0.39211 184 61 50
0.10065 0.91921 0.34768 184 61 50
0.09687 0.92967 0.29882 184 61 50
0.09984 0.93574 0.24536 184 61 50
0.09750 0.94605 0.18429 184 61 50
0.09968 0.95063 0.11370 184 61 50
0.10210 0.95084 -0.00252 184 61 50
0.09744 0.95011 -0.10955 184 61 50
0.10009 0.94600 -0.18194 184 61 50
0.09785 0.93913 -0.24361 184 61 50
0.09743 0.92694 -0.30320 184 61 50
0.09746 0.91916 -0.35051 184 61 50
0.09719 0.90623 -0.39301 184 61 50
0.09955 0.88826 -0.43277 184 61 50
0.10007 0.86783 -0.47036 184 61 50
0.10105 0.85133 -0.50819 184 61 50
0.09676 0.82981 -0.53728 184 61 50
0.10224 0.80661 -0.56085 184 61 50
0.09799 0.78125 -0.58417 184 61 50
0.10177 0.75357 -0.60726 184 61 50
0.09936 0.72818 -0.62363 184 61 50
0.10081 0.69698 -0.63396 184 61 50
0.10156 0.67127 -0.64312 184 61 50
0.09981 0.64149 -0.64945 184 61 50
0.09824 0.60912 -0.65255 184 61 50
0.09674 0.57846 -0.64749 184 61 50
0.10108 0.54880 -0.64081 184 61 50
0.09715 0.52239 -0.63120 184 61 50
0.09930 0.49469 -0.61996 184 61 50
0.10014 0.46356 -0.60577 184 61 50
0.09817 0.44205 -0.58620 184 61 50
0.09746 0.41745 -0.56011 184 61 50
0.10087 0.39140 -0.53705 184 61 50
0.10069 0.36846 -0.50435 184 61 50
0.09704 0.34734 -0.47308 184 61 50
0.09904 0.33328 -0.43635 184 61 50
0.09950 0.31465 -0.39434 184 61 50
0.09744 0.30285 -0.34912 184 61 50
0.09761 0.28838 -0.30069 184 61 50
0.09855 0.27891 -0.24459 184 61 50
0.09747 0.27785 -0.18375 184 61 50
0.09747 0.26924 -0.11443 184 61 50
0.10259 0.26816 -0.00183 184 61 50
0.09959 0.26858 0.11251 184 61 50
0.10029 0.27622 0.18259 184 61 50
0.10146 0.28419 0.24643 184 61 50
0.10231 0.28778 0.29950 184 61 50
0.10219 0.30434 0.35120 184 61 50
0.09801 0.31357 0.39500 184 61 50
0.10010 0.33135 0.43427 184 61 50
0.09754 0.34810 0.47388 184 61 50
0.09722 0.36866 0.50548 184 61 50
0.10244 0.39396 0.53473 184 61 50
0.09941 0.41454 0.56526 184 61 50
0.10008 0.44045 0.58311 184 61 50
0.10157 0.46891 0.60341 184 61 50
0.10222 0.49633 0.62433 184 61 50
0.09688 0.52478 0.63600 184 61 50
0.09933 0.55026 0.64320 184 61 50
0.10232 0.57789 0.64972 184 61 50
0.12271 0.61010 0.65041 184 61 50
0.12349 0.64113 0.64800 184 61 50
0.12160 0.66744 0.64264 184 61 50
0.12657 0.69804 0.63452 184 61 50
0.12715 0.72345 0.61875 184 61 50
0.12393 0.75330 0.60542 184 61 50
0.12465 0.77957 0.58592 184 61 50
0.12573 0.80332 0.56271 184 61 50
0.12683 0.83017 0.53930 184 61 50
0.12691 0.85180 0.50911 184 61 50
0.12542 0.87145 0.47189 184 61 50
0.12568 0.88655 0.43401 184 61 50
0.12209 0.90697 0.39504 184 61 50
0.12316 0.91532 0.34931 184 61 50
0.12233 0.93099 0.30318 184 61 50
0.12675 0.93790 0.24340 184 61 50
0.12159 0.94489 0.18469 184 61 50
0.12693 0.94935 0.11297 184 61 50
0.12609 0.94914 0.00076 184 61 50
0.12713 0.95049 -0.10935 184 61 50
0.12673 0.94472 -0.18215 184 61 50
0.12738 0.93768 -0.24860 184 61 50
0.12551 0.93177 -0.30022 184 61 50
0.12623 0.91682 -0.35257 184 61 50
0.12381 0.90625 -0.39757 184 61 50
0.12289 0.88676 -0.43811 184 61 50
0.12709 0.86933 -0.47216 184 61 50
0.12688 0.85202 -0.50391 184 61 50
0.12612 0.82939 -0.53593 184 61 50
0.12424 0.80684 -0.56092 184 61 50
0.12458 0.77832 -0.58801 184 61 50
0.12453 0.75385 -0.60724 184 61 50
0.12190 0.72699 -0.62270 184 61 50
0.12669 0.69589 -0.63385 184 61 50
0.12436 0.67056 -0.64073 184 61 50
0.12513 0.63763 -0.64605 184 61 50
0.12618 0.60756 -0.64778 184 61 50
0.12284 0.58043 -0.64765 184 61 50
0.12471 0.55236 -0.64034 184 61 50
0.12608 0.51998 -0.63532 184 61 50
0.12647 0.49396 -0.61960 184 61 50
0.12648 0.46337 -0.60691 184 61 50
0.12697 0.44179 -0.58845 184 61 50
0.12593 0.41783 -0.56218 184 61 50
0.12635 0.39432 -0.53919 184 61 50
0.12326 0.37111 -0.50857 184 61 50
0.12453 0.35025 -0.47395 184 61 50
0.12700 0.33261 -0.43561 184 61 50
0.12495 0.31521 -0.39649 184 61 50
0.12223 0.30204 -0.35134 184 61 50
0.12373 0.28843 -0.30191 184 61 50
0.12486 0.28009 -0.24465 184 61 50
0.12222 0.27556 -0.18270 184 61 50
0.12227 0.26862 -0.11399 184 61 50
0.12466 0.26705 0.00011 184 61 50
0.12671 0.26988 0.11193 184 61 50
0.12621 0.27318 0.18270 184 61 50
0.12539 0.28337 0.24381 184 61 50
0.12178 0.29232 0.29812 184 61 50
0.12661 0.30078 0.34826 184 61 50
0.12611 0.31827 0.39636 184 61 50
0.12491 0.33065 0.43640 184 61 50
0.12444 0.35046 0.47125 184 61 50
0.12158 0.37212 0.50590 184 61 50
0.12722 0.38985 0.53925 184 61 50
0.12249 0.41453 0.56304 184 61 50
0.12528 0.44110 0.58814 184 61 50
0.12661 0.46908 0.60399 184 61 50
0.12177 0.49516 0.61881 184 61 50
0.12611 0.52050 0.63680 184 61 50
0.12448 0.55162 0.64369 184 61 50
0.12252 0.58182 0.64953 184 61 50
0.14655 0.60999 0.64945 184 61 50
0.14771 0.64113 0.64672 184 61 50
0.15086 0.66838 0.64106 184 61 50
0.14759 0.69857 0.63191 184 61 50
0.15185 0.72767 0.62145 184 61 50
0.14726 0.75138 0.60742 184 61 50
0.14822 0.78257 0.58494 184 61 50
0.14955 0.80220 0.56202 184 61 50
0.15137 0.83077 0.53761 184 61 50
0.14679 0.84751 0.50871 184 61 50
0.14870 0.87256 0.47568 184 61 50
0.15153 0.88833 0.43806 184 61 50
0.14891 0.90506 0.39198 184 61 50
0.14816 0.91723 0.34822 184 61 50
0.15092 0.92852 0.29844 184 61 50
0.14977 0.93857 0.24367 184 61 50
0.14951 0.94772 0.18623 184 61 50
0.15023 0.94907 0.11236 184 61 50
0.14853 0.94711 0.00153 184 61 50
0.14678 0.95083 -0.11467 184 61 50
0.14751 0.94550 -0.18341 184 61 50
0.15212 0.93860 -0.24625 184 61 50
0.14773 0.93211 -0.30003 184 61 50
0.15244 0.91857 -0.34892 184 61 50
0.14650 0.90673 -0.39298 184 61 50
0.14918 0.88555 -0.43539 184 61 50
0.15067 0.87081 -0.47052 184 61 50
0.14801 0.84872 -0.50683 184 61 50
0.15119 0.82717 -0.53365 184 61 50
0.15195 0.80573 -0.56215 184 61 50
0.14670 0.78226 -0.58466 184 61 50
0.15097 0.75253 -0.60319 184 61 50
0.14906 0.72759 -0.62276 184 61 50
0.14999 0.69765 -0.63201 184 61 50
0.14755 0.66926 -0.64345 184 61 50
0.14678 0.63916 -0.64941 184 61 50
0.14799 0.60724 -0.64944 184 61 50
0.14650 0.57817 -0.64946 184 61 50
0.15230 0.54831 -0.64338 184 61 50
0.15146 0.52419 -0.63365 184 61 50
0.14971 0.49331 -0.61891 184 61 50
0.14989 0.46701 -0.60629 184 61 50
0.15032 0.43761 -0.58325 184 61 50
0.14714 0.41742 -0.56577 184 61 50
0.14911 0.38853 -0.53484 184 61 50
0.15224 0.36866 -0.50425 184 61 50
0.15003 0.35139 -0.47411 184 61 50
0.14833 0.33176 -0.43325 184 61 50
0.14745 0.31521 -0.39190 184 61 50
0.14856 0.29958 -0.34878 184 61 50
0.14951 0.28860 -0.29837 184 61 50
0.14726 0.28387 -0.24564 184 61 50
0.14949 0.27578 -0.18435 184 61 50
0.14896 0.27109 -0.11152 184 61 50
0.15107 0.27042 -0.00243 184 61 50
0.14791 0.26835 0.11151 184 61 50
0.15036 0.27415 0.18268 184 61 50
0.14776 0.28206 0.24859 184 61 50
0.14760 0.28849 0.30118 184 61 50
0.15106 0.30189 0.34901 184 61 50
0.14848 0.31394 0.39336 184 61 50
0.15133 0.33347 0.43797 184 61 50
0.14689 0.35013 0.47311 184 61 50
0.15012 0.36937 0.50433 184 61 50
0.14820 0.39166 0.53510 184 61 50
0.15098 0.41700 0.56107 184 61 50
0.14971 0.44051 0.58730 184 61 50
0.14985 0.46383 0.60751 184 61 50
0.15243 0.49084 0.62043 184 61 50
0.14856 0.51953 0.63498 184 61 50
0.14788 0.55177 0.64148 184 61 50
0.14803 0.58251 0.64717 184 61 50
0.17598 0.60715 0.64727 184 61 50
0.17596 0.63750 0.64940 184 61 50
0.17308 0.67095 0.64291 184 61 50
0.17682 0.69653 0.63477 184 61 50
0.17225 0.72613 0.61956 184 61 50
0.17691 0.75302 0.60792 184 61 50
0.17491 0.78065 0.58747 184 61 50
0.17648 0.80233 0.56354 184 61 50
0.17492 0.82560 0.53372 184 61 50
0.17268 0.84950 0.50546 184 61 50
0.17408 0.87204 0.47545 184 61 50
0.17707 0.88646 0.43798 184 61 50
0.17437 0.90243 0.39702 184 61 50
0.17169 0.91857 0.35256 184 61 50
0.17425 0.92835 0.29851 184 61 50
0.17596 0.93560 0.24575 184 61 50
0.17455 0.94545 0.18181 184 61 50
0.17243 0.94616 0.11220 184 61 50
0.17631 0.95020 -0.00227 184 61 50
0.17468 0.94962 -0.11318 184 61 50
0.17284 0.94438 -0.18185 184 61 50
0.17637 0.93751 -0.24711 184 61 50
0.17570 0.92702 -0.29906 184 61 50
0.17179 0.91554 -0.35204 184 61 50
0.17171 0.90461 -0.39526 184 61 50
0.17581 0.89107 -0.43418 184 61 50
0.17354 0.86825 -0.47352 184 61 50
0.17267 0.85030 -0.50487 184 61 50
0.17433 0.82576 -0.53419 184 61 50
0.17651 0.80504 -0.56423 184 61 50
0.17161 0.78022 -0.58424 184 61 50
0.17406 0.75621 -0.60804 184 61 50
0.17603 0.72804 -0.62214 184 61 50
0.17728 0.69892 -0.63629 184 61 50
0.17530 0.66700 -0.64476 184 61 50
0.17159 0.63943 -0.64806 184 61 50
0.17563 0.61246 -0.64826 184 61 50
0.17235 0.57774 -0.64806 184 61 50
0.17433 0.54904 -0.64112 184 61 50
0.17215 0.51916 -0.63394 184 61 50
0.17663 0.49303 -0.61988 184 61 50
0.17674 0.46547 -0.60442 184 61 50
0.17345 0.43993 -0.58885 184 61 50
0.17509 0.41618 -0.56045 184 61 50
0.17231 0.39315 -0.53511 184 61 50
0.17238 0.36955 -0.50637 184 61 50
0.17690 0.34748 -0.47318 184 61 50
0.17639 0.33256 -0.43822 184 61 50
0.17468 0.31833 -0.39563 184 61 50
0.17320 0.30291 -0.34699 184 61 50
0.17486 0.29320 -0.30046 184 61 50
0.17159 0.28295 -0.24448 184 61 50
0.17331 0.27755 -0.18155 184 61 50
0.17502 0.27363 -0.11223 184 61 50
0.17366 0.27248 -0.00294 184 61 50
0.17568 0.26961 0.11274 184 61 50
0.17405 0.27533 0.18704 184 61 50
0.17639 0.28431 0.24380 184 61 50
0.17399 0.28765 0.30278 184 61 50
0.17586 0.30327 0.34877 184 61 50
0.17360 0.31671 0.39605 184 61 50
0.17421 0.32944 0.43717 184 61 50
0.17486 0.35190 0.47079 184 61 50
0.17309 0.36794 0.50632 184 61 50
0.17196 0.38921 0.53700 184 61 50
0.17635 0.41471 0.56060 184 61 50
0.17353 0.44021 0.58779 184 61 50
0.17467 0.46773 0.60717 184 61 50
0.17478 0.49368 0.62075 184 61 50
0.17704 0.52026 0.63179 184 61 50
0.17329 0.54924 0.64529 184 61 50
0.17351 0.58155 0.64586 184 61 50
0.19847 0.61018 0.64739 184 61 50
0.19805 0.63981 0.65114 184 61 50
0.19996 0.66799 0.64112 184 61 50
0.19935 0.69959 0.63379 184 61 50
0.20064 0.72447 0.61879 184 61 50
0.19829 0.75151 0.60482 184 61 50
0.20183 0.77919 0.58629 184 61 50
0.20217 0.80349 0.56182 184 61 50
0.20150 0.83113 0.53462 184 61 50
0.20127 0.85231 0.50591 184 61 50
0.20048 0.87314 0.47050 184 61 50
0.20171 0.88585 0.43359 184 61 50
0.20009 0.90716 0.39662 184 61 50
0.19642 0.91763 0.35049 184 61 50
0.20043 0.93184 0.30084 184 61 50
0.19863 0.93708 0.24711 184 61 50
0.19887 0.94554 0.18451 184 61 50
0.19976 0.94822 0.11215 184 61 50
0.20116 0.94916 -0.00239 184 61 50
0.19719 0.94713 -0.11432 184 61 50
0.19932 0.94699 -0.18361 184 61 50
0.19864 0.93589 -0.24314 184 61 50
0.19817 0.92697 -0.29857 184 61 50
0.20186 0.91627 -0.34988 184 61 50
0.19936 0.90547 -0.39463 184 61 50
0.19721 0.88613 -0.43610 184 61 50
0.19786 0.87108 -0.47330 184 61 50
0.20080 0.85052 -0.50510 184 61 50
0.19874 0.82948 -0.53366 184 61 50
0.20092 0.80751 -0.56354 184 61 50
0.19828 0.78090 -0.58408 184 61 50
0.20224 0.75395 -0.60757 184 61 50
0.20018 0.72718 -0.62372 184 61 50
0.19976 0.69785 -0.63196 184 61 50
0.20182 0.66901 -0.64057 184 61 50
0.19770 0.64182 -0.64707 184 61 50
0.20052 0.60935 -0.65175 184 61 50
0.19849 0.58128 -0.65069 184 61 50
0.19966 0.55058 -0.64236 184 61 50
0.20210 0.52062 -0.63216 184 61 50
0.20161 0.49236 -0.62347 184 61 50
0.19765 0.46436 -0.60661 184 61 50
0.20025 0.43887 -0.58428 184 61 50
0.19677 0.41325 -0.56165 184 61 50
0.19922 0.38926 -0.53822 184 61 50
0.19751 0.36741 -0.50939 184 61 50
0.19951 0.34705 -0.47081 184 61 50
0.19730 0.33355 -0.43302 184 61 50
0.19765 0.31331 -0.39202 184 61 50
0.20084 0.29924 -0.34769 184 61 50
0.20099 0.29040 -0.29774 184 61 50
0.20028 0.28233 -0.24337 184 61 50
0.19640 0.27603 -0.18463 184 61 50
0.19664 0.27153 -0.11017 184 61 50
0.20192 0.27135 -0.00124 184 61 50
0.20090 0.27114 0.11014 184 61 50
0.19660 0.27408 0.18264 184 61 50
0.19662 0.28103 0.24294 184 61 50
0.19909 0.28914 0.29945 184 61 50
0.19748 0.30187 0.35221 184 61 50
0.19729 0.31293 0.39660 184 61 50
0.19871 0.33162 0.43397 184 61 50
0.19657 0.35061 0.47286 184 61 50
0.20078 0.36835 0.50711 184 61 50
0.19973 0.38962 0.53563 184 61 50
0.19726 0.41239 0.56597 184 61 50
0.19745 0.43982 0.58687 184 61 50
0.20026 0.46787 0.60814 184 61 50
0.20136 0.49436 0.62308 184 61 50
0.19832 0.52164 0.63282 184 61 50
0.19727 0.54871 0.64474 184 61 50
0.20123 0.58065 0.64715 184 61 50
0.22279 0.60708 0.64695 184 61 50
0.22253 0.64076 0.64672 184 61 50
0.22240 0.66650 0.64232 184 61 50
0.22568 0.69510 0.63425 184 61 50
0.22389 0.72479 0.62421 184 61 50
0.22442 0.75383 0.60300 184 61 50
0.22157 0.78185 0.58471 184 61 50
0.22355 0.80667 0.56433 184 61 50
0.22301 0.82937 0.53450 184 61 50
0.22368 0.85272 0.50698 184 61 50
0.22660 0.87341 0.47344 184 61 50
0.22590 0.89020 0.43594 184 61 50
0.22292 0.90392 0.39425 184 61 50
0.22220 0.91555 0.35182 184 61 50
0.22367 0.93074 0.30101 184 61 50
0.22394 0.93543 0.24279 184 61 50
0.22716 0.94312 0.18222 184 61 50
0.22652 0.94826 0.11082 184 61 50
0.22320 0.95123 -0.00159 184 61 50
0.22535 0.94957 -0.11366 184 61 50
0.22139 0.94571 -0.18423 184 61 50
0.22627 0.93911 -0.24399 184 61 50
0.22258 0.93093 -0.30202 184 61 50
0.22470 0.92073 -0.34825 184 61 50
0.22257 0.90671 -0.39485 184 61 50
0.22545 0.88807 -0.43520 184 61 50
0.22481 0.87330 -0.47339 184 61 50
0.22665 0.85019 -0.50410 184 61 50
0.22208 0.82752 -0.53597 184 61 50
0.22462 0.80293 -0.56562 184 61 50
0.22305 0.77960 -0.58412 184 61 50
0.22611 0.75140 -0.60275 184 61 50
0.22663 0.72578 -0.62033 184 61 50
0.22594 0.69822 -0.63612 184 61 50
0.22299 0.66920 -0.64454 184 61 50
0.22318 0.63990 -0.65040 184 61 50
0.22315 0.60907 -0.65150 184 61 50
0.22511 0.57908 -0.64708 184 61 50
0.22513 0.55173 -0.64087 184 61 50
0.22504 0.52005 -0.63683 184 61 50
0.22344 0.49659 -0.62091 184 61 50
0.22617 0.46406 -0.60534 184 61 50
0.22692 0.44140 -0.58475 184 61 50
0.22269 0.41704 -0.56308 184 61 50
0.22679 0.39309 -0.53891 184 61 50
0.22516 0.36922 -0.50565 184 61 50
0.22679 0.34748 -0.46997 184 61 50
0.22653 0.33413 -0.43415 184 61 50
0.22642 0.31707 -0.39213 184 61 50
0.22268 0.30164 -0.34916 184 61 50
0.22403 0.28934 -0.29830 184 61 50
0.22291 0.27942 -0.24415 184 61 50
0.22382 0.27563 -0.18280 184 61 50
0.22333 0.26852 -0.11266 184 61 50
0.22656 0.27015 -0.00090 184 61 50
0.22544 0.27238 0.11494 184 61 50
0.22695 0.27607 0.18324 184 61 50
0.22197 0.28412 0.24759 184 61 50
0.22458 0.29337 0.29885 184 61 50
0.22323 0.30023 0.34900 184 61 50
0.22633 0.31432 0.39594 184 61 50
0.22496 0.33263 0.43572 184 61 50
0.22611 0.35024 0.47182 184 61 50
0.22405 0.36824 0.50919 184 61 50
0.22698 0.38845 0.53621 184 61 50
0.22213 0.41292 0.56021 184 61 50
0.22233 0.43817 0.58656 184 61 50
0.22426 0.46401 0.60321 184 61 50
0.22228 0.49503 0.62110 184 61 50
0.22379 0.52133 0.63572 184 61 50
0.22693 0.55014 0.64301 184 61 50
0.22572 0.57974 0.65048 184 61 50
0.24857 0.60841 0.65124 184 61 50
0.24938 0.63832 0.64829 184 61 50
0.25207 0.67086 0.64550 184 61 50
0.24640 0.69617 0.63170 184 61 50
0.25109 0.72683 0.61889 184 61 50
0.25052 0.75478 0.60801 184 61 50
0.25183 0.77968 0.58717 184 61 50
0.24739 0.80623 0.56108 184 61 50
0.24888 0.82900 0.53538 184 61 50
0.25204 0.84790 0.50750 184 61 50
0.25054 0.87187 0.47085 184 61 50
0.24782 0.88812 0.43693 184 61 50
0.24654 0.90315 0.39499 184 61 50
0.24874 0.92039 0.35161 184 61 50
0.24793 0.93233 0.30140 184 61 50
0.24959 0.93557 0.24299 184 61 50
0.24825 0.94616 0.18228 184 61 50
0.24964 0.94676 0.11140 184 61 50
0.25063 0.95121 0.00095 184 61 50
0.24953 0.94916 -0.11132 184 61 50
0.24894 0.94479 -0.18397 184 61 50
0.24809 0.93665 -0.24745 184 61 50
0.25075 0.92753 -0.30051 184 61 50
0.24951 0.91851 -0.34711 184 61 50
0.25118 0.90466 -0.39266 184 61 50
0.25088 0.88686 -0.43632 184 61 50
0.24826 0.87265 -0.47411 184 61 50
0.24740 0.84928 -0.50635 184 61 50
0.24807 0.83109 -0.53810 184 61 50
0.24616 0.80228 -0.56144 184 61 50
0.25122 0.77745 -0.58427 184 61 50
0.25099 0.75096 -0.60413 184 61 50
0.24989 0.72769 -0.62211 184 61 50
0.24820 0.69559 -0.63200 184 61 50
0.24798 0.66933 -0.64353 184 61 50
0.24867 0.63948 -0.64927 184 61 50
0.24672 0.61286 -0.65065 184 61 50
0.25111 0.57779 -0.64584 184 61 50
0.24716 0.54920 -0.64276 184 61 50
0.25107 0.52474 -0.63344 184 61 50
0.25090 0.49417 -0.62114 184 61 50
0.24736 0.46382 -0.60465 184 61 50
0.24756 0.44244 -0.58499 184 61 50
0.24755 0.41336 -0.56110 184 61 50
0.25132 0.39107 -0.53777 184 61 50
0.25123 0.36938 -0.50372 184 61 50
0.25194 0.34820 -0.47433 184 61 50
0.25158 0.33265 -0.43840 184 61 50
0.24769 0.31582 -0.39508 184 61 50
0.24909 0.29920 -0.34658 184 61 50
0.24664 0.29121 -0.30213 184 61 50
0.24892 0.28014 -0.24267 184 61 50
0.25057 0.27311 -0.18353 184 61 50
0.25060 0.26889 -0.11060 184 61 50
0.24912 0.27214 -0.00055 184 61 50
0.24679 0.27288 0.11263 184 61 50
0.24734 0.27240 0.18417 184 61 50
0.24872 0.28264 0.24700 184 61 50
0.24933 0.29095 0.29832 184 61 50
0.24985 0.30453 0.34939 184 61 50
0.24805 0.31709 0.39435 184 61 50
0.25069 0.33280 0.43278 184 61 50
0.24902 0.34702 0.47068 184 61 50
0.24705 0.37244 0.50401 184 61 50
0.24910 0.38881 0.53714 184 61 50
0.24779 0.41542 0.56469 184 61 50
0.24885 0.44040 0.58418 184 61 50
0.25135 0.46670 0.60838 184 61 50
0.24685 0.49248 0.61951 184 61 50
0.25002 0.51979 0.63575 184 61 50
0.24942 0.54986 0.64140 184 61 50
0.24837 0.58109 0.64686 184 61 50
0.27197 0.61240 0.65238 184 61 50
0.27259 0.63982 0.64892 184 61 50
0.27307 0.67188 0.64460 184 61 50
0.27678 0.69784 0.63552 184 61 50
0.27113 0.72906 0.62052 184 61 50
0.27466 0.75309 0.60763 184 61 50
0.27503 0.78225 0.58391 184 61 50
0.27499 0.80600 0.56024 184 61 50
0.27567 0.83052 0.53769 184 61 50
0.27415 0.85152 0.50789 184 61 50
0.27548 0.87014 0.47393 184 61 50
0.27191 0.88726 0.43295 184 61 50
0.27505 0.90613 0.39619 184 61 50
0.27223 0.91528 0.34780 184 61 50
0.27449 0.93054 0.30180 184 61 50
0.27337 0.94100 0.24269 184 61 50
0.27672 0.94651 0.18408 184 61 50
0.27132 0.94988 0.10929 184 61 50
0.27528 0.95062 0.00026 184 61 50
0.27201 0.94629 -0.11227 184 61 50
0.27692 0.94346 -0.18522 184 61 50
0.27299 0.93616 -0.24578 184 61 50
0.27250 0.93215 -0.30008 184 61 50
0.27322 0.91690 -0.34704 184 61 50
0.27544 0.90169 -0.39308 184 61 50
0.27477 0.89119 -0.43749 184 61 50
0.27237 0.87167 -0.46994 184 61 50
0.27180 0.85105 -0.50657 184 61 50
0.27414 0.82647 -0.53357 184 61 50
0.27182 0.80588 -0.56389 184 61 50
0.27273 0.78242 -0.58778 184 61 50
0.27558 0.75586 -0.60820 184 61 50
0.27147 0.72892 -0.62388 184 61 50
0.27549 0.69938 -0.63541 184 61 50
0.27489 0.66813 -0.64289 184 61 50
0.27398 0.63881 -0.64655 184 61 50
0.27674 0.60722 -0.64919 184 61 50
0.27674 0.58048 -0.65079 184 61 50
0.27344 0.55070 -0.63985 184 61 50
0.27127 0.52000 -0.63283 184 61 50
0.27240 0.49388 -0.62417 184 61 50
0.27445 0.46589 -0.60251 184 61 50
0.27184 0.43799 -0.58662 184 61 50
0.27689 0.41759 -0.56106 184 61 50
0.27404 0.38902 -0.53867 184 61 50
0.27258 0.37185 -0.50477 184 61 50
0.27601 0.35179 -0.47370 184 61 50
0.27653 0.33059 -0.43528 184 61 50
0.27241 0.31421 -0.39741 184 61 50
0.27622 0.30314 -0.35045 184 61 50
0.27167 0.29043 -0.29852 184 61 50
0.27413 0.27911 -0.24717 184 61 50
0.27322 0.27674 -0.18592 184 61 50
0.27453 0.26965 -0.11489 184 61 50
0.27565 0.26988 0.00269 184 61 50
0.27270 0.27040 0.11064 184 61 50
0.27287 0.27672 0.18296 184 61 50
0.27655 0.28289 0.24779 184 61 50
0.27499 0.28783 0.29957 184 61 50
0.27214 0.30473 0.34790 184 61 50
0.27200 0.31508 0.39413 184 61 50
0.27385 0.33227 0.43415 184 61 50
0.27598 0.34861 0.47363 184 61 50
0.27178 0.36716 0.50756 184 61 50
0.27297 0.39047 0.53864 184 61 50
0.27409 0.41341 0.56072 184 61 50
0.27109 0.44113 0.58704 184 61 50
0.27189 0.46539 0.60253 184 61 50
0.27320 0.49122 0.61859 184 61 50
0.27344 0.52445 0.63143 184 61 50
0.27367 0.55376 0.64201 184 61 50
0.27407 0.58145 0.64844 184 61 50
0.29728 0.61209 0.64990 184 61 50
0.30081 0.64211 0.64626 184 61 50
0.30157 0.67197 0.64315 184 61 50
0.29938 0.69919 0.63258 184 61 50
0.30037 0.72383 0.62406 184 61 50
0.30038 0.75558 0.60755 184 61 50
0.29796 0.78278 0.58357 184 61 50
0.29876 0.80541 0.56381 184 61 50
0.29869 0.82734 0.53692 184 61 50
0.29808 0.84989 0.50378 184 61 50
0.29725 0.86753 0.47306 184 61 50
0.29959 0.88845 0.43649 184 61 50
0.30066 0.90615 0.39605 184 61 50
0.29993 0.91657 0.34686 184 61 50
0.30165 0.93104 0.30202 184 61 50
0.30182 0.93994 0.24532 184 61 50
0.29854 0.94511 0.18168 184 61 50
0.30170 0.94949 0.10968 184 61 50
0.29630 0.95281 0.00023 184 61 50
0.29765 0.94764 -0.11477 184 61 50
0.29700 0.94306 -0.18390 184 61 50
0.29661 0.93763 -0.24412 184 61 50
0.30121 0.92810 -0.30111 184 61 50
0.30116 0.92109 -0.34956 184 61 50
0.30159 0.90737 -0.39483 184 61 50
0.29990 0.89069 -0.43626 184 61 50
0.29923 0.87289 -0.47088 184 61 50
0.29876 0.84816 -0.50815 184 61 50
0.29704 0.83023 -0.53376 184 61 50
0.30019 0.80746 -0.56005 184 61 50
0.29774 0.78054 -0.58662 184 61 50
0.30059 0.75631 -0.60382 184 61 50
0.29953 0.72476 -0.62055 184 61 50
0.29988 0.69502 -0.63508 184 61 50
0.29637 0.66839 -0.63990 184 61 50
0.30074 0.63869 -0.64513 184 61 50
0.29670 0.60702 -0.64735 184 61 50
0.30022 0.57879 -0.64938 184 61 50
0.29848 0.55211 -0.64308 184 61 50
0.29635 0.52121 -0.63551 184 61 50
0.29765 0.49590 -0.61845 184 61 50
0.29744 0.46767 -0.60316 184 61 50
0.30057 0.43826 -0.58358 184 61 50
0.29965 0.41275 -0.56575 184 61 50
0.30077 0.38925 -0.53408 184 61 50
0.30164 0.37032 -0.50896 184 61 50
0.30151 0.34709 -0.47133 184 61 50
0.30076 0.33063 -0.43739 184 61 50
0.29942 0.31845 -0.39650 184 61 50
0.30060 0.30293 -0.35093 184 61 50
0.30176 0.28776 -0.29941 184 61 50
0.30145 0.28171 -0.24268 184 61 50
0.30157 0.27738 -0.18407 184 61 50
0.30043 0.27061 -0.11481 184 61 50
0.29831 0.27031 -0.00216 184 61 50
0.29978 0.27107 0.11393 184 61 50
0.29716 0.27237 0.18195 184 61 50
0.29919 0.28255 0.24349 184 61 50
0.29962 0.28844 0.29927 184 61 50
0.29757 0.30270 0.34687 184 61 50
0.29955 0.31283 0.39619 184 61 50
0.30123 0.32912 0.43710 184 61 50
0.30039 0.35118 0.47060 184 61 50
0.30074 0.37206 0.50598 184 61 50
0.29862 0.39102 0.53338 184 61 50
0.30054 0.41691 0.56119 184 61 50
0.30018 0.43758 0.58504 184 61 50
0.30058 0.46858 0.60501 184 61 50
0.29993 0.49265 0.62291 184 61 50
0.29894 0.52377 0.63619 184 61 50
0.29995 0.54834 0.64433 184 61 50
0.30186 0.58217 0.64619 184 61 50
0.32455 0.60845 0.64741 184 61 50
0.32399 0.64166 0.64818 184 61 50
0.32537 0.66824 0.64492 184 61 50
0.32671 0.69544 0.63484 184 61 50
0.32224 0.72846 0.62232 184 61 50
0.32130 0.75125 0.60697 184 61 50
0.32140 0.77726 0.58582 184 61 50
0.32285 0.80360 0.56117 184 61 50
0.32366 0.83094 0.53826 184 61 50
0.32481 0.84807 0.50360 184 61 50
0.32197 0.86818 0.47048 184 61 50
0.32581 0.88977 0.43377 184 61 50
0.32126 0.90161 0.39627 184 61 50
0.32282 0.91789 0.35140 184 61 50
0.32431 0.92844 0.29851 184 61 50
0.32287 0.93949 0.24434 184 61 50
0.32471 0.94706 0.18448 184 61 50
0.32540 0.95136 0.10925 184 61 50
0.32576 0.95211 -0.00180 184 61 50
0.32448 0.94629 -0.11072 184 61 50
0.32117 0.94220 -0.18477 184 61 50
0.32191 0.93746 -0.24282 184 61 50
0.32555 0.92770 -0.30174 184 61 50
0.32562 0.92018 -0.35153 184 61 50
0.32153 0.90355 -0.39370 184 61 50
0.32120 0.88993 -0.43612 184 61 50
0.32244 0.86789 -0.46986 184 61 50
0.32603 0.85083 -0.50550 184 61 50
0.32449 0.83025 -0.53532 184 61 50
0.32486 0.80434 -0.56563 184 61 50
0.32624 0.77898 -0.58285 184 61 50
0.32533 0.75162 -0.60252 184 61 50
0.32450 0.72898 -0.62244 184 61 50
0.32323 0.69606 -0.63501 184 61 50
0.32321 0.66612 -0.64512 184 61 50
0.32301 0.64055 -0.64827 184 61 50
0.32163 0.60861 -0.64902 184 61 50
0.32635 0.58107 -0.64904 184 61 50
0.32131 0.55055 -0.64383 184 61 50
0.32329 0.52398 -0.63208 184 61 50
0.32122 0.49298 -0.62022 184 61 50
0.32174 0.46580 -0.60553 184 61 50
0.32537 0.43881 -0.58343 184 61 50
0.32685 0.41364 -0.56367 184 61 50
0.32351 0.39168 -0.53850 184 61 50
0.32109 0.37025 -0.50383 184 61 50
0.32610 0.35232 -0.47532 184 61 50
0.32147 0.32883 -0.43277 184 61 50
0.32109 0.31339 -0.39390 184 61 50
0.32181 0.30043 -0.34824 184 61 50
0.32096 0.29140 -0.30076 184 61 50
0.32548 0.28424 -0.24535 184 61 50
0.32220 0.27365 -0.18244 184 61 50
0.32145 0.27252 -0.11434 184 61 50
0.32497 0.27189 -0.00127 184 61 50
0.32216 0.26947 0.11264 184 61 50
0.32198 0.27347 0.18489 184 61 50
0.32500 0.28081 0.24423 184 61 50
0.32335 0.29077 0.29767 184 61 50
0.32494 0.30438 0.35015 184 61 50
0.32353 0.31480 0.39670 184 61 50
0.32107 0.32951 0.43278 184 61 50
0.32200 0.35253 0.46997 184 61 50
0.32157 0.37242 0.50321 184 61 50
0.32485 0.39298 0.53907 184 61 50
0.32295 0.41456 0.56218 184 61 50
0.32192 0.44263 0.58330 184 61 50
0.32504 0.46593 0.60328 184 61 50
0.32570 0.49614 0.61989 184 61 50
0.32451 0.52143 0.63596 184 61 50
0.32552 0.54989 0.64190 184 61 50
0.32149 0.58133 0.64549 184 61 50
0.34924 0.61149 0.64921 184 61 50
0.34594 0.63870 0.64834 184 61 50
0.35158 0.67163 0.64449 184 61 50
0.34985 0.70013 0.63103 184 61 50
0.34688 0.72639 0.62062 184 61 50
0.34776 0.75142 0.60423 184 61 50
0.35171 0.77758 0.58397 184 61 50
0.34780 0.80359 0.56477 184 61 50
0.34830 0.82997 0.53519 184 61 50
0.35085 0.84999 0.50427 184 61 50
0.34770 0.87021 0.47089 184 61 50
0.34772 0.89074 0.43238 184 61 50
0.34608 0.90314 0.39269 184 61 50
0.34822 0.91834 0.34779 184 61 50
0.35158 0.93135 0.29902 184 61 50
0.35044 0.93968 0.24686 184 61 50
0.34886 0.94476 0.18380 184 61 50
0.34625 0.94926 0.11375 184 61 50
0.34626 0.95289 -0.00039 184 61 50
0.34635 0.94989 -0.11004 184 61 50
0.35137 0.94383 -0.18686 184 61 50
0.34982 0.93866 -0.24386 184 61 50
0.35100 0.93139 -0.30115 184 61 50
0.34654 0.91543 -0.35149 184 61 50
0.34843 0.90551 -0.39191 184 61 50
0.34641 0.88867 -0.43487 184 61 50
0.35082 0.86850 -0.47008 184 61 50
0.34678 0.84891 -0.50840 184 61 50
0.35076 0.82895 -0.53551 184 61 50
0.34898 0.80754 -0.56533 184 61 50
0.34776 0.77717 -0.58602 184 61 50
0.35038 0.75433 -0.60292 184 61 50
0.34870 0.72684 -0.62271 184 61 50
0.34781 0.70034 -0.63091 184 61 50
0.34803 0.66968 -0.64377 184 61 50
0.34793 0.63863 -0.64802 184 61 50
0.34978 0.60896 -0.64707 184 61 50
0.35115 0.58046 -0.64755 184 61 50
0.35105 0.55156 -0.64136 184 61 50
0.34991 0.52029 -0.63362 184 61 50
0.34619 0.49554 -0.62294 184 61 50
0.34678 0.46632 -0.60361 184 61 50
0.34630 0.43964 -0.58679 184 61 50
0.34619 0.41700 -0.56551 184 61 50
0.35011 0.38897 -0.53777 184 61 50
0.34643 0.36908 -0.50663 184 61 50
0.34812 0.35026 -0.47199 184 61 50
0.34840 0.33068 -0.43330 184 61 50
0.34689 0.31774 -0.39273 184 61 50
0.35109 0.30199 -0.34701 184 61 50
0.34836 0.28814 -0.29796 184 61 50
0.34712 0.28404 -0.24285 184 61 50
0.34618 0.27303 -0.18125 184 61 50
0.35119 0.26921 -0.11459 184 61 50
0.34888 0.27173 -0.00142 184 61 50
0.34605 0.27080 0.11170 184 61 50
0.35085 0.27809 0.18161 184 61 50
0.34963 0.28249 0.24634 184 61 50
0.34796 0.28752 0.30124 184 61 50
0.34698 0.29983 0.35067 184 61 50
0.34583 0.31440 0.39570 184 61 50
0.34773 0.33377 0.43586 184 61 50
0.34654 0.34724 0.47112 184 61 50
0.35164 0.37124 0.50863 184 61 50
0.34882 0.39290 0.53511 184 61 50
0.34800 0.41377 0.56062 184 61 50
0.35042 0.43804 0.58676 184 61 50
0.35044 0.46838 0.60654 184 61 50
0.34888 0.49417 0.61846 184 61 50
0.34985 0.52243 0.63080 184 61 50
0.35022 0.55159 0.64289 184 61 50
0.34610 0.57784 0.64777 184 61 50
0.37379 0.61142 0.65090 184 61 50
0.37505 0.64135 0.64988 184 61 50
0.37624 0.66605 0.64193 184 61 50
0.37105 0.69518 0.63420 184 61 50
0.37473 0.72831 0.62137 184 61 50
0.37345 0.75185 0.60242 184 61 50
0.37652 0.78264 0.58564 184 61 50
0.37312 0.80435 0.56172 184 61 50
0.37397 0.82738 0.53616 184 61 50
0.37084 0.85061 0.50875 184 61 50
0.37602 0.87280 0.47210 184 61 50
0.37327 0.89042 0.43687 184 61 50
0.37129 0.90474 0.39588 184 61 50
0.37243 0.92059 0.34777 184 61 50
0.37644 0.92751 0.30120 184 61 50
0.37307 0.93769 0.24333 184 61 50
0.37088 0.94304 0.18551 184 61 50
0.37181 0.94711 0.11361 184 61 50
0.37658 0.95277 0.00263 184 61 50
0.37354 0.94872 -0.11104 184 61 50
0.37311 0.94439 -0.18684 184 61 50
0.37587 0.93690 -0.24521 184 61 50
0.37554 0.92891 -0.29704 184 61 50
0.37410 0.91827 -0.35010 184 61 50
0.37432 0.90311 -0.39551 184 61 50
0.37465 0.88588 -0.43696 184 61 50
0.37194 0.87184 -0.47040 184 61 50
0.37625 0.85207 -0.50642 184 61 50
0.37433 0.82633 -0.53558 184 61 50
0.37595 0.80389 -0.56120 184 61 50
0.37087 0.77993 -0.58651 184 61 50
0.37418 0.75232 -0.60309 184 61 50
0.37394 0.72434 -0.61868 184 61 50
0.37292 0.70004 -0.63453 184 61 50
0.37485 0.67085 -0.64111 184 61 50
0.37429 0.64207 -0.64957 184 61 50
0.37423 0.61276 -0.65076 184 61 50
0.37649 0.58308 -0.64545 184 61 50
0.37654 0.55221 -0.64013 184 61 50
0.37154 0.52055 -0.63600 184 61 50
0.37181 0.49081 -0.61861 184 61 50
0.37465 0.46474 -0.60479 184 61 50
0.37142 0.44034 -0.58467 184 61 50
0.37269 0.41757 -0.56244 184 61 50
0.37386 0.39164 -0.53452 184 61 50
0.37463 0.37231 -0.50473 184 61 50
0.37231 0.34932 -0.47126 184 61 50
0.37639 0.33132 -0.43305 184 61 50
0.37311 0.31308 -0.39506 184 61 50
0.37195 0.30462 -0.35069 184 61 50
0.37175 0.29250 -0.30117 184 61 50
0.37620 0.28362 -0.24275 184 61 50
0.37265 0.27499 -0.18587 184 61 50
0.37237 0.26970 -0.11416 184 61 50
0.37226 0.27271 0.00262 184 61 50
0.37446 0.27098 0.11247 184 61 50
0.37668 0.27534 0.18663 184 61 50
0.37665 0.28416 0.24397 184 61 50
0.37652 0.29124 0.30131 184 61 50
0.37098 0.30343 0.34812 184 61 50
0.37105 0.31316 0.39371 184 61 50
0.37626 0.32859 0.43614 184 61 50
0.37337 0.35181 0.47308 184 61 50
0.37469 0.36935 0.50664 184 61 50
0.37173 0.38854 0.53720 184 61 50
0.37192 0.41482 0.55986 184 61 50
0.37368 0.44152 0.58486 184 61 50
0.37214 0.46428 0.60333 184 61 50
0.37315 0.49149 0.62165 184 61 50
0.37301 0.51919 0.63456 184 61 50
0.37617 0.54866 0.64276 184 61 50
0.37283 0.58160 0.65011 184 61 50
0.40131 0.60972 0.64801 184 61 50
0.39682 0.63972 0.64700 184 61 50
0.39593 0.66949 0.63940 184 61 50
0.40038 0.69507 0.63341 184 61 50
0.39621 0.72527 0.62079 184 61 50
0.39602 0.75487 0.60303 184 61 50
0.40028 0.77950 0.58532 184 61 50
0.39998 0.80494 0.56142 184 61 50
0.39930 0.82955 0.53715 184 61 50
0.39825 0.85199 0.50772 184 61 50
0.39970 0.87136 0.47361 184 61 50
0.39987 0.89150 0.43643 184 61 50
0.39764 0.90291 0.39179 184 61 50
0.40134 0.91697 0.35211 184 61 50
0.39937 0.92697 0.30123 184 61 50
0.39854 0.93788 0.24307 184 61 50
0.39654 0.94230 0.18269 184 61 50
0.39807 0.95107 0.11361 184 61 50
0.39929 0.94968 0.00073 184 61 50
0.39940 0.94985 -0.11280 184 61 50
0.39712 0.94694 -0.18236 184 61 50
0.39880 0.93668 -0.24718 184 61 50
0.40127 0.93040 -0.30093 184 61 50
0.40136 0.91853 -0.35043 184 61 50
0.39977 0.90385 -0.39371 184 61 50
0.39907 0.88995 -0.43590 184 61 50
0.39981 0.86752 -0.47471 184 61 50
0.40035 0.85187 -0.50525 184 61 50
0.39752 0.82716 -0.53819 184 61 50
0.39997 0.80215 -0.56103 184 61 50
0.39893 0.78063 -0.58291 184 61 50
0.39567 0.75495 -0.60695 184 61 50
0.40119 0.72523 -0.62127 184 61 50
0.39750 0.69787 -0.63202 184 61 50
0.40073 0.67004 -0.64178 184 61 50
0.40123 0.63706 -0.64761 184 61 50
0.40051 0.60960 -0.64707 184 61 50
0.40070 0.58208 -0.64636 184 61 50
0.39599 0.54820 -0.64118 184 61 50
0.39565 0.52182 -0.63232 184 61 50
0.39907 0.49195 -0.61918 184 61 50
0.40072 0.46824 -0.60628 184 61 50
0.39850 0.44121 -0.58589 184 61 50
0.39728 0.41229 -0.56256 184 61 50
0.39713 0.39321 -0.53349 184 61 50
0.39875 0.36762 -0.50400 184 61 50
0.39738 0.34865 -0.47403 184 61 50
0.40003 0.33157 -0.43269 184 61 50
0.40037 0.31709 -0.39325 184 61 50
0.39680 0.30006 -0.34988 184 61 50
0.40118 0.28781 -0.30271 184 61 50
0.39813 0.28276 -0.24288 184 61 50
0.40044 0.27811 -0.18615 184 61 50
0.39939 0.27231 -0.10951 184 61 50
0.39994 0.27261 0.00077 184 61 50
0.39773 0.27278 0.11234 184 61 50
0.39941 0.27650 0.18177 184 61 50
0.39613 0.28428 0.24672 184 61 50
0.40106 0.29342 0.30065 184 61 50
0.39740 0.30395 0.34854 184 61 50
0.40013 0.31587 0.39440 184 61 50
0.39707 0.33306 0.43420 184 61 50
0.40106 0.35173 0.47118 184 61 50
0.39748 0.36958 0.50433 184 61 50
0.39842 0.39194 0.53401 184 61 50
0.40109 0.41500 0.56336 184 61 50
0.40128 0.44183 0.58410 184 61 50
0.39634 0.46553 0.60318 184 61 50
0.40116 0.49418 0.62327 184 61 50
0.39900 0.51974 0.63246 184 61 50
0.40131 0.55144 0.64488 184 61 50
0.39745 0.58162 0.64492 184 61 50
0.42316 0.60834 0.65064 184 61 50
0.42456 0.64007 0.64863 184 61 50
0.42539 0.66914 0.64375 184 61 50
0.42234 0.69694 0.63530 184 61 50
0.42131 0.72581 0.62341 184 61 50
0.42572 0.75552 0.60556 184 61 50
0.42595 0.78049 0.58504 184 61 50
0.42177 0.80268 0.55920 184 61 50
0.42581 0.82942 0.53633 184 61 50
0.42590 0.84948 0.50318 184 61 50
0.42630 0.87063 0.47327 184 61 50
0.42295 0.88650 0.43444 184 61 50
0.42409 0.90376 0.39236 184 61 50
0.42304 0.91767 0.35023 184 61 50
0.42194 0.92715 0.30243 184 61 50
0.42653 0.93799 0.24398 184 61 50
0.42515 0.94560 0.18222 184 61 50
0.42404 0.94967 0.11446 184 61 50
0.42639 0.94903 -0.00260 184 61 50
0.42095 0.95128 -0.10953 184 61 50
0.42293 0.94429 -0.18145 184 61 50
0.42319 0.93744 -0.24684 184 61 50
0.42199 0.93150 -0.29956 184 61 50
0.42486 0.91848 -0.34642 184 61 50
0.42148 0.90405 -0.39231 184 61 50
0.42148 0.88674 -0.43264 184 61 50
0.42650 0.86873 -0.47130 184 61 50
0.42632 0.84992 -0.50312 184 61 50
0.42608 0.83004 -0.53272 184 61 50
0.42075 0.80717 -0.56073 184 61 50
0.42362 0.78027 -0.58544 184 61 50
0.42292 0.75518 -0.60660 184 61 50
0.42418 0.72622 -0.62230 184 61 50
0.42279 0.69917 -0.63236 184 61 50
0.42143 0.67134 -0.64124 184 61 50
0.42479 0.63895 -0.64476 184 61 50
0.42221 0.61104 -0.64615 184 61 50
0.42121 0.57984 -0.64541 184 61 50
0.42260 0.55299 -0.63956 184 61 50
0.42644 0.52385 -0.63125 184 61 50
0.42434 0.49116 -0.61792 184 61 50
0.42227 0.46374 -0.60745 184 61 50
0.42059 0.43839 -0.58439 184 61 50
0.42548 0.41637 -0.56120 184 61 50
0.42499 0.38932 -0.53292 184 61 50
0.42258 0.37103 -0.50515 184 61 50
0.42164 0.35135 -0.46952 184 61 50
0.42230 0.33013 -0.43384 184 61 50
0.42135 0.31260 -0.39137 184 61 50
0.42158 0.30293 -0.34674 184 61 50
0.42065 0.29336 -0.29844 184 61 50
0.42449 0.28266 -0.24373 184 61 50
0.42170 0.27522 -0.18381 184 61 50
0.42104 0.26884 -0.11333 184 61 50
0.42098 0.27123 0.00021 184 61 50
0.42623 0.27193 0.11037 184 61 50
0.42559 0.27418 0.18479 184 61 50
0.42331 0.28132 0.24327 184 61 50
0.42610 0.28965 0.29814 184 61 50
0.42254 0.30470 0.35193 184 61 50
0.42393 0.31367 0.39516 184 61 50
0.42253 0.33085 0.43498 184 61 50
0.42105 0.35065 0.47164 184 61 50
0.42238 0.36885 0.50706 184 61 50
0.42498 0.38857 0.53773 184 61 50
0.42466 0.41273 0.56225 184 61 50
0.42193 0.44199 0.58671 184 61 50
0.42462 0.46368 0.60623 184 61 50
0.42214 0.49283 0.62248 184 61 50
0.42442 0.52175 0.63472 184 61 50
0.42507 0.55056 0.63913 184 61 50
0.42295 0.58011 0.64949 184 61 50
0.44858 0.61075 0.65008 184 61 50
0.44798 0.63889 0.64799 184 61 50
0.44916 0.67055 0.63921 184 61 50
0.44649 0.69669 0.63376 184 61 50
0.44920 0.72708 0.62080 184 61 50
0.44600 0.75163 0.60716 184 61 50
0.44858 0.78233 0.58500 184 61 50
0.45076 0.80322 0.55993 184 61 50
0.44552 0.82559 0.53668 184 61 50
0.44668 0.84779 0.50808 184 61 50
0.44779 0.86780 0.46991 184 61 50
0.45067 0.88582 0.43618 184 61 50
0.44740 0.90613 0.39618 184 61 50
0.44648 0.91881 0.34980 184 61 50
0.44644 0.93200 0.29992 184 61 50
0.45119 0.93921 0.24411 184 61 50
0.44914 0.94780 0.18339 184 61 50
0.44840 0.94796 0.11246 184 61 50
0.45092 0.95279 0.00269 184 61 50
0.44754 0.94602 -0.10897 184 61 50
0.45054 0.94410 -0.18191 184 61 50
0.45010 0.93771 -0.24436 184 61 50
0.44690 0.92651 -0.30027 184 61 50
0.44728 0.91900 -0.34719 184 61 50
0.44991 0.90196 -0.39304 184 61 50
0.44897 0.88576 -0.43589 184 61 50
0.44572 0.87135 -0.47226 184 61 50
0.44932 0.84998 -0.50313 184 61 50
0.45086 0.82860 -0.53470 184 61 50
0.44607 0.80597 -0.56269 184 61 50
0.44862 0.78261 -0.58325 184 61 50
0.44575 0.75169 -0.60672 184 61 50
0.44703 0.72407 -0.62193 184 61 50
0.44891 0.69803 -0.63168 184 61 50
0.44896 0.67167 -0.64107 184 61 50
0.44660 0.64235 -0.64586 184 61 50
0.45065 0.60976 -0.64862 184 61 50
0.44914 0.58002 -0.64759 184 61 50
0.44816 0.55096 -0.63964 184 61 50
0.44947 0.52125 -0.63344 184 61 50
0.45102 0.49082 -0.62278 184 61 50
0.44710 0.46403 -0.60423 184 61 50
0.44966 0.44296 -0.58667 184 61 50
0.44998 0.41342 -0.55936 184 61 50
0.44682 0.39083 -0.53392 184 61 50
0.45123 0.37098 -0.50414 184 61 50
0.44863 0.34751 -0.47469 184 61 50
0.45116 0.33366 -0.43343 184 61 50
0.45035 0.31474 -0.39655 184 61 50
0.44639 0.30087 -0.34936 184 61 50
0.44767 0.28753 -0.29711 184 61 50
0.44767 0.28406 -0.24278 184 61 50
0.44556 0.27251 -0.18384 184 61 50
0.45102 0.27263 -0.11293 184 61 50
0.45030 0.27150 -0.00198 184 61 50
0.45093 0.27329 0.11294 184 61 50
0.45006 0.27339 0.18600 184 61 50
0.44721 0.28386 0.24301 184 61 50
0.45036 0.29272 0.29737 184 61 50
0.44712 0.30367 0.35193 184 61 50
0.44692 0.31519 0.39578 184 61 50
0.44760 0.33435 0.43547 184 61 50
0.44726 0.34749 0.47022 184 61 50
0.45000 0.36831 0.50614 184 61 50
0.45040 0.39247 0.53276 184 61 50
0.44721 0.41769 0.55901 184 61 50
0.45117 0.44232 0.58727 184 61 50
0.45068 0.46409 0.60286 184 61 50
0.44749 0.49365 0.62044 184 61 50
0.44609 0.52276 0.63423 184 61 50
0.44800 0.54803 0.64057 184 61 50
0.45023 0.57866 0.64569 184 61 50
0.47435 0.61111 0.65141 184 61 50
0.47180 0.63909 0.64626 184 61 50
0.47522 0.66870 0.64396 184 61 50
0.47408 0.69917 0.63354 184 61 50
0.47391 0.72797 0.61813 184 61 50
0.47617 0.75399 0.60223 184 61 50
0.47297 0.77927 0.58615 184 61 50
0.47273 0.80667 0.55965 184 61 50
0.47061 0.82948 0.53663 184 61 50
0.47410 0.85314 0.50395 184 61 50
0.47620 0.87165 0.47194 184 61 50
0.47046 0.88590 0.43639 184 61 50
0.47382 0.90274 0.39105 184 61 50
0.47407 0.91855 0.34637 184 61 50
0.47555 0.92910 0.30120 184 61 50
0.47580 0.93835 0.24732 184 61 50
0.47170 0.94270 0.18660 184 61 50
0.47209 0.94763 0.11112 184 61 50
0.47058 0.94865 -0.00014 184 61 50
0.47344 0.95028 -0.11476 184 61 50
0.47402 0.94602 -0.18664 184 61 50
0.47365 0.93917 -0.24339 184 61 50
0.47616 0.92749 -0.29838 184 61 50
0.47405 0.91770 -0.34745 184 61 50
0.47290 0.90489 -0.39096 184 61 50
0.47253 0.88827 -0.43257 184 61 50
0.47049 0.87312 -0.46884 184 61 50
0.47308 0.85010 -0.50767 184 61 50
0.47139 0.83055 -0.53515 184 61 50
0.47042 0.80791 -0.56416 184 61 50
0.47122 0.77732 -0.58387 184 61 50
0.47433 0.75301 -0.60698 184 61 50
0.47186 0.72870 -0.62001 184 61 50
0.47153 0.69942 -0.63167 184 61 50
0.47529 0.66793 -0.64042 184 61 50
0.47046 0.63732 -0.64641 184 61 50
0.47245 0.61067 -0.64899 184 61 50
0.47600 0.57976 -0.64412 184 61 50
0.47271 0.55250 -0.64050 184 61 50
0.47634 0.51961 -0.63182 184 61 50
0.47115 0.49262 -0.61778 184 61 50
0.47217 0.46393 -0.60145 184 61 50
0.47421 0.44011 -0.58514 184 61 50
0.47129 0.41361 -0.56405 184 61 50
0.47199 0.38898 -0.53786 184 61 50
0.47581 0.36850 -0.50454 184 61 50
0.47476 0.35137 -0.47160 184 61 50
0.47219 0.33093 -0.43612 184 61 50
0.47492 0.31810 -0.39235 184 61 50
0.47212 0.30064 -0.34811 184 61 50
0.47296 0.29292 -0.29977 184 61 50
0.47350 0.27936 -0.24692 184 61 50
0.47369 0.27265 -0.18584 184 61 50
0.47068 0.26872 -0.11258 184 61 50
0.47431 0.26866 0.00183 184 61 50
0.47607 0.27091 0.10932 184 61 50
0.47353 0.27471 0.18092 184 61 50
0.47526 0.27875 0.24562 184 61 50
0.47236 0.29175 0.29727 184 61 50
0.47292 0.30362 0.34739 184 61 50
0.47474 0.31769 0.39504 184 61 50
0.47046 0.32873 0.43627 184 61 50
0.47371 0.34956 0.47282 184 61 50
0.47583 0.37144 0.50240 184 61 50
0.47616 0.39333 0.53230 184 61 50
0.47332 0.41294 0.56105 184 61 50
0.47095 0.44161 0.58731 184 61 50
0.47486 0.46599 0.60328 184 61 50
0.47447 0.49557 0.62295 184 61 50
0.47567 0.52421 0.63012 184 61 50
0.47136 0.55240 0.64403 184 61 50
0.47466 0.58229 0.64553 184 61 50
0.49636 0.60738 0.64616 184 61 50
0.50041 0.64204 0.64620 184 61 50
0.49855 0.66716 0.64075 184 61 50
0.50067 0.69824 0.63185 184 61 50
0.49589 0.72426 0.61883 184 61 50
0.49599 0.75446 0.60605 184 61 50
0.50125 0.78218 0.58688 184 61 50
0.49757 0.80576 0.56319 184 61 50
0.49700 0.83042 0.53265 184 61 50
0.49698 0.85338 0.50652 184 61 50
0.50123 0.86766 0.46999 184 61 50
0.49972 0.89137 0.43692 184 61 50
0.50064 0.90529 0.39267 184 61 50
0.49830 0.91529 0.34702 184 61 50
0.49990 0.92682 0.29883 184 61 50
0.49741 0.93794 0.24488 184 61 50
0.50041 0.94214 0.18390 184 61 50
0.50096 0.95110 0.11475 184 61 50
0.49938 0.94714 0.00203 184 61 50
0.49848 0.94752 -0.11479 184 61 50
0.49914 0.94284 -0.18306 184 61 50
0.49573 0.93887 -0.24545 184 61 50
0.50052 0.92942 -0.29854 184 61 50
0.49795 0.91903 -0.34585 184 61 50
0.49734 0.90631 -0.39579 184 61 50
0.49968 0.89143 -0.43613 184 61 50
0.49675 0.86873 -0.47081 184 61 50
0.50051 0.85276 -0.50675 184 61 50
0.49552 0.82887 -0.53397 184 61 50
0.49565 0.80680 -0.56361 184 61 50
0.49993 0.77710 -0.58652 184 61 50
0.49986 0.75166 -0.60233 184 61 50
0.49845 0.72835 -0.61944 184 61 50
0.49647 0.69931 -0.63394 184 61 50
0.49592 0.67009 -0.63932 184 61 50
0.49898 0.63744 -0.64496 184 61 50
0.49718 0.60805 -0.65102 184 61 50
0.50021 0.57974 -0.64881 184 61 50
0.49813 0.55316 -0.63934 184 61 50
0.49924 0.52162 -0.63008 184 61 50
0.50103 0.49268 -0.62036 184 61 50
0.49821 0.46836 -0.60127 184 61 50
0.50094 0.43823 -0.58547 184 61 50
0.50034 0.41575 -0.55866 184 61 50
0.49941 0.39249 -0.53775 184 61 50
0.49998 0.36929 -0.50589 184 61 50
0.50093 0.34844 -0.47076 184 61 50
0.49925 0.33291 -0.43663 184 61 50
0.49753 0.31578 -0.39617 184 61 50
0.49703 0.30227 -0.34605 184 61 50
0.49601 0.29344 -0.29713 184 61 50
0.49988 0.28074 -0.24281 184 61 50
0.50000 0.27595 -0.18143 184 61 50
0.49754 0.27197 -0.10996 184 61 50
0.49852 0.26931 0.00239 184 61 50
0.49774 0.27020 0.11333 184 61 50
0.49624 0.27538 0.18484 184 61 50
0.49990 0.28324 0.24678 184 61 50
0.49602 0.28934 0.30075 184 61 50
0.49940 0.30422 0.34802 184 61 50
0.49589 0.31414 0.39331 184 61 50
0.50114 0.33014 0.43525 184 61 50
0.49816 0.34971 0.47412 184 61 50
0.49887 0.37021 0.50585 184 61 50
0.49991 0.39366 0.53298 184 61 50
0.49824 0.41304 0.56237 184 61 50
0.50125 0.43822 0.58596 184 61 50
0.50083 0.46669 0.60122 184 61 50
0.49778 0.49141 0.61903 184 61 50
0.50029 0.52363 0.63342 184 61 50
0.49680 0.54985 0.63872 184 61 50
0.50074 0.57967 0.64884 184 61 50
0.52127 0.60844 0.64493 184 61 50
0.52248 0.63977 0.64579 184 61 50
0.52485 0.66723 0.63958 184 61 50
0.52475 0.69894 0.63004 184 61 50
0.52169 0.72768 0.62120 184 61 50
0.52034 0.75408 0.60044 184 61 50
0.52056 0.77775 0.58558 184 61 50
0.52592 0.80795 0.55981 184 61 50
0.52201 0.82683 0.53392 184 61 50
0.52403 0.85211 0.50535 184 61 50
0.52585 0.87315 0.46952 184 61 50
0.52239 0.88912 0.43434 184 61 50
0.52188 0.90360 0.39322 184 61 50
0.52240 0.91772 0.34596 184 61 50
0.52175 0.93144 0.29699 184 61 50
0.52141 0.93835 0.24511 184 61 50
0.52289 0.94716 0.18566 184 61 50
0.52440 0.94770 0.11012 184 61 50
0.52524 0.95275 0.00079 184 61 50
0.52469 0.94663 -0.11159 184 61 50
0.52501 0.94556 -0.18247 184 61 50
0.52251 0.93925 -0.24430 184 61 50
0.52499 0.92928 -0.30014 184 61 50
0.52579 0.92042 -0.34540 184 61 50
0.52471 0.90499 -0.39333 184 61 50
0.52111 0.88638 -0.43296 184 61 50
0.52099 0.86893 -0.47384 184 61 50
0.52433 0.85095 -0.50242 184 61 50
0.52109 0.82687 -0.53731 184 61 50
0.52156 0.80298 -0.56116 184 61 50
0.52412 0.78278 -0.58554 184 61 50
0.52114 0.75224 -0.60146 184 61 50
0.52383 0.72668 -0.61757 184 61 50
0.52431 0.70082 -0.63441 184 61 50
0.52151 0.66634 -0.64210 184 61 50
0.52421 0.64195 -0.64340 184 61 50
0.52102 0.61070 -0.64710 184 61 50
0.52383 0.58235 -0.64451 184 61 50
0.52180 0.55274 -0.64083 184 61 50
0.52360 0.51918 -0.63094 184 61 50
0.52084 0.49467 -0.61881 184 61 50
0.52036 0.46652 -0.60349 184 61 50
0.52433 0.44002 -0.58600 184 61 50
0.52513 0.41746 -0.56336 184 61 50
0.52320 0.39272 -0.53357 184 61 50
0.52465 0.36990 -0.50412 184 61 50
0.52611 0.35063 -0.47254 184 61 50
0.52302 0.32896 -0.43215 184 61 50
0.52314 0.31258 -0.39056 184 61 50
0.52545 0.30315 -0.34729 184 61 50
0.52473 0.28948 -0.29692 184 61 50
0.52537 0.28230 -0.24524 184 61 50
0.52218 0.27543 -0.18160 184 61 50
0.52199 0.27118 -0.11443 184 61 50
0.52316 0.26859 0.00025 184 61 50
0.52454 0.27408 0.10898 184 61 50
0.52356 0.27647 0.18154 184 61 50
0.52524 0.28304 0.24372 184 61 50
0.52433 0.29064 0.29929 184 61 50
0.52034 0.30019 0.35002 184 61 50
0.52328 0.31841 0.39527 184 61 50
0.52211 0.32975 0.43318 184 61 50
0.52173 0.35142 0.47223 184 61 50
0.52422 0.36720 0.50529 184 61 50
0.52106 0.39190 0.53551 184 61 50
0.52249 0.41419 0.56117 184 61 50
0.52174 0.43725 0.58257 184 61 50
0.52620 0.46564 0.60349 184 61 50
0.52119 0.49296 0.61960 184 61 50
0.52117 0.52475 0.63066 184 61 50
0.52592 0.55335 0.64090 184 61 50
0.52073 0.58316 0.64885 184 61 50
0.54815 0.61124 0.64997 184 61 50
0.54958 0.63706 0.64380 184 61 50
0.54608 0.66901 0.63828 184 61 50
0.55038 0.69758 0.63317 184 61 50
0.54554 0.72511 0.62102 184 61 50
0.54777 0.75523 0.60533 184 61 50
0.55063 0.77751 0.58330 184 61 50
0.54579 0.80353 0.55880 184 61 50
0.54998 0.82726 0.53490 184 61 50
0.55049 0.84883 0.50543 184 61 50
0.54797 0.87242 0.46947 184 61 50
0.54560 0.88845 0.43160 184 61 50
0.54586 0.90272 0.39403 184 61 50
0.55093 0.91898 0.34816 184 61 50
0.54859 0.93022 0.29617 184 61 50
0.54621 0.93594 0.24299 184 61 50
0.54837 0.94307 0.18117 184 61 50
0.54793 0.94775 0.11410 184 61 50
0.54563 0.94703 -0.00119 184 61 50
0.54690 0.95004 -0.11074 184 61 50
0.54967 0.94256 -0.18140 184 61 50
0.54918 0.94037 -0.24430 184 61 50
0.55042 0.92720 -0.30064 184 61 50
0.55097 0.91640 -0.34779 184 61 50
0.55079 0.90616 -0.39082 184 61 50
0.54926 0.88639 -0.43671 184 61 50
0.54585 0.87172 -0.46891 184 61 50
0.54770 0.85034 -0.50310 184 61 50
0.54748 0.82739 -0.53695 184 61 50
0.54856 0.80751 -0.55887 184 61 50
0.54965 0.77846 -0.58573 184 61 50
0.54722 0.75159 -0.60313 184 61 50
0.54792 0.72591 -0.62155 184 61 50
0.54708 0.70031 -0.62965 184 61 50
0.54753 0.66618 -0.64273 184 61 50
0.54826 0.63988 -0.64741 184 61 50
0.55031 0.61298 -0.64561 184 61 50
0.54911 0.57779 -0.64337 184 61 50
0.54820 0.55045 -0.64245 184 61 50
0.54676 0.52156 -0.63061 184 61 50
0.54629 0.49292 -0.61758 184 61 50
0.54880 0.46598 -0.60000 184 61 50
0.55028 0.43767 -0.58111 184 61 50
0.54935 0.41326 -0.56346 184 61 50
0.55032 0.38874 -0.53571 184 61 50
0.55055 0.36778 -0.50387 184 61 50
0.54704 0.34938 -0.47052 184 61 50
0.54973 0.33288 -0.43470 184 61 50
0.54685 0.31412 -0.39266 184 61 50
0.54633 0.30221 -0.34535 184 61 50
0.55109 0.29300 -0.29728 184 61 50
0.54587 0.28219 -0.24352 184 61 50
0.54742 0.27601 -0.18408 184 61 50
0.54587 0.26923 -0.11151 184 61 50
0.54883 0.26927 0.00239 184 61 50
0.55019 0.26901 0.11006 184 61 50
0.54763 0.27796 0.18581 184 61 50
0.54567 0.28452 0.24686 184 61 50
0.54693 0.29254 0.29960 184 61 50
0.55046 0.30340 0.34770 184 61 50
0.54593 0.31834 0.39441 184 61 50
0.55096 0.33398 0.43333 184 61 50
0.54851 0.35194 0.47124 184 61 50
0.54775 0.36770 0.50395 184 61 50
0.54637 0.38954 0.53528 184 61 50
0.54850 0.41633 0.55947 184 61 50
0.54937 0.43961 0.58532 184 61 50
0.55113 0.46858 0.60563 184 61 50
0.54517 0.49613 0.61805 184 61 50
0.55025 0.52361 0.63153 184 61 50
0.54794 0.54974 0.64250 184 61 50
0.54725 0.57898 0.64384 184 61 50
0.57406 0.60790 0.64589 184 61 50
0.57080 0.63756 0.64548 184 61 50
0.57013 0.66659 0.63713 184 61 50
0.57180 0.69791 0.63166 184 61 50
0.57302 0.72764 0.62023 184 61 50
0.57522 0.75372 0.60043 184 61 50
0.57144 0.77707 0.58038 184 61 50
0.57120 0.80577 0.55914 184 61 50
0.57388 0.82758 0.53600 184 61 50
0.57276 0.84902 0.50286 184 61 50
0.57205 0.87181 0.47088 184 61 50
0.57229 0.88922 0.43163 184 61 50
0.57086 0.90609 0.39014 184 61 50
0.57441 0.91877 0.34499 184 61 50
0.57475 0.92860 0.29574 184 61 50
0.57183 0.93916 0.24381 184 61 50
0.57134 0.94264 0.18332 184 61 50
0.57188 0.95069 0.11323 184 61 50
0.57319 0.94977 0.00048 184 61 50
0.57338 0.94583 -0.10917 184 61 50
0.57574 0.94271 -0.18304 184 61 50
0.57449 0.93795 -0.24279 184 61 50
0.57317 0.92758 -0.29899 184 61 50
0.57417 0.92073 -0.34779 184 61 50
0.57123 0.90457 -0.39032 184 61 50
0.57300 0.88901 -0.43476 184 61 50
0.57379 0.86940 -0.46963 184 61 50
0.57484 0.84938 -0.50600 184 61 50
0.57528 0.82786 -0.53166 184 61 50
0.57426 0.80428 -0.56120 184 61 50
0.57448 0.78066 -0.58173 184 61 50
0.57604 0.75487 -0.60255 184 61 50
0.57316 0.72792 -0.61575 184 61 50
0.57478 0.69753 -0.62930 184 61 50
0.57186 0.67161 -0.64023 184 61 50
0.57392 0.63817 -0.64283 184 61 50
0.57124 0.60803 -0.64433 184 61 50
0.57515 0.57821 -0.64532 184 61 50
0.57053 0.55202 -0.63795 184 61 50
0.57253 0.52348 -0.63112 184 61 50
0.57421 0.49159 -0.61669 184 61 50
0.57535 0.46683 -0.60508 184 61 50
0.57172 0.43794 -0.58258 184 61 50
0.57100 0.41669 -0.55779 184 61 50
0.57016 0.38850 -0.53230 184 61 50
0.57490 0.37150 -0.50090 184 61 50
0.57581 0.34676 -0.47290 184 61 50
0.57370 0.33309 -0.43550 184 61 50
0.57153 0.31591 -0.39156 184 61 50
0.57193 0.30396 -0.34755 184 61 50
0.57471 0.29268 -0.29615 184 61 50
0.57520 0.28068 -0.24387 184 61 50
0.57395 0.27757 -0.18274 184 61 50
0.57312 0.26918 -0.11118 184 61 50
0.57013 0.27092 0.00076 184 61 50
0.57416 0.27122 0.11177 184 61 50
0.57096 0.27387 0.18615 184 61 50
0.57247 0.28282 0.24347 184 61 50
0.57575 0.29075 0.29622 184 61 50
0.57403 0.29902 0.34509 184 61 50
0.57055 0.31288 0.39377 184 61 50
0.57099 0.33254 0.43511 184 61 50
0.57321 0.34943 0.47195 184 61 50
0.57069 0.37184 0.50109 184 61 50
0.57167 0.39224 0.53096 184 61 50
0.57124 0.41530 0.56274 184 61 50
0.57202 0.43716 0.58387 184 61 50
0.57496 0.46765 0.60355 184 61 50
0.57253 0.49408 0.61693 184 61 50
0.57080 0.52469 0.63246 184 61 50
0.57532 0.54891 0.63770 184 61 50
0.57391 0.57933 0.64277 184 61 50
0.59971 0.61083 0.64419 184 61 50
0.59742 0.64195 0.64413 184 61 50
0.59645 0.66713 0.64153 184 61 50
0.60005 0.69717 0.63091 184 61 50
0.59663 0.72376 0.61749 184 61 50
0.60057 0.75492 0.60284 184 61 50
0.60080 0.78113 0.58506 184 61 50
0.59678 0.80705 0.56108 184 61 50
0.59895 0.83012 0.53421 184 61 50
0.59700 0.85031 0.50240 184 61 50
0.59671 0.87091 0.46747 184 61 50
0.59783 0.88592 0.43094 184 61 50
0.59676 0.90462 0.39099 184 61 50
0.59596 0.91549 0.34982 184 61 50
0.59906 0.92728 0.29661 184 61 50
0.59655 0.93667 0.24477 184 61 50
0.59520 0.94517 0.18314 184 61 50
0.59997 0.94924 0.11139 184 61 50
0.59934 0.94807 0.00252 184 61 50
0.59845 0.94787 -0.11361 184 61 50
0.59806 0.94648 -0.18254 184 61 50
0.59742 0.93953 -0.24251 184 61 50
0.59667 0.92823 -0.29897 184 61 50
0.59993 0.91650 -0.34563 184 61 50
0.59920 0.90366 -0.39206 184 61 50
0.59621 0.88615 -0.43049 184 61 50
0.60068 0.86776 -0.46766 184 61 50
0.59566 0.84944 -0.50345 184 61 50
0.59991 0.82745 -0.53060 184 61 50
0.59612 0.80210 -0.55733 184 61 50
0.60031 0.77939 -0.58542 184 61 50
0.59702 0.75576 -0.60377 184 61 50
0.59811 0.72342 -0.61907 184 61 50
0.59611 0.69972 -0.63241 184 61 50
0.60043 0.66617 -0.63603 184 61 50
0.59531 0.64180 -0.64400 184 61 50
0.59745 0.61286 -0.64575 184 61 50
0.60052 0.57983 -0.64437 184 61 50
0.60036 0.55282 -0.63864 184 61 50
0.59585 0.52129 -0.62870 184 61 50
0.60021 0.49376 -0.61511 184 61 50
0.60011 0.46577 -0.60181 184 61 50
0.59828 0.43931 -0.58098 184 61 50
0.59701 0.41649 -0.55907 184 61 50
0.59620 0.39194 -0.53457 184 61 50
0.59998 0.36878 -0.50046 184 61 50
0.59747 0.35063 -0.46981 184 61 50
0.59802 0.33271 -0.43534 184 61 50
0.59544 0.31654 -0.39363 184 61 50
0.59839 0.30471 -0.34541 184 61 50
0.59651 0.29102 -0.30060 184 61 50
0.59974 0.28438 -0.24576 184 61 50
0.59672 0.27611 -0.18295 184 61 50
0.60040 0.27241 -0.11228 184 61 50
0.59923 0.27097 -0.00098 184 61 50
0.59830 0.27076 0.11437 184 61 50
0.60009 0.27743 0.18338 184 61 50
0.60047 0.28393 0.24526 184 61 50
0.59666 0.29294 0.29819 184 61 50
0.59550 0.30362 0.34958 184 61 50
0.59717 0.31324 0.39047 184 61 50
0.59982 0.33256 0.43371 184 61 50
0.59877 0.35006 0.46840 184 61 50
0.59627 0.36676 0.50366 184 61 50
0.59939 0.39297 0.53320 184 61 50
0.59882 0.41294 0.56153 184 61 50
0.59611 0.43788 0.58197 184 61 50
0.59887 0.46356 0.59915 184 61 50
0.59601 0.49632 0.61849 184 61 50
0.60007 0.52103 0.62829 184 61 50
0.59536 0.54888 0.63760 184 61 50
0.59598 0.57850 0.64688 184 61 50
0.62307 0.61189 0.64396 184 61 50
0.62344 0.64002 0.64478 184 61 50
0.62163 0.66799 0.64057 184 61 50
0.62363 0.69631 0.62693 184 61 50
0.62548 0.72842 0.61683 184 61 50
0.62530 0.75390 0.60067 184 61 50
0.62203 0.78070 0.58009 184 61 50
0.62441 0.80696 0.55982 184 61 50
0.62431 0.82671 0.53166 184 61 50
0.62380 0.85259 0.50518 184 61 50
0.62037 0.86962 0.47235 184 61 50
0.62467 0.88987 0.43130 184 61 50
0.62460 0.90184 0.39301 184 61 50
0.62192 0.91637 0.34967 184 61 50
0.62446 0.92936 0.29785 184 61 50
0.62551 0.93752 0.24662 184 61 50
0.62586 0.94364 0.18250 184 61 50
0.62393 0.95148 0.11141 184 61 50
0.62395 0.95151 0.00265 184 61 50
0.62314 0.94596 -0.11091 184 61 50
0.62127 0.94712 -0.18247 184 61 50
0.62578 0.93860 -0.24588 184 61 50
0.62510 0.92747 -0.30061 184 61 50
0.62127 0.92030 -0.34739 184 61 50
0.62301 0.90466 -0.39185 184 61 50
0.62244 0.88624 -0.43174 184 61 50
0.62142 0.86913 -0.47207 184 61 50
0.62436 0.85291 -0.50131 184 61 50
0.62324 0.82821 -0.53268 184 61 50
0.62007 0.80286 -0.55754 184 61 50
0.62019 0.78133 -0.58124 184 61 50
0.62371 0.75250 -0.60203 184 61 50
0.62313 0.72902 -0.61636 184 61 50
0.62303 0.69578 -0.62783 184 61 50
0.62284 0.67013 -0.63732 184 61 50
0.62445 0.63992 -0.64613 184 61 50
0.62164 0.60943 -0.64254 184 61 50
0.62587 0.57905 -0.64105 184 61 50
0.62525 0.55100 -0.64081 184 61 50
0.62341 0.52304 -0.63216 184 61 50
0.62428 0.49654 -0.61411 184 61 50
0.62209 0.46627 -0.60246 184 61 50
0.62586 0.43908 -0.57902 184 61 50
0.62186 0.41665 -0.55827 184 61 50
0.62363 0.39211 -0.53230 184 61 50
0.62382 0.36668 -0.50566 184 61 50
0.62371 0.35172 -0.46677 184 61 50
0.62513 0.32974 -0.43297 184 61 50
0.62385 0.31277 -0.38995 184 61 50
0.62039 0.30263 -0.34496 184 61 50
0.62435 0.28750 -0.30026 184 61 50
0.62306 0.28027 -0.24229 184 61 50
0.62499 0.27689 -0.18095 184 61 50
0.62571 0.27075 -0.10891 184 61 50
0.62357 0.27191 -0.00293 184 61 50
0.62344 0.27169 0.11079 184 61 50
0.62120 0.27414 0.18122 184 61 50
0.62263 0.27886 0.24602 184 61 50
0.62307 0.28986 0.29559 184 61 50
0.62415 0.30332 0.34755 184 61 50
0.62479 0.31399 0.39042 184 61 50
0.62008 0.33279 0.43168 184 61 50
0.62397 0.35116 0.46854 184 61 50
0.62035 0.36665 0.50188 184 61 50
0.62023 0.39112 0.53118 184 61 50
0.62513 0.41521 0.56110 184 61 50
0.62223 0.44292 0.58207 184 61 50
0.62244 0.46366 0.59991 184 61 50
0.62196 0.49387 0.61540 184 61 50
0.61991 0.52239 0.62985 184 61 50
0.62387 0.54894 0.63682 184 61 50
0.62493 0.58101 0.64334 184 61 50
0.64499 0.60748 0.64645 184 61 50
0.64633 0.63882 0.64576 184 61 50
0.64508 0.66989 0.63971 184 61 50
0.64708 0.69805 0.62997 184 61 50
0.64887 0.72420 0.61830 184 61 50
0.64510 0.75157 0.60066 184 61 50
0.64955 0.77818 0.57939 184 61 50
0.64786 0.80445 0.55707 184 61 50
0.64859 0.82989 0.53234 184 61 50
0.65076 0.85011 0.50225 184 61 50
0.64686 0.86930 0.46657 184 61 50
0.64694 0.89126 0.43333 184 61 50
0.65029 0.90301 0.39425 184 61 50
0.64647 0.91757 0.34682 184 61 50
0.64560 0.92946 0.29930 184 61 50
0.64936 0.93919 0.24126 184 61 50
0.64735 0.94386 0.18470 184 61 50
0.65018 0.94901 0.10869 184 61 50
0.64890 0.95124 0.00214 184 61 50
0.64575 0.94592 -0.11046 184 61 50
0.64749 0.94369 -0.18412 184 61 50
0.64886 0.93673 -0.24348 184 61 50
0.64500 0.93127 -0.29750 184 61 50
0.64636 0.92030 -0.34731 184 61 50
0.64773 0.90176 -0.39045 184 61 50
0.64552 0.88833 -0.43311 184 61 50
0.64761 0.86760 -0.47071 184 61 50
0.64811 0.84937 -0.50133 184 61 50
0.64722 0.83017 -0.52993 184 61 50
0.64511 0.80563 -0.55762 184 61 50
0.64816 0.78092 -0.58365 184 61 50
0.64841 0.75207 -0.60216 184 61 50
0.64992 0.72840 -0.61579 184 61 50
0.64540 0.69633 -0.63060 184 61 50
0.64799 0.66960 -0.63647 184 61 50
0.64595 0.63994 -0.64374 184 61 50
0.64524 0.61185 -0.64482 184 61 50
0.65058 0.58260 -0.64272 184 61 50
0.65035 0.54860 -0.63510 184 61 50
0.64627 0.52264 -0.62726 184 61 50
0.65042 0.49225 -0.61466 184 61 50
0.64783 0.46468 -0.60085 184 61 50
0.64829 0.44051 -0.58297 184 61 50
0.64824 0.41661 -0.56103 184 61 50
0.64694 0.39430 -0.53311 184 61 50
0.64878 0.37169 -0.49984 184 61 50
0.65043 0.34881 -0.46998 184 61 50
0.64748 0.33314 -0.43148 184 61 50
0.65068 0.31265 -0.38967 184 61 50
0.64575 0.30190 -0.34918 184 61 50
0.64862 0.29167 -0.30066 184 61 50
0.65054 0.28190 -0.24462 184 61 50
0.64600 0.27751 -0.18525 184 61 50
0.64500 0.26860 -0.10874 184 61 50
0.64742 0.27035 -0.00025 184 61 50
0.64605 0.27214 0.11025 184 61 50
0.64773 0.27695 0.18299 184 61 50
0.65071 0.28375 0.24524 184 61 50
0.64754 0.29248 0.29827 184 61 50
0.64668 0.29988 0.34598 184 61 50
0.64496 0.31817 0.39285 184 61 50
0.64795 0.33363 0.43261 184 61 50
0.64911 0.34830 0.46687 184 61 50
0.64602 0.36896 0.50490 184 61 50
0.64879 0.39365 0.53128 184 61 50
0.65046 0.41233 0.55702 184 61 50
0.65077 0.44178 0.58198 184 61 50
0.64634 0.46808 0.60057 184 61 50
0.64589 0.49634 0.61729 184 61 50
0.64535 0.52332 0.62762 184 61 50
0.65074 0.55078 0.64013 184 61 50
0.64914 0.58173 0.64085 184 61 50
0.67485 0.64131 0.64398 184 61 50
0.67553 0.66620 0.63907 184 61 50
0.67463 0.70094 0.63052 184 61 50
0.67563 0.72730 0.61580 184 61 50
0.67191 0.75582 0.59872 184 61 50
0.67051 0.77905 0.57851 184 61 50
0.67450 0.80749 0.55989 184 61 50
0.67338 0.83148 0.52846 184 61 50
0.67558 0.84786 0.50288 184 61 50
0.67515 0.86767 0.47097 184 61 50
0.67307 0.88597 0.43088 184 61 50
0.67105 0.90328 0.38953 184 61 50
0.67015 0.91797 0.34646 184 61 50
0.67224 0.93166 0.29751 184 61 50
0.67250 0.93575 0.24415 184 61 50
0.67088 0.94420 0.18067 184 61 50
0.67548 0.95139 0.11370 184 61 50
0.67240 0.95236 -0.00224 184 61 50
0.67177 0.94983 -0.10858 184 61 50
0.67056 0.94585 -0.17991 184 61 50
0.66988 0.93586 -0.24567 184 61 50
0.67004 0.92675 -0.29840 184 61 50
0.67290 0.91902 -0.34714 184 61 50
0.67111 0.90272 -0.39081 184 61 50
0.67083 0.89124 -0.43150 184 61 50
0.67015 0.86818 -0.46528 184 61 50
0.67111 0.84802 -0.50285 184 61 50
0.67160 0.82778 -0.53128 184 61 50
0.67349 0.80294 -0.55516 184 61 50
0.67200 0.77980 -0.57999 184 61 50
0.67085 0.75319 -0.59971 184 61 50
0.67479 0.72891 -0.61676 184 61 50
0.67524 0.69912 -0.62854 184 61 50
0.67563 0.66694 -0.63710 184 61 50
0.67368 0.64223 -0.64366 184 61 50
0.67361 0.35164 -0.46931 184 61 50
0.67197 0.32895 -0.42932 184 61 50
0.67536 0.31683 -0.38885 184 61 50
0.67406 0.30359 -0.34346 184 61 50
0.67248 0.29047 -0.29460 184 61 50
0.67428 0.28137 -0.24255 184 61 50
0.67002 0.27520 -0.17953 184 61 50
0.67495 0.27325 -0.11273 184 61 50
0.67164 0.27032 -0.00045 184 61 50
0.67159 0.27302 0.11249 184 61 50
0.67217 0.27547 0.18305 184 61 50
0.67540 0.28186 0.24570 184 61 50
0.67415 0.28999 0.29598 184 61 50
0.67009 0.29899 0.34362 184 61 50
0.67411 0.31854 0.39064 184 61 50
0.67186 0.32927 0.43206 184 61 50
0.67399 0.34741 0.47122 184 61 50
0.69745 0.63955 0.63942 184 61 50
0.69776 0.66678 0.63724 184 61 50
0.69845 0.69817 0.62821 184 61 50
0.69776 0.72346 0.61731 184 61 50
0.69691 0.75188 0.59840 184 61 50
0.69479 0.78242 0.57792 184 61 50
0.69637 0.80561 0.55576 184 61 50
0.69677 0.82957 0.53232 184 61 50
0.69636 0.84932 0.50301 184 61 50
0.69476 0.86829 0.46485 184 61 50
0.70047 0.88745 0.43347 184 61 50
0.69919 0.90536 0.39306 184 61 50
0.70010 0.91887 0.34407 184 61 50
0.69707 0.92743 0.29809 184 61 50
0.70044 0.93585 0.23998 184 61 50
0.69981 0.94640 0.18326 184 61 50
0.69508 0.94609 0.11288 184 61 50
0.69822 0.94734 -0.00044 184 61 50
0.70052 0.95138 -0.11242 184 61 50
0.69739 0.94647 -0.18479 184 61 50
0.70017 0.93778 -0.24216 184 61 50
0.69918 0.92972 -0.29526 184 61 50
0.69613 0.91612 -0.34382 184 61 50
0.69983 0.90631 -0.38800 184 61 50
0.69717 0.89048 -0.42773 184 61 50
0.69953 0.86910 -0.46718 184 61 50
0.70039 0.85057 -0.50213 184 61 50
0.69834 0.82699 -0.53264 184 61 50
0.69582 0.80675 -0.55711 184 61 50
0.69651 0.78215 -0.58117 184 61 50
0.70054 0.75635 -0.59944 184 61 50
0.70038 0.72429 -0.61431 184 61 50
0.69860 0.69931 -0.62450 184 61 50
0.69498 0.66792 -0.63709 184 61 50
0.70018 0.63667 -0.63987 184 61 50
0.69557 0.34926 -0.46615 184 61 50
0.69744 0.33406 -0.43317 184 61 50
0.69817 0.31346 -0.39176 184 61 50
0.69742 0.30270 -0.34357 184 61 50
0.69838 0.28945 -0.29853 184 61 50
0.69634 0.28184 -0.24246 184 61 50
0.69741 0.27224 -0.17974 184 61 50
0.69491 0.27320 -0.11377 184 61 50
0.69979 0.27023 -0.00036 184 61 50
0.69977 0.27115 0.11111 184 61 50
0.69662 0.27729 0.18392 184 61 50
0.69973 0.28049 0.24417 184 61 50
0.69574 0.28811 0.29501 184 61 50
0.69703 0.30181 0.34615 184 61 50
0.69979 0.31680 0.39269 184 61 50
0.69515 0.33193 0.43212 184 61 50
0.69652 0.34988 0.46674 184 61 50
0.72138 0.63856 0.63774 184 61 50
0.72218 0.66605 0.63193 184 61 50
0.72320 0.69835 0.62751 184 61 50
0.72392 0.72829 0.61636 184 61 50
0.72044 0.75566 0.60011 184 61 50
0.72382 0.77957 0.57625 184 61 50
0.72453 0.80653 0.55277 184 61 50
0.72466 0.82955 0.52984 184 61 50
0.71968 0.84902 0.50142 184 61 50
0.72505 0.86990 0.46937 184 61 50
0.72530 0.88648 0.42786 184 61 50
0.71988 0.90483 0.39095 184 61 50
0.72054 0.91858 0.34740 184 61 50
0.71982 0.92695 0.29510 184 61 50
0.72277 0.93778 0.24402 184 61 50
0.72238 0.94386 0.18118 184 61 50
0.72506 0.95007 0.11045 184 61 50
0.72437 0.95216 -0.00070 184 61 50
0.72136 0.95064 -0.11344 184 61 50
0.72321 0.94316 -0.18052 184 61 50
0.72550 0.93656 -0.24444 184 61 50
0.72192 0.93017 -0.29652 184 61 50
0.72171 0.91981 -0.34456 184 61 50
0.72431 0.90454 -0.39201 184 61 50
0.71977 0.88788 -0.42909 184 61 50
0.72021 0.86926 -0.46431 184 61 50
0.72352 0.85239 -0.49765 184 61 50
0.72204 0.83046 -0.52826 184 61 50
0.72276 0.80373 -0.55500 184 61 50
0.72395 0.77855 -0.57867 184 61 50
0.72436 0.75137 -0.59677 184 61 50
0.72548 0.72821 -0.61587 184 61 50
0.71955 0.70069 -0.62318 184 61 50
0.72410 0.66614 -0.63161 184 61 50
0.72028 0.64105 -0.64232 184 61 50
0.71968 0.35036 -0.46702 184 61 50
0.72250 0.33016 -0.43109 184 61 50
0.72205 0.31656 -0.39061 184 61 50
0.72037 0.30023 -0.34399 184 61 50
0.72383 0.29191 -0.29583 184 61 50
0.72220 0.28294 -0.24513 184 61 50
0.72267 0.27713 -0.18154 184 61 50
0.72112 0.26869 -0.11292 184 61 50
0.72216 0.26942 -0.00251 184 61 50
0.72431 0.26889 0.11016 184 61 50
0.72026 0.27291 0.18297 184 61 50
0.72471 0.28014 0.24461 184 61 50
0.71987 0.29224 0.29807 184 61 50
0.72223 0.30139 0.34717 184 61 50
0.72528 0.31420 0.38880 184 61 50
0.72313 0.33443 0.42960 184 61 50
0.71987 0.34952 0.46734 184 61 50
0.74467 0.64189 0.63636 184 61 50
0.74905 0.67035 0.63213 184 61 50
0.74516 0.69699 0.62635 184 61 50
0.74724 0.72777 0.61265 184 61 50
0.75037 0.75532 0.59457 184 61 50
0.74653 0.78182 0.57754 184 61 50
0.74455 0.80209 0.55337 184 61 50
0.74813 0.82623 0.52726 184 61 50
0.74999 0.85113 0.50019 184 61 50
0.74731 0.87073 0.46546 184 61 50
0.74532 0.88704 0.42887 184 61 50
0.74860 0.90623 0.39004 184 61 50
0.74659 0.91654 0.34644 184 61 50
0.74823 0.93222 0.29760 184 61 50
0.74572 0.93942 0.24362 184 61 50
0.74515 0.94471 0.17929 184 61 50
0.74867 0.95118 0.10920 184 61 50
0.74746 0.95237 -0.00125 184 61 50
0.74870 0.94694 -0.11314 184 61 50
0.74881 0.94625 -0.18146 184 61 50
0.74814 0.93951 -0.24169 184 61 50
0.74655 0.92981 -0.29772 184 61 50
0.74523 0.91632 -0.34282 184 61 50
0.74910 0.90153 -0.39025 184 61 50
0.74810 0.88909 -0.42707 184 61 50
0.74539 0.86999 -0.46618 184 61 50
0.74767 0.84990 -0.50148 184 61 50
0.74889 0.82651 -0.53109 184 61 50
0.74460 0.80261 -0.55265 184 61 50
0.74796 0.78234 -0.57922 184 61 50
0.74684 0.75213 -0.59474 184 61 50
0.75014 0.72649 -0.61300 184 61 50
0.74617 0.69774 -0.62634 184 61 50
0.74905 0.66816 -0.63453 184 61 50
0.74906 0.64178 -0.64089 184 61 50
0.74453 0.35046 -0.46382 184 61 50
0.74734 0.32999 -0.43208 184 61 50
0.74977 0.31806 -0.38894 184 61 50
0.74906 0.30204 -0.34708 184 61 50
0.74491 0.29010 -0.29708 184 61 50
0.74591 0.28409 -0.23958 184 61 50
0.74801 0.27613 -0.18131 184 61 50
0.74671 0.27394 -0.10813 184 61 50
0.74972 0.27279 0.00288 184 61 50
0.75020 0.27059 0.10801 184 61 50
0.74573 0.27477 0.17923 184 61 50
0.74773 0.28202 0.24065 184 61 50
0.74818 0.29273 0.29375 184 61 50
0.74611 0.30317 0.34237 184 61 50
0.74913 0.31410 0.38900 184 61 50
0.74814 0.32961 0.42727 184 61 50
0.74841 0.34782 0.46815 184 61 50
0.77501 0.64207 0.63855 184 61 50
0.77463 0.66761 0.62983 184 61 50
0.76962 0.69698 0.62457 184 61 50
0.76938 0.72908 0.60904 184 61 50
0.77488 0.75438 0.59722 184 61 50
0.77112 0.77811 0.57807 184 61 50
0.77209 0.80758 0.55480 184 61 50
0.77302 0.82589 0.52771 184 61 50
0.77455 0.84793 0.49598 184 61 50
0.77223 0.87016 0.46747 184 61 50
0.77535 0.89103 0.42583 184 61 50
0.77256 0.90727 0.38963 184 61 50
0.77458 0.91544 0.34243 184 61 50
0.77442 0.93126 0.29508 184 61 50
0.76946 0.94131 0.23931 184 61 50
0.77439 0.94722 0.17833 184 61 50
0.77268 0.95004 0.10870 184 61 50
0.77436 0.94974 0.00101 184 61 50
0.76952 0.94746 -0.11043 184 61 50
0.77153 0.94467 -0.18275 184 61 50
0.77197 0.94055 -0.24186 184 61 50
0.77441 0.93213 -0.29429 184 61 50
0.76945 0.91730 -0.34106 184 61 50
0.77094 0.90177 -0.38572 184 61 50
0.77328 0.89062 -0.43067 184 61 50
0.77490 0.86941 -0.46352 184 61 50
0.76965 0.85297 -0.49948 184 61 50
0.77181 0.82900 -0.52456 184 61 50
0.77515 0.80764 -0.55321 184 61 50
0.77132 0.77796 -0.57428 184 61 50
0.77051 0.75624 -0.59602 184 61 50
0.77260 0.72903 -0.61078 184 61 50
0.76982 0.69748 -0.62402 184 61 50
0.77435 0.67139 -0.63407 184 61 50
0.77378 0.63967 -0.63416 184 61 50
0.77114 0.34704 -0.46711 184 61 50
0.77109 0.33421 -0.42945 184 61 50
0.77480 0.31781 -0.38835 184 61 50
0.77388 0.29952 -0.34397 184 61 50
0.77536 0.28951 -0.29279 184 61 50
0.77198 0.28436 -0.24442 184 61 50
0.77340 0.27789 -0.18335 184 61 50
0.77502 0.27204 -0.10941 184 61 50
0.77115 0.27116 0.00224 184 61 50
0.77032 0.26838 0.11118 184 61 50
0.77349 0.27558 0.17980 184 61 50
0.77424 0.28210 0.24345 184 61 50
0.77290 0.28991 0.29569 184 61 50
0.77224 0.30086 0.34213 184 61 50
0.77258 0.31539 0.38729 184 61 50
0.77025 0.33122 0.42592 184 61 50
0.77099 0.34765 0.46770 184 61 50
0.79838 0.63879 0.63766 184 61 50
0.79565 0.67187 0.63276 184 61 50
0.79920 0.70070 0.62342 184 61 50
0.79911 0.72355 0.60999 184 61 50
0.79747 0.75276 0.59392 184 61 50
0.79682 0.78150 0.57557 184 61 50
0.79960 0.80469 0.55196 184 61 50
0.79781 0.82915 0.52399 184 61 50
0.79885 0.84773 0.49504 184 61 50
0.79703 0.86897 0.46068 184 61 50
0.79433 0.88806 0.42484 184 61 50
0.79810 0.90151 0.38663 184 61 50
0.79985 0.91801 0.34225 184 61 50
0.79539 0.93022 0.29736 184 61 50
0.79543 0.93546 0.24231 184 61 50
0.79478 0.94446 0.18051 184 61 50
0.79744 0.94969 0.10909 184 61 50
0.79806 0.94826 0.00278 184 61 50
0.79921 0.94891 -0.11257 184 61 50
0.79725 0.94240 -0.17834 184 61 50
0.79703 0.93879 -0.24054 184 61 50
0.79702 0.93035 -0.29491 184 61 50
0.79446 0.91636 -0.34040 184 61 50
0.80020 0.90646 -0.38464 184 61 50
0.79896 0.89129 -0.42583 184 61 50
0.79576 0.87018 -0.46533 184 61 50
0.79644 0.85218 -0.49756 184 61 50
0.79525 0.82751 -0.52786 184 61 50
0.79904 0.80488 -0.55122 184 61 50
0.79786 0.77865 -0.57668 184 61 50
0.79875 0.75326 -0.59185 184 61 50
0.79943 0.72787 -0.60873 184 61 50
0.79685 0.69860 -0.61926 184 61 50
0.79434 0.66961 -0.62901 184 61 50
0.79915 0.63907 -0.63288 184 61 50
0.79857 0.34752 -0.46273 184 61 50
0.79991 0.33342 -0.42820 184 61 50
0.79804 0.31301 -0.38842 184 61 50
0.79718 0.29949 -0.34474 184 61 50
0.79747 0.28875 -0.29368 184 61 50
0.79982 0.28339 -0.24174 184 61 50
0.79875 0.27478 -0.18136 184 61 50
0.79967 0.27392 -0.11161 184 61 50
0.79712 0.27098 0.00276 184 61 50
0.79819 0.27197 0.10772 184 61 50
0.79527 0.27748 0.18280 184 61 50
0.79814 0.28080 0.24034 184 61 50
0.79457 0.28963 0.29715 184 61 50
0.79847 0.29912 0.34230 184 61 50
0.79636 0.31344 0.38694 184 61 50
0.79609 0.32854 0.42838 184 61 50
0.79988 0.35070 0.46485 184 61 50
0.82458 0.64244 0.63334 184 61 50
0.82141 0.66612 0.63007 184 61 50
0.82103 0.69950 0.62089 184 61 50
0.82274 0.72800 0.60688 184 61 50
0.82283 0.75525 0.59049 184 61 50
0.82349 0.77984 0.57116 184 61 50
0.81985 0.80793 0.54809 184 61 50
0.82342 0.82612 0.52626 184 61 50
0.82085 0.85220 0.49411 184 61 50
0.82439 0.86999 0.46365 184 61 50
0.82323 0.89075 0.42686 184 61 50
0.82177 0.90542 0.38569 184 61 50
0.82131 0.91519 0.34270 184 61 50
0.82336 0.93191 0.29531 184 61 50
0.82071 0.93942 0.23810 184 61 50
0.82190 0.94718 0.18196 184 61 50
0.82198 0.94862 0.11073 184 61 50
0.82337 0.95256 -0.00252 184 61 50
0.82225 0.94647 -0.10841 184 61 50
0.82433 0.94728 -0.18020 184 61 50
0.82486 0.93645 -0.24193 184 61 50
0.81923 0.93166 -0.29406 184 61 50
0.82480 0.92094 -0.34041 184 61 50
0.82412 0.90422 -0.38527 184 61 50
0.82310 0.88904 -0.42304 184 61 50
0.82068 0.86966 -0.46497 184 61 50
0.82264 0.84965 -0.49405 184 61 50
0.81988 0.82799 -0.52442 184 61 50
0.81986 0.80589 -0.55286 184 61 50
0.82032 0.78244 -0.57432 184 61 50
0.81968 0.75430 -0.59103 184 61 50
0.82157 0.72769 -0.60689 184 61 50
0.82503 0.69804 -0.62090 184 61 50
0.82038 0.67090 -0.63011 184 61 50
0.81958 0.64032 -0.63164 184 61 50
0.82129 0.34761 -0.46540 184 61 50
0.82375 0.33158 -0.42848 184 61 50
0.82241 0.31799 -0.38761 184 61 50
0.82379 0.30359 -0.34070 184 61 50
0.82288 0.28973 -0.29391 184 61 50
0.82493 0.27969 -0.24123 184 61 50
0.82185 0.27649 -0.18310 184 61 50
0.81945 0.27247 -0.10734 184 61 50
0.82242 0.27044 -0.00249 184 61 50
0.82157 0.26981 0.10854 184 61 50
0.81942 0.27354 0.18305 184 61 50
0.82313 0.28412 0.23925 184 61 50
0.82354 0.29326 0.29647 184 61 50
0.82492 0.30363 0.34484 184 61 50
0.81946 0.31357 0.38856 184 61 50
0.82451 0.33438 0.42730 184 61 50
0.82173 0.34932 0.46062 184 61 50
0.84756 0.63905 0.63152 184 61 50
0.84597 0.67163 0.62879 184 61 50
0.84679 0.69658 0.62096 184 61 50
0.84834 0.72446 0.60417 184 61 50
0.84760 0.75323 0.59208 184 61 50
0.84506 0.78299 0.57023 184 61 50
0.84843 0.80235 0.54940 184 61 50
0.84688 0.82805 0.52264 184 61 50
0.84609 0.84901 0.49320 184 61 50
0.84732 0.87315 0.46353 184 61 50
0.84591 0.88929 0.42564 184 61 50
0.84542 0.90189 0.38407 184 61 50
0.84501 0.91971 0.34065 184 61 50
0.84999 0.92666 0.29251 184 61 50
0.84922 0.93776 0.24169 184 61 50
0.84864 0.94722 0.18204 184 61 50
0.84781 0.94926 0.10975 184 61 50
0.84654 0.94866 0.00124 184 61 50
0.84578 0.94620 -0.11159 184 61 50
0.84735 0.94227 -0.17861 184 61 50
0.84480 0.94013 -0.24192 184 61 50
0.84819 0.92788 -0.29356 184 61 50
0.84537 0.91549 -0.34297 184 61 50
0.85001 0.90415 -0.38588 184 61 50
0.84856 0.88708 -0.42508 184 61 50
0.84440 0.86844 -0.46141 184 61 50
0.84884 0.85110 -0.49228 184 61 50
0.84707 0.82762 -0.52344 184 61 50
0.84712 0.80474 -0.54627 184 61 50
0.84611 0.78255 -0.56908 184 61 50
0.84882 0.75304 -0.59313 184 61 50
0.84622 0.72858 -0.60698 184 61 50
0.84899 0.70088 -0.61658 184 61 50
0.84997 0.66783 -0.62656 184 61 50
0.84418 0.64163 -0.63266 184 61 50
0.84649 0.35198 -0.45962 184 61 50
0.84621 0.33082 -0.42516 184 61 50
0.84934 0.31832 -0.38548 184 61 50
0.84448 0.30305 -0.34281 184 61 50
0.84724 0.29025 -0.29556 184 61 50
0.84510 0.28433 -0.24038 184 61 50
0.84424 0.27810 -0.18210 184 61 50
0.84620 0.27223 -0.10995 184 61 50
0.85004 0.27188 0.00135 184 61 50
0.84501 0.27167 0.10651 184 61 50
0.84415 0.27764 0.17672 184 61 50
0.84690 0.28415 0.23710 184 61 50
0.84740 0.28799 0.29135 184 61 50
0.84891 0.30247 0.33841 184 61 50
0.84569 0.31473 0.38317 184 61 50
0.84922 0.33444 0.42495 184 61 50
0.84637 0.34874 0.45886 184 61 50
0.87071 0.64259 0.62835 184 61 50
0.87008 0.66757 0.62320 184 61 50
0.87373 0.69720 0.61464 184 61 50
0.87397 0.72621 0.60252 184 61 50
0.87400 0.75195 0.59052 184 61 50
0.87491 0.78029 0.57023 184 61 50
0.87301 0.80460 0.54955 184 61 50
0.87485 0.82722 0.52261 184 61 50
0.87170 0.84993 0.49227 184 61 50
0.87190 0.87083 0.45813 184 61 50
0.87277 0.88748 0.42563 184 61 50
0.86907 0.90401 0.38552 184 61 50
0.87448 0.91899 0.33910 184 61 50
0.87249 0.93166 0.29376 184 61 50
0.87176 0.94098 0.24090 184 61 50
0.87152 0.94715 0.17952 184 61 50
0.86968 0.95170 0.10742 184 61 50
0.87271 0.95114 -0.00021 184 61 50
0.87403 0.95074 -0.11199 184 61 50
0.87484 0.94696 -0.18158 184 61 50
0.87308 0.93552 -0.23928 184 61 50
0.87219 0.93243 -0.28940 184 61 50
0.87423 0.91813 -0.34235 184 61 50
0.87225 0.90331 -0.38175 184 61 50
0.87466 0.89147 -0.42280 184 61 50
0.87390 0.87321 -0.45761 184 61 50
0.87472 0.84933 -0.49317 184 61 50
0.87335 0.82624 -0.52057 184 61 50
0.87013 0.80448 -0.54801 184 61 50
0.87088 0.77814 -0.56882 184 61 50
0.87464 0.75608 -0.58970 184 61 50
0.87067 0.72729 -0.60275 184 61 50
0.87044 0.69769 -0.61579 184 61 50
0.87373 0.66818 -0.62562 184 61 50
0.87277 0.63833 -0.63167 184 61 50
0.87119 0.34736 -0.46154 184 61 50
0.87109 0.33161 -0.42357 184 61 50
0.87108 0.31537 -0.38586 184 61 50
0.87230 0.30073 -0.34017 184 61 50
0.87272 0.28895 -0.29217 184 61 50
0.87132 0.28396 -0.23686 184 61 50
0.87289 0.27639 -0.17857 184 61 50
0.86949 0.26837 -0.10873 184 61 50
0.86907 0.27065 0.00176 184 61 50
0.87120 0.27053 0.10953 184 61 50
0.87460 0.27679 0.17686 184 61 50
0.87417 0.27889 0.23799 184 61 50
0.87226 0.29156 0.29008 184 61 50
0.87063 0.29900 0.34072 184 61 50
0.87419 0.31774 0.38602 184 61 50
0.87215 0.33004 0.42475 184 61 50
0.87343 0.34761 0.45983 184 61 50
0.89500 0.64262 0.62601 184 61 50
0.89505 0.66703 0.62314 184 61 50
0.89840 0.69632 0.61103 184 61 50
0.89966 0.72430 0.60469 184 61 50
0.89834 0.75298 0.58940 184 61 50
0.89507 0.78248 0.56529 184 61 50
0.89755 0.80750 0.54594 184 61 50
0.89703 0.82935 0.52135 184 61 50
0.89930 0.84818 0.48978 184 61 50
0.89985 0.86767 0.45495 184 61 50
0.89535 0.88807 0.41967 184 61 50
0.89771 0.90532 0.38291 184 61 50
0.89400 0.91544 0.33708 184 61 50
0.89755 0.92853 0.29243 184 61 50
0.89897 0.93970 0.23741 184 61 50
0.89484 0.94238 0.17966 184 61 50
0.89527 0.95093 0.10951 184 61 50
0.89929 0.94860 0.00223 184 61 50
0.89965 0.94842 -0.10926 184 61 50
0.89476 0.94759 -0.17747 184 61 50
0.89485 0.93746 -0.23905 184 61 50
0.89538 0.92781 -0.28954 184 61 50
0.89433 0.92065 -0.33730 184 61 50
0.89524 0.90256 -0.38142 184 61 50
0.89947 0.88799 -0.41914 184 61 50
0.89455 0.87005 -0.46000 184 61 50
0.89719 0.85314 -0.49208 184 61 50
0.89866 0.82598 -0.51973 184 61 50
0.89680 0.80492 -0.54566 184 61 50
0.89597 0.77951 -0.56846 184 61 50
0.89906 0.75665 -0.58770 184 61 50
0.89993 0.72480 -0.60136 184 61 50
0.89531 0.69919 -0.61314 184 61 50
0.89620 0.67192 -0.62138 184 61 50
0.89465 0.63746 -0.62598 184 61 50
0.89736 0.34800 -0.45604 184 61 50
0.89395 0.33035 -0.42335 184 61 50
0.89496 0.31717 -0.38327 184 61 50
0.89973 0.30071 -0.34072 184 61 50
0.89646 0.29064 -0.28942 184 61 50
0.89575 0.27927 -0.23893 184 61 50
0.89984 0.27471 -0.17735 184 61 50
0.89814 0.27102 -0.10617 184 61 50
0.89447 0.26830 -0.00146 184 61 50
0.89924 0.27391 0.10945 184 61 50
0.89983 0.27373 0.17976 184 61 50
0.89866 0.28352 0.23730 184 61 50
0.89990 0.28933 0.29160 184 61 50
0.89784 0.29995 0.34086 184 61 50
0.89774 0.31572 0.37939 184 61 50
0.89780 0.33023 0.42480 184 61 50
0.89690 0.34903 0.45863 184 61 50
0.92395 0.63940 0.62631 184 61 50
0.92444 0.66740 0.62109 184 61 50
0.92339 0.69958 0.61010 184 61 50
0.92337 0.72431 0.60237 184 61 50
0.92237 0.75219 0.58318 184 61 50
0.92134 0.77996 0.56769 184 61 50
0.91938 0.80586 0.54600 184 61 50
0.92145 0.82621 0.51694 184 61 50
0.92273 0.85130 0.48904 184 61 50
0.91898 0.87067 0.45708 184 61 50
0.92375 0.88747 0.42259 184 61 50
0.91997 0.90236 0.38187 184 61 50
0.92271 0.91615 0.33944 184 61 50
0.92326 0.92738 0.28674 184 61 50
0.92114 0.94031 0.23578 184 61 50
0.92469 0.94565 0.17614 184 61 50
0.92164 0.94936 0.10937 184 61 50
0.91914 0.95163 -0.00238 184 61 50
0.92389 0.94780 -0.10842 184 61 50
0.91992 0.94735 -0.17659 184 61 50
0.91905 0.94132 -0.23597 184 61 50
0.92037 0.92730 -0.29096 184 61 50
0.92205 0.91582 -0.33540 184 61 50
0.92215 0.90474 -0.38193 184 61 50
0.92117 0.88853 -0.42118 184 61 50
0.92200 0.87004 -0.45512 184 61 50
0.91930 0.84750 -0.48564 184 61 50
0.92453 0.83138 -0.52006 184 61 50
0.91925 0.80581 -0.54052 184 61 50
0.92381 0.77756 -0.56827 184 61 50
0.92268 0.75377 -0.58307 184 61 50
0.92424 0.72829 -0.59797 184 61 50
0.92376 0.69626 -0.60967 184 61 50
0.92262 0.66664 -0.61860 184 61 50
0.92230 0.63977 -0.62656 184 61 50
0.92474 0.37153 -0.48734 184 61 50
0.92247 0.35026 -0.45429 184 61 50
0.92148 0.33363 -0.41995 184 61 50
0.92078 0.31474 -0.38135 184 61 50
0.92483 0.29938 -0.33862 184 61 50
0.92442 0.28768 -0.29071 184 61 50
0.91967 0.28247 -0.23425 184 61 50
0.92271 0.27691 -0.17490 184 61 50
0.92472 0.26949 -0.10787 184 61 50
0.92174 0.27123 -0.00139 184 61 50
0.91968 0.27209 0.10865 184 61 50
0.91989 0.27259 0.17850 184 61 50
0.92482 0.28280 0.23576 184 61 50
0.91937 0.28967 0.29175 184 61 50
0.92100 0.30136 0.33679 184 61 50
0.92046 0.31335 0.37961 184 61 50
0.92353 0.32974 0.41862 184 61 50
0.92461 0.35014 0.45377 184 61 50
0.92476 0.36772 0.48924 184 61 50
0.94489 0.64130 0.62109 184 61 50
0.94473 0.66638 0.61838 184 61 50
0.94556 0.69736 0.60734 184 61 50
0.94424 0.72572 0.59636 184 61 50
0.94713 0.75639 0.58010 184 61 50
0.94563 0.78025 0.56199 184 61 50
0.94469 0.80589 0.54290 184 61 50
0.94962 0.82585 0.51507 184 61 50
0.94496 0.84781 0.48471 184 61 50
0.94863 0.87165 0.45631 184 61 50
0.94765 0.89029 0.42109 184 61 50
0.94675 0.90418 0.37952 184 61 50
0.94489 0.91765 0.33413 184 61 50
0.94687 0.93044 0.29124 184 61 50
0.94660 0.93847 0.23718 184 61 50
0.94970 0.94588 0.17754 184 61 50
0.94569 0.94948 0.10779 184 61 50
0.94529 0.95027 0.00093 184 61 50
0.94814 0.94812 -0.10990 184 61 50
0.94471 0.94446 -0.17637 184 61 50
0.94867 0.93646 -0.23750 184 61 50
0.94558 0.93230 -0.29064 184 61 50
0.94409 0.92031 -0.33579 184 61 50
0.94810 0.90533 -0.37823 184 61 50
0.94605 0.89132 -0.42079 184 61 50
0.94810 0.86775 -0.45478 184 61 50
0.94428 0.85279 -0.48614 184 61 50
0.94910 0.82825 -0.51563 184 61 50
0.94706 0.80205 -0.53945 184 61 50
0.94656 0.77715 -0.56534 184 61 50
0.94502 0.75113 -0.58099 184 61 50
0.94751 0.72850 -0.59524 184 61 50
0.94594 0.69547 -0.60670 184 61 50
0.94567 0.66849 -0.61750 184 61 50
0.94767 0.63965 -0.62306 184 61 50
0.94825 0.37255 -0.48413 184 61 50
0.94590 0.34977 -0.45423 184 61 50
0.94761 0.33277 -0.42136 184 61 50
0.94888 0.31793 -0.37672 184 61 50
0.94880 0.30329 -0.33718 184 61 50
0.94880 0.28832 -0.28810 184 61 50
0.94940 0.28303 -0.23375 184 61 50
0.94486 0.27622 -0.17715 184 61 50
0.94947 0.26927 -0.10518 184 61 50
0.94688 0.27251 0.00097 184 61 50
0.94513 0.27088 0.10585 184 61 50
0.94943 0.27310 0.17773 184 61 50
0.94460 0.28067 0.23736 184 61 50
0.94623 0.28861 0.28910 184 61 50
0.94511 0.30049 0.33481 184 61 50
0.94798 0.31725 0.38082 184 61 50
0.94863 0.33352 0.41690 184 61 50
0.94419 0.34959 0.45488 184 61 50
0.94580 0.36826 0.48700 184 61 50
0.97423 0.63925 0.61950 184 61 50
0.97388 0.66998 0.61602 184 61 50
0.96956 0.69993 0.60515 184 61 50
0.97163 0.72646 0.59192 184 61 50
0.97426 0.75546 0.58090 184 61 50
0.97275 0.78220 0.56103 184 61 50
0.97003 0.80541 0.54082 184 61 50
0.97306 0.82709 0.51168 184 61 50
0.96960 0.85201 0.48349 184 61 50
0.97387 0.87164 0.44996 184 61 50
0.96876 0.89086 0.41710 184 61 50
0.97270 0.90458 0.37583 184 61 50
0.97302 0.92098 0.33298 184 61 50
0.97396 0.92801 0.28639 184 61 50
0.97357 0.94104 0.23362 184 61 50
0.97312 0.94444 0.17856 184 61 50
0.97076 0.94756 0.10765 184 61 50
0.97122 0.95149 0.00069 184 61 50
0.97063 0.94670 -0.10478 184 61 50
0.97014 0.94745 -0.17903 184 61 50
0.97178 0.93874 -0.23730 184 61 50
0.97258 0.92857 -0.28481 184 61 50
0.97312 0.91963 -0.33420 184 61 50
0.97006 0.90237 -0.37453 184 61 50
0.96878 0.88581 -0.41715 184 61 50
0.96993 0.87061 -0.44926 184 61 50
0.96971 0.84763 -0.48552 184 61 50
0.96977 0.82743 -0.51376 184 61 50
0.97321 0.80466 -0.53960 184 61 50
0.96911 0.77719 -0.55874 184 61 50
0.97102 0.75115 -0.58002 184 61 50
0.97177 0.72454 -0.59465 184 61 50
0.97410 0.69788 -0.60719 184 61 50
0.96990 0.66829 -0.61354 184 61 50
0.97382 0.63783 -0.62145 184 61 50
0.97399 0.36806 -0.48512 184 61 50
0.97070 0.35189 -0.45500 184 61 50
0.96878 0.33394 -0.41555 184 61 50
0.96924 0.31650 -0.37759 184 61 50
0.97055 0.29908 -0.33659 184 61 50
0.97118 0.28926 -0.28460 184 61 50
0.97259 0.28130 -0.23605 184 61 50
0.97073 0.27423 -0.17544 184 61 50
0.96937 0.27168 -0.10655 184 61 50
0.96896 0.26818 -0.00036 184 61 50
0.96914 0.27122 0.10680 184 61 50
0.97198 0.27552 0.17612 184 61 50
0.97266 0.28400 0.23237 184 61 50
0.96913 0.28786 0.28800 184 61 50
0.97459 0.30435 0.33657 184 61 50
0.97271 0.31762 0.37895 184 61 50
0.97429 0.33157 0.41834 184 61 50
0.97462 0.34886 0.45326 184 61 50
0.97174 0.36882 0.48535 184 61 50
0.99521 0.64190 0.61873 184 61 50
0.99892 0.66657 0.60945 184 61 50
0.99923 0.70054 0.60035 184 61 50
0.99817 0.72397 0.59095 184 61 50
0.99617 0.75330 0.57437 184 61 50
0.99749 0.78275 0.55444 184 61 50
0.99385 0.80738 0.53733 184 61 50
0.99460 0.82825 0.50867 184 61 50
0.99363 0.84991 0.48324 184 61 50
0.99666 0.86793 0.44855 184 61 50
0.99390 0.88726 0.41384 184 61 50
0.99729 0.90604 0.37502 184 61 50
0.99453 0.92063 0.33417 184 61 50
0.99803 0.92983 0.28341 184 61 50
0.99525 0.93698 0.23430 184 61 50
0.99623 0.94228 0.17488 184 61 50
0.99480 0.94798 0.10381 184 61 50
0.99480 0.95152 -0.00279 184 61 50
0.99883 0.94878 -0.10457 184 61 50
0.99467 0.94279 -0.17794 184 61 50
0.99838 0.94032 -0.23469 184 61 50
0.99838 0.93220 -0.28566 184 61 50
0.99599 0.92007 -0.33105 184 61 50
0.99473 0.90301 -0.37397 184 61 50
0.99610 0.88588 -0.41648 184 61 50
0.99787 0.87086 -0.44718 184 61 50
0.99792 0.85084 -0.48339 184 61 50
0.99378 0.82754 -0.50870 184 61 50
0.99446 0.80269 -0.53309 184 61 50
0.99643 0.78274 -0.55444 184 61 50
0.99479 0.75296 -0.57582 184 61 50
0.99775 0.72847 -0.58813 184 61 50
0.99826 0.69817 -0.60495 184 61 50
0.99851 0.67051 -0.60839 184 61 50
0.99485 0.64124 -0.61929 184 61 50
0.99734 0.36814 -0.48013 184 61 50
0.99516 0.35187 -0.44920 184 61 50
0.99599 0.33300 -0.41209 184 61 50
0.99942 0.31801 -0.37286 184 61 50
0.99702 0.30352 -0.33496 184 61 50
0.99601 0.28935 -0.28448 184 61 50
0.99512 0.28136 -0.23530 184 61 50
0.99767 0.27470 -0.17547 184 61 50
0.99500 0.26854 -0.10744 184 61 50
0.99917 0.26720 -0.00049 184 61 50
0.99443 0.26867 0.10919 184 61 50
0.99938 0.27360 0.17511 184 61 50
0.99801 0.27924 0.23174 184 61 50
0.99865 0.28797 0.28653 184 61 50
0.99744 0.29910 0.33458 184 61 50
0.99746 0.31579 0.37355 184 61 50
0.99895 0.32906 0.41441 184 61 50
0.99411 0.35216 0.44886 184 61 50
0.99431 0.36867 0.47871 184 61 50
1.02340 0.64104 0.61181 184 61 50
1.02041 0.66829 0.60657 184 61 50
1.02167 0.69711 0.59974 184 61 50
1.02117 0.72405 0.59044 184 61 50
1.01985 0.75380 0.57240 184 61 50
1.02041 0.77901 0.55184 184 61 50
1.02004 0.80298 0.53069 184 61 50
1.02191 0.83150 0.50734 184 61 50
1.02441 0.85334 0.48152 184 61 50
1.02218 0.87159 0.44749 184 61 50
1.01964 0.88655 0.41486 184 61 50
1.02386 0.90676 0.37499 184 61 50
1.02198 0.92006 0.33264 184 61 50
1.02367 0.92869 0.28391 184 61 50
1.02446 0.93627 0.23264 184 61 50
1.02122 0.94475 0.17541 184 61 50
1.01967 0.94875 0.10481 184 61 50
1.01857 0.95267 0.00252 184 61 50
1.02038 0.95043 -0.10322 184 61 50
1.02405 0.94294 -0.17524 184 61 50
1.02062 0.93943 -0.23336 184 61 50
1.02116 0.93050 -0.28114 184 61 50
1.02042 0.92037 -0.32926 184 61 50
1.02102 0.90518 -0.37467 184 61 50
1.02372 0.88795 -0.41111 184 61 50
1.02417 0.86749 -0.44809 184 61 50
1.02190 0.84951 -0.47801 184 61 50
1.01925 0.83026 -0.50697 184 61 50
1.01916 0.80644 -0.53431 184 61 50
1.02141 0.78171 -0.55688 184 61 50
1.01945 0.75416 -0.57161 184 61 50
1.02285 0.72734 -0.58686 184 61 50
1.02193 0.69550 -0.59944 184 61 50
1.02338 0.67139 -0.60881 184 61 50
1.01992 0.64019 -0.61422 184 61 50
1.02246 0.36975 -0.48177 184 61 50
1.02312 0.35151 -0.44439 184 61 50
1.02362 0.33157 -0.41422 184 61 50
1.02313 0.31513 -0.37034 184 61 50
1.01958 0.30245 -0.32996 184 61 50
1.02113 0.29302 -0.28296 184 61 50
1.02409 0.28440 -0.23249 184 61 50
1.02254 0.27536 -0.17577 184 61 50
1.01982 0.27140 -0.10765 184 61 50
1.01877 0.27039 -0.00098 184 61 50
1.02327 0.26880 0.10729 184 61 50
1.01973 0.27340 0.17565 184 61 50
1.01901 0.27978 0.23255 184 61 50
1.02220 0.29325 0.28664 184 61 50
1.02127 0.29967 0.33125 184 61 50
1.02283 0.31339 0.37539 184 61 50
1.02419 0.33038 0.40966 184 61 50
1.02378 0.34705 0.44496 184 61 50
1.02372 0.36873 0.48183 184 61 50
1.04770 0.64259 0.60941 184 61 50
1.04440 0.66805 0.60710 184 61 50
1.04766 0.69856 0.59514 184 61 50
1.04552 0.72335 0.58449 184 61 50
1.04440 0.75092 0.56883 184 61 50
1.04575 0.77773 0.55033 184 61 50
1.04875 0.80631 0.52745 184 61 50
1.04882 0.82559 0.50249 184 61 50
1.04470 0.85266 0.47531 184 61 50
1.04649 0.86805 0.44162 184 61 50
1.04461 0.88709 0.41211 184 61 50
1.04506 0.90214 0.37043 184 61 50
1.04433 0.91629 0.32672 184 61 50
1.04590 0.93231 0.28035 184 61 50
1.04817 0.93945 0.23055 184 61 50
1.04878 0.94607 0.17122 184 61 50
1.04765 0.94936 0.10622 184 61 50
1.04652 0.94705 0.00169 184 61 50
1.04884 0.94649 -0.10483 184 61 50
1.04678 0.94227 -0.17611 184 61 50
1.04730 0.93888 -0.23345 184 61 50
1.04443 0.93193 -0.28399 184 61 50
1.04855 0.91960 -0.32791 184 61 50
1.04936 0.90334 -0.37045 184 61 50
1.04773 0.88748 -0.40708 184 61 50
1.04830 0.86857 -0.44297 184 61 50
1.04578 0.85207 -0.47798 184 61 50
1.04429 0.83025 -0.50550 184 61 50
1.04858 0.80740 -0.52725 184 61 50
1.04345 0.77808 -0.55202 184 61 50
1.04535 0.75649 -0.57010 184 61 50
1.04581 0.72374 -0.58412 184 61 50
1.04794 0.69629 -0.59284 184 61 50
1.04468 0.66939 -0.60544 184 61 50
1.04611 0.64191 -0.61023 184 61 50
1.04639 0.37029 -0.47398 184 61 50
1.04752 0.34802 -0.44210 184 61 50
1.04597 0.33111 -0.40641 184 61 50
1.04856 0.31458 -0.37349 184 61 50
1.04541 0.30358 -0.32623 184 61 50
1.04766 0.28870 -0.27931 184 61 50
1.04718 0.27880 -0.23298 184 61 50
1.04629 0.27765 -0.17301 184 61 50
1.04673 0.27193 -0.10673 184 61 50
1.04422 0.27183 -0.00102 184 61 50
1.04346 0.27370 0.10739 184 61 50
1.04931 0.27505 0.17609 184 61 50
1.04909 0.27860 0.23347 184 61 50
1.04535 0.29135 0.28472 184 61 50
1.04367 0.30304 0.33010 184 61 50
1.04926 0.31751 0.37349 184 61 50
1.04742 0.33222 0.41093 184 61 50
1.04814 0.34974 0.44623 184 61 50
1.04555 0.36993 0.47766 184 61 50
1.07140 0.63866 0.60786 184 61 50
1.06996 0.66731 0.60030 184 61 50
1.07204 0.69508 0.58889 184 61 50
1.07082 0.72922 0.58173 184 61 50
1.07393 0.75509 0.56438 184 61 50
1.07159 0.78041 0.54575 184 61 50
1.06961 0.80709 0.52529 184 61 50
1.06849 0.82766 0.50230 184 61 50
1.07428 0.85262 0.47277 184 61 50
1.06931 0.86766 0.44279 184 61 50
1.07030 0.88913 0.40590 184 61 50
1.07217 0.90684 0.36798 184 61 50
1.07019 0.91874 0.32448 184 61 50
1.06933 0.92994 0.27887 184 61 50
1.07086 0.93731 0.23152 184 61 50
1.07120 0.94404 0.17491 184 61 50
1.06916 0.95001 0.10545 184 61 50
1.06970 0.94940 -0.00220 184 61 50
1.07038 0.94681 -0.10749 184 61 50
1.07115 0.94275 -0.17442 184 61 50
1.07097 0.94100 -0.23028 184 61 50
1.07282 0.92752 -0.27785 184 61 50
1.07008 0.91722 -0.32923 184 61 50
1.07432 0.90156 -0.36847 184 61 50
1.06997 0.89105 -0.40462 184 61 50
1.07292 0.87190 -0.44235 184 61 50
1.06916 0.85170 -0.47058 184 61 50
1.07110 0.82794 -0.50056 184 61 50
1.07128 0.80480 -0.52773 184 61 50
1.07230 0.77991 -0.54673 184 61 50
1.06839 0.75589 -0.56731 184 61 50
1.07221 0.72470 -0.58044 184 61 50
1.07290 0.69854 -0.59438 184 61 50
1.07256 0.66709 -0.60062 184 61 50
1.06968 0.63673 -0.60500 184 61 50
1.07380 0.36897 -0.47271 184 61 50
1.07366 0.35162 -0.44222 184 61 50
1.07059 0.33104 -0.40772 184 61 50
1.07142 0.31267 -0.36643 184 61 50
1.06946 0.30277 -0.32467 184 61 50
1.07104 0.29101 -0.27945 184 61 50
1.07158 0.28278 -0.23048 184 61 50
1.07178 0.27499 -0.17278 184 61 50
1.07308 0.26953 -0.10700 184 61 50
1.07288 0.26898 -0.00244 184 61 50
1.07074 0.27354 0.10400 184 61 50
1.07388 0.27724 0.17345 184 61 50
1.06855 0.28337 0.22889 184 61 50
1.06897 0.28879 0.27807 184 61 50
1.07001 0.30110 0.32513 184 61 50
1.06873 0.31678 0.36839 184 61 50
1.07245 0.33068 0.40553 184 61 50
1.07052 0.34929 0.44264 184 61 50
1.06961 0.37178 0.47270 184 61 50
1.09914 0.64247 0.60226 184 61 50
1.09438 0.66767 0.59819 184 61 50
1.09836 0.70056 0.58711 184 61 50
1.09541 0.72635 0.57556 184 61 50
1.09874 0.75230 0.56149 184 61 50
1.09768 0.77754 0.54170 184 61 50
1.09654 0.80650 0.52338 184 61 50
1.09449 0.83024 0.49628 184 61 50
1.09618 0.84923 0.47163 184 61 50
1.09419 0.87316 0.43958 184 61 50
1.09687 0.89143 0.40435 184 61 50
1.09690 0.90658 0.36280 184 61 50
1.09396 0.91716 0.32559 184 61 50
1.09669 0.92924 0.28058 184 61 50
1.09423 0.93772 0.22494 184 61 50
1.09699 0.94506 0.16865 184 61 50
1.09773 0.94991 0.10101 184 61 50
1.09876 0.94795 0.00152 184 61 50
1.09631 0.94671 -0.10222 184 61 50
1.09425 0.94654 -0.16828 184 61 50
1.09857 0.93773 -0.22594 184 61 50
1.09472 0.93002 -0.28024 184 61 50
1.09631 0.92058 -0.32500 184 61 50
1.09617 0.90602 -0.36363 184 61 50
1.09916 0.88960 -0.40066 184 61 50
1.09831 0.87263 -0.43726 184 61 50
1.09556 0.85007 -0.47160 184 61 50
1.09583 0.82846 -0.49396 184 61 50
1.09376 0.80735 -0.52105 184 61 50
1.09430 0.78205 -0.54272 184 61 50
1.09793 0.75601 -0.56189 184 61 50
1.09654 0.72329 -0.57491 184 61 50
1.09813 0.69556 -0.58701 184 61 50
1.09703 0.67120 -0.59632 184 61 50
1.09419 0.64062 -0.59899 184 61 50
1.09918 0.36748 -0.46730 184 61 50
1.09727 0.35252 -0.43701 184 61 50
1.09374 0.32850 -0.40291 184 61 50
1.09619 0.31636 -0.36289 184 61 50
1.09456 0.30417 -0.32305 184 61 50
1.09712 0.29238 -0.27937 184 61 50
1.09478 0.28436 -0.22649 184 61 50
1.09498 0.27374 -0.16859 184 61 50
1.09659 0.26921 -0.10249 184 61 50
1.09401 0.26837 0.00131 184 61 50
1.09880 0.27103 0.10301 184 61 50
1.09874 0.27736 0.17242 184 61 50
1.09630 0.28059 0.23048 184 61 50
1.09410 0.29006 0.27831 184 61 50
1.09864 0.29999 0.32332 184 61 50
1.09463 0.31806 0.36488 184 61 50
1.09879 0.32999 0.40415 184 61 50
1.09866 0.34752 0.43904 184 61 50
1.09830 0.36897 0.46987 184 61 50
1.12139 0.63906 0.59482 184 61 50
1.12394 0.67045 0.59063 184 61 50
1.12208 0.70052 0.58130 184 61 50
1.12349 0.72898 0.56817 184 61 50
1.12327 0.75227 0.55414 184 61 50
1.12343 0.78156 0.53567 184 61 50
1.12327 0.80271 0.51799 184 61 50
1.11866 0.82555 0.49334 184 61 50
1.12099 0.85260 0.46241 184 61 50
1.12178 0.86824 0.43147 184 61 50
1.12204 0.88772 0.39880 184 61 50
1.12195 0.90282 0.35958 184 61 50
1.12340 0.91853 0.32187 184 61 50
1.11909 0.93098 0.27854 184 61 50
1.12217 0.94044 0.22722 184 61 50
1.12387 0.94550 0.16702 184 61 50
1.12361 0.94769 0.10415 184 61 50
1.12331 0.94948 0.00197 184 61 50
1.11905 0.94941 -0.10236 184 61 50
1.12151 0.94653 -0.17055 184 61 50
1.12005 0.93785 -0.22862 184 61 50
1.12035 0.92783 -0.27321 184 61 50
1.12012 0.91632 -0.32232 184 61 50
1.12259 0.90709 -0.36349 184 61 50
1.12147 0.88587 -0.39725 184 61 50
1.12121 0.87046 -0.43630 184 61 50
1.11929 0.85328 -0.46783 184 61 50
1.11850 0.82747 -0.49161 184 61 50
1.12372 0.80432 -0.51958 184 61 50
1.12380 0.77889 -0.53721 184 61 50
1.12123 0.75588 -0.55651 184 61 50
1.12214 0.72473 -0.56834 184 61 50
1.11850 0.69597 -0.58447 184 61 50
1.12187 0.66926 -0.58960 184 61 50
1.11950 0.64208 -0.59371 184 61 50
1.12064 0.37074 -0.46553 184 61 50
1.12191 0.35129 -0.43565 184 61 50
1.11855 0.33133 -0.39981 184 61 50
1.11856 0.31262 -0.36351 184 61 50
1.12301 0.30189 -0.32003 184 61 50
1.12095 0.28918 -0.27327 184 61 50
1.12103 0.27899 -0.22468 184 61 50
1.12168 0.27640 -0.17029 184 61 50
1.12260 0.26876 -0.10309 184 61 50
1.12378 0.26879 -0.00066 184 61 50
1.12187 0.27216 0.10516 184 61 50
1.12070 0.27806 0.17157 184 61 50
1.11850 0.28249 0.22784 184 61 50
1.12202 0.28925 0.27563 184 61 50
1.12138 0.30027 0.32291 184 61 50
1.12368 0.31368 0.36278 184 61 50
1.12373 0.32952 0.39721 184 61 50
1.12074 0.35048 0.43550 184 61 50
1.11879 0.36936 0.46428 184 61 50
1.14333 0.64258 0.59218 184 61 50
1.14329 0.67023 0.58623 184 61 50
1.14741 0.70091 0.57656 184 61 50
1.14515 0.72910 0.56481 184 61 50
1.14676 0.75304 0.55153 184 61 50
1.14650 0.77925 0.53546 184 61 50
1.14401 0.80422 0.51444 184 61 50
1.14668 0.82819 0.48947 184 61 50
1.14819 0.85228 0.46232 184 61 50
1.14334 0.87328 0.43147 184 61 50
1.14627 0.89003 0.39740 184 61 50
1.14601 0.90241 0.36041 184 61 50
1.14451 0.91661 0.31916 184 61 50
1.14852 0.93237 0.27560 184 61 50
1.14357 0.93772 0.22492 184 61 50
1.14719 0.94275 0.16993 184 61 50
1.14716 0.94844 0.10273 184 61 50
1.14905 0.94867 -0.00143 184 61 50
1.14332 0.94739 -0.10289 184 61 50
1.14622 0.94702 -0.16591 184 61 50
1.14903 0.93701 -0.22487 184 61 50
1.14766 0.92863 -0.27252 184 61 50
1.14629 0.91990 -0.31779 184 61 50
1.14537 0.90401 -0.35841 184 61 50
1.14727 0.89073 -0.39811 184 61 50
1.14523 0.86804 -0.43304 184 61 50
1.14782 0.84876 -0.45808 184 61 50
1.14860 0.82839 -0.48792 184 61 50
1.14386 0.80351 -0.50977 184 61 50
1.14598 0.77784 -0.53365 184 61 50
1.14689 0.75368 -0.54980 184 61 50
1.14363 0.72644 -0.56315 184 61 50
1.14821 0.69870 -0.57477 184 61 50
1.14361 0.67068 -0.58580 184 61 50
1.14509 0.64209 -0.59278 184 61 50
1.14907 0.39398 -0.48929 184 61 50
1.14550 0.37228 -0.46295 184 61 50
1.14829 0.34910 -0.43198 184 61 50
1.14747 0.33399 -0.39548 184 61 50
1.14629 0.31459 -0.36006 184 61 50
1.14497 0.30225 -0.31950 184 61 50
1.14649 0.29166 -0.27207 184 61 50
1.14719 0.27867 -0.22558 184 61 50
1.14825 0.27730 -0.16887 184 61 50
1.14607 0.27292 -0.10272 184 61 50
1.14377 0.27267 0.00060 184 61 50
1.14816 0.27225 0.10458 184 61 50
1.14719 0.27561 0.16810 184 61 50
1.14846 0.28204 0.22419 184 61 50
1.14635 0.29039 0.27611 184 61 50
1.14746 0.30040 0.31528 184 61 50
1.14512 0.31753 0.36196 184 61 50
1.14593 0.33123 0.39924 184 61 50
1.14761 0.34810 0.43037 184 61 50
1.14371 0.36791 0.46374 184 61 50
1.14732 0.39406 0.48965 184 61 50
1.17105 0.63779 0.58302 184 61 50
1.16839 0.66714 0.57756 184 61 50
1.17214 0.69550 0.56930 184 61 50
1.17352 0.72627 0.56013 184 61 50
1.16920 0.75530 0.54862 184 61 50
1.17154 0.78269 0.52854 184 61 50
1.16906 0.80604 0.50585 184 61 50
1.17339 0.82742 0.48613 184 61 50
1.17153 0.84937 0.45464 184 61 50
1.17052 0.87020 0.42804 184 61 50
1.17128 0.88762 0.39042 184 61 50
1.17215 0.90620 0.35461 184 61 50
1.17274 0.91627 0.31447 184 61 50
1.17177 0.93127 0.27139 184 61 50
1.17229 0.93740 0.21881 184 61 50
1.17175 0.94770 0.16759 184 61 50
1.17124 0.95136 0.09985 184 61 50
1.16844 0.95157 -0.00223 184 61 50
1.17089 0.94585 -0.10242 184 61 50
1.16967 0.94251 -0.16643 184 61 50
1.16828 0.93895 -0.21958 184 61 50
1.16815 0.93234 -0.27288 184 61 50
1.17275 0.91800 -0.31470 184 61 50
1.16953 0.90604 -0.35570 184 61 50
1.16901 0.89001 -0.39112 184 61 50
1.17162 0.87065 -0.42470 184 61 50
1.16988 0.85255 -0.45532 184 61 50
1.17267 0.82869 -0.48131 184 61 50
1.17334 0.80764 -0.50801 184 61 50
1.16811 0.77843 -0.52868 184 61 50
1.16999 0.75075 -0.54548 184 61 50
1.16859 0.72483 -0.55867 184 61 50
1.16872 0.70034 -0.56940 184 61 50
1.17184 0.66835 -0.58231 184 61 50
1.17363 0.63709 -0.58618 184 61 50
1.17220 0.39401 -0.48574 184 61 50
1.17281 0.37241 -0.45940 184 61 50
1.17319 0.34719 -0.42653 184 61 50
1.17134 0.32945 -0.39238 184 61 50
1.17007 0.31840 -0.35373 184 61 50
1.16994 0.30259 -0.31305 184 61 50
1.17283 0.28927 -0.27069 184 61 50
1.17257 0.27906 -0.22326 184 61 50
1.17341 0.27373 -0.16510 184 61 50
1.16956 0.27363 -0.09867 184 61 50
1.17269 0.26735 0.00286 184 61 50
1.17052 0.26926 0.10210 184 61 50
1.16804 0.27558 0.16394 184 61 50
1.17050 0.27863 0.21873 184 61 50
1.17186 0.29218 0.26941 184 61 50
1.16885 0.29954 0.31677 184 61 50
1.17116 0.31664 0.35421 184 61 50
1.16908 0.32875 0.39465 184 61 50
1.17329 0.35077 0.42422 184 61 50
1.16825 0.37227 0.45723 184 61 50
1.17306 0.38845 0.48494 184 61 50
1.19410 0.64027 0.57885 184 61 50
1.19632 0.66664 0.57436 184 61 50
1.19785 0.70081 0.56517 184 61 50
1.19856 0.72780 0.55408 184 61 50
1.19500 0.75440 0.54239 184 61 50
1.19356 0.78294 0.52510 184 61 50
1.19383 0.80701 0.50246 184 61 50
1.19479 0.82994 0.47893 184 61 50
1.19320 0.84834 0.45289 184 61 50
1.19766 0.87006 0.42122 184 61 50
1.19517 0.88946 0.38781 184 61 50
1.19696 0.90524 0.35026 184 61 50
1.19804 0.91710 0.31249 184 61 50
1.19396 0.92877 0.26733 184 61 50
1.19605 0.93664 0.21706 184 61 50
1.19591 0.94732 0.16293 184 61 50
1.19522 0.94725 0.09744 184 61 50
1.19449 0.94744 -0.00201 184 61 50
1.19672 0.94638 -0.09750 184 61 50
1.19504 0.94341 -0.16146 184 61 50
1.19619 0.93595 -0.21807 184 61 50
1.19595 0.92672 -0.26783 184 61 50
1.19534 0.91639 -0.31252 184 61 50
1.19325 0.90491 -0.35431 184 61 50
1.19343 0.88598 -0.38999 184 61 50
1.19660 0.87108 -0.41929 184 61 50
1.19370 0.85261 -0.45001 184 61 50
1.19677 0.82886 -0.47981 184 61 50
1.19559 0.80640 -0.49995 184 61 50
1.19395 0.77712 -0.52035 184 61 50
1.19875 0.75331 -0.54064 184 61 50
1.19377 0.72813 -0.55297 184 61 50
1.19852 0.69513 -0.56590 184 61 50
1.19344 0.66665 -0.57369 184 61 50
1.19613 0.64107 -0.57537 184 61 50
1.19397 0.39188 -0.48004 184 61 50
1.19415 0.37054 -0.45337 184 61 50
1.19786 0.34933 -0.41854 184 61 50
1.19744 0.33217 -0.38712 184 61 50
1.19506 0.31825 -0.35154 184 61 50
1.19325 0.30139 -0.31265 184 61 50
1.19578 0.28936 -0.26569 184 61 50
1.19349 0.28180 -0.21811 184 61 50
1.19594 0.27656 -0.16143 184 61 50
1.19610 0.27164 -0.09817 184 61 50
1.19672 0.27164 -0.00126 184 61 50
1.19335 0.27003 0.09734 184 61 50
1.19699 0.27686 0.16308 184 61 50
1.19501 0.27999 0.21866 184 61 50
1.19332 0.29253 0.27015 184 61 50
1.19334 0.30317 0.31054 184 61 50
1.19305 0.31842 0.34935 184 61 50
1.19669 0.32892 0.39003 184 61 50
1.19430 0.35137 0.42159 184 61 50
1.19581 0.36970 0.44994 184 61 50
1.19537 0.39274 0.47691 184 61 50
1.22344 0.64094 0.57111 184 61 50
1.22124 0.66807 0.56670 184 61 50
1.21883 0.69565 0.55766 184 61 50
1.22332 0.72913 0.54420 184 61 50
1.22166 0.75368 0.53123 184 61 50
1.22168 0.77734 0.51481 184 61 50
1.21907 0.80534 0.49352 184 61 50
1.21841 0.83132 0.47438 184 61 50
1.22133 0.84816 0.44827 184 61 50
1.21817 0.87166 0.41532 184 61 50
1.22373 0.88888 0.38292 184 61 50
1.21835 0.90320 0.34649 184 61 50
1.21826 0.91794 0.31006 184 61 50
1.21918 0.93164 0.26451 184 61 50
1.22127 0.93859 0.21647 184 61 50
1.22076 0.94632 0.16427 184 61 50
1.21877 0.94803 0.09584 184 61 50
1.22328 0.94844 0.00018 184 61 50
1.22048 0.94969 -0.09753 184 61 50
1.21846 0.94543 -0.16188 184 61 50
1.21934 0.93922 -0.21565 184 61 50
1.22149 0.92980 -0.26243 184 61 50
1.22058 0.91608 -0.30948 184 61 50
1.22057 0.90433 -0.34976 184 61 50
1.21810 0.89036 -0.38185 184 61 50
1.22227 0.87273 -0.41883 184 61 50
1.21918 0.84992 -0.44492 184 61 50
1.21864 0.83060 -0.47397 184 61 50
1.22229 0.80424 -0.49371 184 61 50
1.22163 0.78111 -0.51355 184 61 50
1.22212 0.75306 -0.53125 184 61 50
1.22351 0.72896 -0.54502 184 61 50
1.22146 0.69945 -0.55951 184 61 50
1.21989 0.66805 -0.56461 184 61 50
1.21915 0.64218 -0.57115 184 61 50
1.22312 0.39109 -0.47204 184 61 50
1.22265 0.36923 -0.44441 184 61 50
1.21950 0.34775 -0.41836 184 61 50
1.22154 0.32947 -0.38203 184 61 50
1.22324 0.31550 -0.34962 184 61 50
1.22141 0.30061 -0.30633 184 61 50
1.22159 0.28942 -0.26401 184 61 50
1.22351 0.27906 -0.21367 184 61 50
1.22095 0.27498 -0.16066 184 61 50
1.22267 0.27250 -0.10088 184 61 50
1.22150 0.27071 0.00274 184 61 50
1.21961 0.26832 0.09691 184 61 50
1.21911 0.27346 0.16060 184 61 50
1.22154 0.28451 0.21651 184 61 50
1.22112 0.29174 0.26340 184 61 50
1.21786 0.30036 0.30975 184 61 50
1.22165 0.31766 0.34796 184 61 50
1.22194 0.33317 0.38297 184 61 50
1.22214 0.34787 0.41424 184 61 50
1.21889 0.37130 0.44288 184 61 50
1.22173 0.38941 0.47023 184 61 50
1.24604 0.60987 0.56181 184 61 50
1.24307 0.64107 0.56072 184 61 50
1.24577 0.67190 0.55767 184 61 50
1.24374 0.69821 0.55165 184 61 50
1.24499 0.72790 0.53924 184 61 50
1.24660 0.75220 0.52594 184 61 50
1.24522 0.77932 0.50975 184 61 50
1.24754 0.80493 0.48619 184 61 50
1.24866 0.82686 0.46671 184 61 50
1.24288 0.84863 0.43988 184 61 50
1.24578 0.87133 0.41074 184 61 50
1.24474 0.88969 0.37547 184 61 50
1.24417 0.90690 0.34255 184 61 50
1.24469 0.91568 0.30127 184 61 50
1.24473 0.92875 0.25835 184 61 50
1.24875 0.93943 0.21398 184 61 50
1.24679 0.94276 0.16029 184 61 50
1.24390 0.94943 0.09540 184 61 50
1.24548 0.94811 0.00047 184 61 50
1.24622 0.95118 -0.09788 184 61 50
1.24584 0.94347 -0.16126 184 61 50
1.24597 0.93808 -0.21137 184 61 50
1.24790 0.93077 -0.25819 184 61 50
1.24448 0.91930 -0.30305 184 61 50
1.24846 0.90395 -0.34029 184 61 50
1.24336 0.88814 -0.37972 184 61 50
1.24652 0.87196 -0.41108 184 61 50
1.24583 0.84957 -0.43749 184 61 50
1.24728 0.82835 -0.46360 184 61 50
1.24769 0.80530 -0.48755 184 61 50
1.24861 0.77953 -0.50593 184 61 50
1.24472 0.75201 -0.52791 184 61 50
1.24388 0.72329 -0.53912 184 61 50
1.24294 0.69626 -0.54807 184 61 50
1.24612 0.66853 -0.55948 184 61 50
1.24779 0.64258 -0.56524 184 61 50
1.24426 0.60882 -0.56437 184 61 50
1.24537 0.57932 -0.56242 184 61 50
1.24357 0.54971 -0.55741 184 61 50
1.24484 0.52378 -0.55129 184 61 50
1.24404 0.49347 -0.54106 184 61 50
1.24840 0.46806 -0.52526 184 61 50
1.24570 0.44211 -0.50723 184 61 50
1.24457 0.41641 -0.48656 184 61 50
1.24566 0.39142 -0.46499 184 61 50
1.24438 0.37021 -0.44159 184 61 50
1.24705 0.34988 -0.41095 184 61 50
1.24327 0.32864 -0.37747 184 61 50
1.24736 0.31608 -0.34439 184 61 50
1.24515 0.30199 -0.30293 184 61 50
1.24749 0.28764 -0.25937 184 61 50
1.24643 0.28265 -0.21280 184 61 50
1.24610 0.27421 -0.15769 184 61 50
1.24759 0.27001 -0.09469 184 61 50
1.24544 0.27047 -0.00155 184 61 50
1.24708 0.27290 0.09496 184 61 50
1.24830 0.27284 0.15880 184 61 50
1.24594 0.28106 0.21324 184 61 50
1.24519 0.29273 0.25875 184 61 50
1.24515 0.30032 0.30359 184 61 50
1.24653 0.31504 0.34501 184 61 50
1.24303 0.33172 0.37625 184 61 50
1.24790 0.34984 0.40787 184 61 50
1.24761 0.36848 0.43737 184 61 50
1.24599 0.39071 0.46855 184 61 50
1.24843 0.41399 0.48865 184 61 50
1.24458 0.43701 0.50797 184 61 50
1.24356 0.46567 0.52514 184 61 50
1.24492 0.49225 0.53861 184 61 50
1.24542 0.52490 0.55085 184 61 50
1.24696 0.54894 0.56111 184 61 50
1.24412 0.58093 0.56374 184 61 50
1.27178 0.60719 0.55318 184 61 50
1.27178 0.63789 0.55643 184 61 50
1.27304 0.66828 0.54984 184 61 50
1.26816 0.69985 0.54417 184 61 50
1.26973 0.72357 0.53318 184 61 50
1.27282 0.75601 0.51905 184 61 50
1.27009 0.77888 0.49950 184 61 50
1.26831 0.80403 0.48326 184 61 50
1.26817 0.82987 0.46135 184 61 50
1.26857 0.84857 0.43353 184 61 50
1.27055 0.87337 0.40724 184 61 50
1.26901 0.88596 0.37399 184 61 50
1.27093 0.90332 0.33900 184 61 50
1.27052 0.91719 0.29862 184 61 50
1.27068 0.93116 0.25934 184 61 50
1.27228 0.93708 0.20782 184 61 50
1.27098 0.94643 0.15587 184 61 50
1.26795 0.95087 0.09608 184 61 50
1.27175 0.95040 -0.00295 184 61 50
1.26891 0.95095 -0.09451 184 61 50
1.27207 0.94542 -0.15723 184 61 50
1.27216 0.93815 -0.21102 184 61 50
1.26808 0.93192 -0.25845 184 61 50
1.27167 0.91722 -0.30094 184 61 50
1.27026 0.90661 -0.33529 184 61 50
1.26958 0.88794 -0.37526 184 61 50
1.27299 0.86898 -0.40278 184 61 50
1.26932 0.84845 -0.43246 184 61 50
1.27329 0.82652 -0.46029 184 61 50
1.26975 0.80529 -0.48377 184 61 50
1.26866 0.77878 -0.50404 184 61 50
1.26959 0.75573 -0.51572 184 61 50
1.26787 0.72779 -0.53429 184 61 50
1.26820 0.69985 -0.54309 184 61 50
1.27179 0.66780 -0.55133 184 61 50
1.26892 0.63905 -0.55277 184 61 50
1.27283 0.61098 -0.55533 184 61 50
1.26816 0.57927 -0.55679 184 61 50
1.26926 0.55103 -0.55204 184 61 50
1.26919 0.52275 -0.53968 184 61 50
1.26809 0.49629 -0.53412 184 61 50
1.27120 0.46359 -0.51522 184 61 50
1.26951 0.44132 -0.50300 184 61 50
1.26924 0.41593 -0.48065 184 61 50
1.26965 0.39354 -0.45612 184 61 50
1.27273 0.36691 -0.43259 184 61 50
1.27190 0.35096 -0.40733 184 61 50
1.27329 0.33037 -0.37342 184 61 50
1.26824 0.31445 -0.33824 184 61 50
1.26832 0.30043 -0.30144 184 61 50
1.26793 0.28776 -0.25911 184 61 50
1.26827 0.28381 -0.21205 184 61 50
1.27208 0.27357 -0.15890 184 61 50
1.27097 0.27315 -0.09649 184 61 50
1.26833 0.26984 0.00214 184 61 50
1.27196 0.27107 0.09819 184 61 50
1.27331 0.27788 0.15707 184 61 50
1.27321 0.28435 0.20856 184 61 50
1.27196 0.29315 0.25420 184 61 50
1.27209 0.29893 0.29712 184 61 50
1.27044 0.31738 0.33474 184 61 50
1.26810 0.33201 0.37108 184 61 50
1.27271 0.34802 0.40411 184 61 50
1.27220 0.37108 0.43207 184 61 50
1.26858 0.39255 0.45953 184 61 50
1.26909 0.41316 0.48141 184 61 50
1.26817 0.44265 0.50305 184 61 50
1.27049 0.46493 0.52026 184 61 50
1.26963 0.49485 0.52930 184 61 50
1.26873 0.52221 0.54026 184 61 50
1.27021 0.54954 0.54766 184 61 50
1.27351 0.57838 0.55206 184 61 50
1.29518 0.61207 0.54544 184 61 50
1.29327 0.64116 0.54744 184 61 50
1.29438 0.66673 0.54057 184 61 50
1.29755 0.69642 0.53173 184 61 50
1.29273 0.72843 0.52435 184 61 50
1.29539 0.75146 0.51206 184 61 50
1.29855 0.77775 0.49420 184 61 50
1.29849 0.80330 0.47442 184 61 50
1.29302 0.83129 0.45257 184 61 50
1.29514 0.84950 0.42388 184 61 50
1.29462 0.87201 0.39987 184 61 50
1.29553 0.88614 0.36683 184 61 50
1.29592 0.90624 0.33286 184 61 50
1.29447 0.91731 0.29545 184 61 50
1.29696 0.92948 0.25267 184 61 50
1.29275 0.93582 0.20893 184 61 50
1.29494 0.94429 0.15712 184 61 50
1.29727 0.95049 0.09641 184 61 50
1.29525 0.94749 0.00300 184 61 50
1.29405 0.95078 -0.09297 184 61 50
1.29659 0.94315 -0.15425 184 61 50
1.29736 0.94100 -0.20861 184 61 50
1.29432 0.93135 -0.25451 184 61 50
1.29807 0.91987 -0.29358 184 61 50
1.29366 0.90230 -0.33254 184 61 50
1.29537 0.88685 -0.36415 184 61 50
1.29589 0.87286 -0.39906 184 61 50
1.29802 0.84982 -0.42485 184 61 50
1.29435 0.82988 -0.45030 184 61 50
1.29642 0.80456 -0.47062 184 61 50
1.29411 0.78259 -0.49286 184 61 50
1.29833 0.75367 -0.50774 184 61 50
1.29330 0.72534 -0.52179 184 61 50
1.29482 0.69637 -0.53053 184 61 50
1.29702 0.66795 -0.54165 184 61 50
1.29421 0.64185 -0.54231 184 61 50
1.29851 0.60999 -0.54410 184 61 50
1.29349 0.58042 -0.54503 184 61 50
1.29592 0.55320 -0.53935 184 61 50
1.29807 0.52240 -0.53438 184 61 50
1.29406 0.49148 -0.52197 184 61 50
1.29834 0.46387 -0.51187 184 61 50
1.29654 0.43950 -0.49536 184 61 50
1.29284 0.41616 -0.47571 184 61 50
1.29478 0.38852 -0.45010 184 61 50
1.29354 0.36731 -0.42863 184 61 50
1.29814 0.34931 -0.39975 184 61 50
1.29811 0.33335 -0.36778 184 61 50
1.29478 0.31394 -0.33010 184 61 50
1.29357 0.30458 -0.29154 184 61 50
1.29845 0.29317 -0.25218 184 61 50
1.29723 0.28372 -0.20890 184 61 50
1.29582 0.27630 -0.15696 184 61 50
1.29829 0.27219 -0.09583 184 61 50
1.29453 0.26721 -0.00149 184 61 50
1.29517 0.27229 0.09333 184 61 50
1.29561 0.27633 0.15279 184 61 50
1.29472 0.28456 0.20525 184 61 50
1.29744 0.29350 0.25451 184 61 50
1.29740 0.29912 0.29525 184 61 50
1.29591 0.31620 0.33228 184 61 50
1.29383 0.32921 0.36729 184 61 50
1.29486 0.34730 0.39792 184 61 50
1.29350 0.36888 0.42476 184 61 50
1.29460 0.39176 0.44857 184 61 50
1.29416 0.41583 0.47382 184 61 50
1.29352 0.44132 0.49057 184 61 50
1.29374 0.46849 0.50651 184 61 50
1.29755 0.49179 0.51959 184 61 50
1.29826 0.52138 0.53071 184 61 50
1.29755 0.54888 0.54085 184 61 50
1.29851 0.57864 0.54497 184 61 50
1.32129 0.61010 0.53496 184 61 50
1.32301 0.64102 0.53214 184 61 50
1.31958 0.67190 0.53009 184 61 50
1.32151 0.69508 0.52557 184 61 50
1.32103 0.72835 0.51133 184 61 50
1.32020 0.75280 0.49683 184 61 50
1.32319 0.77762 0.48423 184 61 50
1.32330 0.80559 0.46173 184 61 50
1.32163 0.82958 0.44483 184 61 50
1.32108 0.85176 0.41866 184 61 50
1.32034 0.86774 0.39236 184 61 50
1.32080 0.88835 0.35875 184 61 50
1.31936 0.90594 0.32313 184 61 50
1.31878 0.91554 0.28682 184 61 50
1.31753 0.92784 0.24555 184 61 50
1.31862 0.93751 0.20371 184 61 50
1.32210 0.94277 0.14926 184 61 50
1.32198 0.95092 0.09516 184 61 50
1.32245 0.94892 -0.00180 184 61 50
1.32169 0.94985 -0.09524 184 61 50
1.31842 0.94450 -0.15020 184 61 50
1.32275 0.93548 -0.20021 184 61 50
1.32155 0.93076 -0.24962 184 61 50
1.32201 0.92026 -0.28652 184 61 50
1.32070 0.90654 -0.32737 184 61 50
1.32308 0.88794 -0.35694 184 61 50
1.31948 0.87325 -0.38721 184 61 50
1.32017 0.85207 -0.41785 184 61 50
1.31990 0.82893 -0.44381 184 61 50
1.31844 0.80343 -0.46571 184 61 50
1.32047 0.77934 -0.48358 184 61 50
1.32175 0.75211 -0.50190 184 61 50
1.32046 0.72368 -0.51098 184 61 50
1.32208 0.69945 -0.52467 184 61 50
1.32347 0.66988 -0.53038 184 61 50
1.32069 0.64070 -0.53270 184 61 50
1.32285 0.61011 -0.53859 184 61 50
1.32231 0.58073 -0.53674 184 61 50
1.31928 0.55042 -0.52986 184 61 50
1.32339 0.52243 -0.52016 184 61 50
1.32011 0.49211 -0.51345 184 61 50
1.32260 0.46721 -0.49771 184 61 50
1.31951 0.43796 -0.48231 184 61 50
1.31781 0.41427 -0.46658 184 61 50
1.32028 0.38955 -0.44403 184 61 50
1.32057 0.37111 -0.41972 184 61 50
1.32136 0.35211 -0.38954 184 61 50
1.31938 0.32880 -0.35661 184 61 50
1.32264 0.31609 -0.32570 184 61 50
1.32184 0.30154 -0.29035 184 61 50
1.32239 0.28866 -0.25005 184 61 50
1.31979 0.27912 -0.20071 184 61 50
1.31984 0.27562 -0.15359 184 61 50
1.32278 0.27267 -0.09357 184 61 50
1.31908 0.27179 -0.00195 184 61 50
1.31870 0.26941 0.09059 184 61 50
1.31997 0.27735 0.15191 184 61 50
1.32215 0.27972 0.20510 184 61 50
1.31926 0.29320 0.24925 184 61 50
1.31825 0.30133 0.28569 184 61 50
1.32240 0.31589 0.32791 184 61 50
1.31953 0.33286 0.35876 184 61 50
1.32047 0.34810 0.39017 184 61 50
1.32251 0.37248 0.41957 184 61 50
1.31958 0.39424 0.44394 184 61 50
1.31873 0.41709 0.46230 184 61 50
1.32017 0.44220 0.48187 184 61 50
1.31777 0.46666 0.49837 184 61 50
1.31868 0.49376 0.51244 184 61 50
1.31800 0.52206 0.52254 184 61 50
1.32182 0.55167 0.52869 184 61 50
1.31772 0.57822 0.53422 184 61 50
1.34802 0.61102 0.52298 184 61 50
1.34810 0.63976 0.52518 184 61 50
1.34372 0.66783 0.51811 184 61 50
1.34842 0.69807 0.51262 184 61 50
1.34681 0.72343 0.50037 184 61 50
1.34257 0.75391 0.48580 184 61 50
1.34722 0.78266 0.47130 184 61 50
1.34356 0.80344 0.45423 184 61 50
1.34790 0.82743 0.43507 184 61 50
1.34612 0.85092 0.40851 184 61 50
1.34391 0.86865 0.38156 184 61 50
1.34776 0.88691 0.35083 184 61 50
1.34727 0.90506 0.31611 184 61 50
1.34671 0.91612 0.27897 184 61 50
1.34553 0.93100 0.24418 184 61 50
1.34357 0.94085 0.20022 184 61 50
1.34797 0.94468 0.14563 184 61 50
1.34507 0.95116 0.08863 184 61 50
1.34435 0.95188 -0.00264 184 61 50
1.34594 0.95071 -0.09236 184 61 50
1.34502 0.94374 -0.14797 184 61 50
1.34417 0.94034 -0.19802 184 61 50
1.34250 0.93060 -0.24239 184 61 50
1.34466 0.91536 -0.27900 184 61 50
1.34815 0.90538 -0.31734 184 61 50
1.34362 0.88576 -0.35197 184 61 50
1.34717 0.86963 -0.38005 184 61 50
1.34764 0.85208 -0.40703 184 61 50
1.34647 0.82874 -0.43239 184 61 50
1.34487 0.80329 -0.45214 184 61 50
1.34371 0.77830 -0.47107 184 61 50
1.34512 0.75643 -0.48723 184 61 50
1.34700 0.72919 -0.50181 184 61 50
1.34338 0.69729 -0.51298 184 61 50
1.34257 0.67045 -0.51933 184 61 50
1.34466 0.63694 -0.52447 184 61 50
1.34302 0.61035 -0.52247 184 61 50
1.34352 0.58030 -0.52236 184 61 50
1.34415 0.54990 -0.51817 184 61 50
1.34514 0.52271 -0.51224 184 61 50
1.34438 0.49607 -0.50231 184 61 50
1.34252 0.46562 -0.48578 184 61 50
1.34748 0.43803 -0.47010 184 61 50
1.34550 0.41419 -0.45327 184 61 50
1.34364 0.39065 -0.43512 184 61 50
1.34316 0.36927 -0.41010 184 61 50
1.34282 0.34762 -0.38044 184 61 50
1.34644 0.33323 -0.35178 184 61 50
1.34408 0.31739 -0.31606 184 61 50
1.34740 0.30326 -0.28293 184 61 50
1.34812 0.29321 -0.24286 184 61 50
1.34499 0.28067 -0.19936 184 61 50
1.34758 0.27372 -0.15099 184 61 50
1.34286 0.27257 -0.09020 184 61 50
1.34534 0.27205 0.00233 184 61 50
1.34590 0.26972 0.09295 184 61 50
1.34442 0.27712 0.15063 184 61 50
1.34819 0.28183 0.19655 184 61 50
1.34468 0.28799 0.24292 184 61 50
1.34796 0.30307 0.28021 184 61 50
1.34692 0.31593 0.31696 184 61 50
1.34330 0.33404 0.34831 184 61 50
1.34262 0.35219 0.37846 184 61 50
1.34717 0.37208 0.41003 184 61 50
1.34691 0.39103 0.43177 184 61 50
1.34248 0.41513 0.45649 184 61 50
1.34792 0.44291 0.47280 184 61 50
1.34481 0.46588 0.48902 184 61 50
1.34722 0.49263 0.50345 184 61 50
1.34640 0.52459 0.50965 184 61 50
1.34344 0.55015 0.51945 184 61 50
1.34831 0.57833 0.52156 184 61 50
1.37176 0.60786 0.51220 184 61 50
1.37187 0.63785 0.50903 184 61 50
1.37074 0.66717 0.50646 184 61 50
1.37206 0.70093 0.49703 184 61 50
1.37107 0.72910 0.49000 184 61 50
1.36790 0.75649 0.47553 184 61 50
1.37202 0.78268 0.45902 184 61 50
1.37232 0.80720 0.44351 184 61 50
1.37284 0.82698 0.42132 184 61 50
1.36786 0.84789 0.39651 184 61 50
1.37307 0.86749 0.37206 184 61 50
1.37035 0.88857 0.34003 184 61 50
1.37306 0.90166 0.31003 184 61 50
1.37325 0.92024 0.27695 184 61 50
1.37095 0.92743 0.23831 184 61 50
1.37312 0.93946 0.19170 184 61 50
1.37182 0.94435 0.14234 184 61 50
1.37302 0.95068 0.08829 184 61 50
1.37209 0.94838 -0.00138 184 61 50
1.36953 0.95144 -0.08879 184 61 50
1.36787 0.94677 -0.14686 184 61 50
1.37280 0.93638 -0.19470 184 61 50
1.37138 0.93118 -0.23615 184 61 50
1.37263 0.91619 -0.27633 184 61 50
1.37315 0.90449 -0.31154 184 61 50
1.36897 0.88845 -0.34171 184 61 50
1.36911 0.87237 -0.37127 184 61 50
1.37062 0.84937 -0.39871 184 61 50
1.36923 0.82609 -0.42230 184 61 50
1.36971 0.80465 -0.44481 184 61 50
1.37187 0.78072 -0.46127 184 61 50
1.37279 0.75116 -0.47414 184 61 50
1.36754 0.72405 -0.48809 184 61 50
1.37284 0.69887 -0.49842 184 61 50
1.37116 0.66954 -0.50353 184 61 50
1.37034 0.64168 -0.50830 184 61 50
1.36951 0.61152 -0.51248 184 61 50
1.37255 0.57953 -0.50951 184 61 50
1.37204 0.54896 -0.50431 184 61 50
1.36805 0.52144 -0.49664 184 61 50
1.37063 0.49311 -0.48858 184 61 50
1.37099 0.46699 -0.47798 184 61 50
1.36956 0.44224 -0.45861 184 61 50
1.37279 0.41275 -0.44125 184 61 50
1.37229 0.39181 -0.42405 184 61 50
1.37083 0.37218 -0.40057 184 61 50
1.36912 0.34835 -0.37004 184 61 50
1.36901 0.33261 -0.33937 184 61 50
1.37161 0.31630 -0.31090 184 61 50
1.37256 0.30268 -0.27662 184 61 50
1.37264 0.28910 -0.23879 184 61 50
1.37100 0.28102 -0.19561 184 61 50
1.37102 0.27686 -0.14326 184 61 50
1.37074 0.27238 -0.08622 184 61 50
1.37264 0.27283 0.00071 184 61 50
1.37208 0.26908 0.08975 184 61 50
1.37184 0.27799 0.14402 184 61 50
1.37314 0.27901 0.19030 184 61 50
1.37224 0.28903 0.23353 184 61 50
1.37062 0.30293 0.27226 184 61 50
1.36962 0.31800 0.30842 184 61 50
1.37069 0.33349 0.34135 184 61 50
1.37097 0.35186 0.37167 184 61 50
1.37103 0.37158 0.39657 184 61 50
1.36947 0.38943 0.42066 184 61 50
1.37238 0.41536 0.44289 184 61 50
1.37046 0.44261 0.45832 184 61 50
1.37150 0.46883 0.47385 184 61 50
1.37314 0.49263 0.48950 184 61 50
1.37296 0.52206 0.49707 184 61 50
1.37004 0.54916 0.50234 184 61 50
1.36869 0.58301 0.51229 184 61 50
1.39299 0.60801 0.49731 184 61 50
1.39252 0.63814 0.49358 184 61 50
1.39510 0.67021 0.48966 184 61 50
1.39824 0.69656 0.48178 184 61 50
1.39724 0.72922 0.47355 184 61 50
1.39626 0.75614 0.46431 184 61 50
1.39680 0.77821 0.44952 184 61 50
1.39546 0.80719 0.42730 184 61 50
1.39819 0.83085 0.41128 184 61 50
1.39638 0.85307 0.38583 184 61 50
1.39669 0.87281 0.36082 184 61 50
1.39419 0.88655 0.33080 184 61 50
1.39523 0.90244 0.30362 184 61 50
1.39366 0.91812 0.26625 184 61 50
1.39623 0.92650 0.22789 184 61 50
1.39726 0.93805 0.18627 184 61 50
1.39627 0.94679 0.13887 184 61 50
1.39446 0.94755 0.08437 184 61 50
1.39457 0.95036 -0.00181 184 61 50
1.39450 0.94971 -0.08474 184 61 50
1.39813 0.94215 -0.13988 184 61 50
1.39574 0.93656 -0.18777 184 61 50
1.39545 0.92779 -0.23030 184 61 50
1.39665 0.91598 -0.26624 184 61 50
1.39281 0.90634 -0.29794 184 61 50
1.39289 0.88589 -0.33114 184 61 50
1.39787 0.86792 -0.36279 184 61 50
1.39616 0.85024 -0.38624 184 61 50
1.39365 0.82861 -0.40785 184 61 50
1.39252 0.80534 -0.43079 184 61 50
1.39468 0.78096 -0.44450 184 61 50
1.39284 0.75216 -0.45878 184 61 50
1.39731 0.72731 -0.47285 184 61 50
1.39400 0.69596 -0.48176 184 61 50
1.39704 0.67122 -0.49259 184 61 50
1.39447 0.63792 -0.49523 184 61 50
1.39573 0.61140 -0.49574 184 61 50
1.39403 0.58322 -0.49332 184 61 50
1.39477 0.54816 -0.49103 184 61 50
1.39817 0.51925 -0.48445 184 61 50
1.39583 0.49602 -0.47587 184 61 50
1.39592 0.46916 -0.45942 184 61 50
1.39650 0.43741 -0.44462 184 61 50
1.39472 0.41576 -0.42980 184 61 50
1.39319 0.39410 -0.40629 184 61 50
1.39392 0.37177 -0.38887 184 61 50
1.39382 0.35018 -0.35908 184 61 50
1.39576 0.33447 -0.33395 184 61 50
1.39558 0.31448 -0.29993 184 61 50
1.39823 0.30182 -0.26539 184 61 50
1.39321 0.28904 -0.23138 184 61 50
1.39378 0.28294 -0.18949 184 61 50
1.39431 0.27253 -0.13777 184 61 50
1.39309 0.27328 -0.08848 184 61 50
1.39585 0.27243 0.00291 184 61 50
1.39312 0.27407 0.08634 184 61 50
1.39756 0.27757 0.14067 184 61 50
1.39556 0.28158 0.18893 184 61 50
1.39737 0.28804 0.22722 184 61 50
1.39773 0.30477 0.26649 184 61 50
1.39348 0.31511 0.30354 184 61 50
1.39332 0.33375 0.33339 184 61 50
1.39538 0.34899 0.36260 184 61 50
1.39784 0.36866 0.38618 184 61 50
1.39322 0.39016 0.40824 184 61 50
1.39523 0.41654 0.42642 184 61 50
1.39298 0.43716 0.44709 184 61 50
1.39751 0.46660 0.46209 184 61 50
1.39784 0.49343 0.47131 184 61 50
1.39687 0.52250 0.48257 184 61 50
1.39806 0.54928 0.49207 184 61 50
1.39310 0.57924 0.49681 184 61 50
1.42195 0.61041 0.47952 184 61 50
1.41777 0.63793 0.47360 184 61 50
1.41943 0.67204 0.46935 184 61 50
1.41743 0.69736 0.46815 184 61 50
1.41877 0.72528 0.45372 184 61 50
1.41904 0.75249 0.44570 184 61 50
1.41823 0.78165 0.42794 184 61 50
1.42232 0.80777 0.41500 184 61 50
1.42006 0.83132 0.39482 184 61 50
1.42093 0.84844 0.37323 184 61 50
1.42041 0.86810 0.34563 184 61 50
1.42114 0.88873 0.32260 184 61 50
1.42291 0.90575 0.29267 184 61 50
1.41816 0.91712 0.25429 184 61 50
1.41787 0.92955 0.21963 184 61 50
1.42306 0.93851 0.18244 184 61 50
1.42090 0.94473 0.13463 184 61 50
1.41874 0.94856 0.08148 184 61 50
1.42008 0.94881 -0.00104 184 61 50
1.41877 0.94699 -0.08258 184 61 50
1.41826 0.94430 -0.13515 184 61 50
1.42065 0.93610 -0.17991 184 61 50
1.42271 0.92984 -0.21758 184 61 50
1.41816 0.91826 -0.25516 184 61 50
1.42185 0.90529 -0.28869 184 61 50
1.41751 0.88979 -0.31998 184 61 50
1.42001 0.86790 -0.35000 184 61 50
1.42087 0.84783 -0.37435 184 61 50
1.42311 0.82587 -0.39266 184 61 50
1.42102 0.80459 -0.41153 184 61 50
1.41922 0.77963 -0.42869 184 61 50
1.42170 0.75077 -0.44729 184 61 50
1.41780 0.72405 -0.45358 184 61 50
1.42236 0.69735 -0.46785 184 61 50
1.42072 0.66688 -0.47189 184 61 50
1.42095 0.63864 -0.47499 184 61 50
1.42164 0.61186 -0.47503 184 61 50
1.41840 0.58074 -0.47467 184 61 50
1.41813 0.55243 -0.47509 184 61 50
1.42154 0.52335 -0.46412 184 61 50
1.42184 0.49372 -0.45662 184 61 50
1.41885 0.46410 -0.44666 184 61 50
1.41828 0.43782 -0.43115 184 61 50
1.41911 0.41218 -0.41225 184 61 50
1.42049 0.38878 -0.39338 184 61 50
1.42219 0.36963 -0.36990 184 61 50
1.42104 0.35148 -0.34873 184 61 50
1.42093 0.33006 -0.31891 184 61 50
1.41983 0.31781 -0.29217 184 61 50
1.42059 0.30394 -0.25414 184 61 50
1.41900 0.28929 -0.22086 184 61 50
1.42168 0.27948 -0.17859 184 61 50
1.42141 0.27255 -0.13443 184 61 50
1.42162 0.26921 -0.08057 184 61 50
1.42308 0.26981 -0.00036 184 61 50
1.42016 0.27004 0.07963 184 61 50
1.42107 0.27585 0.13521 184 61 50
1.42089 0.28422 0.18046 184 61 50
1.41799 0.28840 0.22281 184 61 50
1.42282 0.30386 0.25441 184 61 50
1.41789 0.31674 0.29239 184 61 50
1.42147 0.33125 0.32164 184 61 50
1.42153 0.35021 0.34847 184 61 50
1.42219 0.37098 0.37390 184 61 50
1.41889 0.39445 0.39571 184 61 50
1.42235 0.41489 0.41195 184 61 50
1.41983 0.43818 0.42793 184 61 50
1.42217 0.46675 0.44630 184 61 50
1.42176 0.49130 0.45592 184 61 50
1.41761 0.52297 0.46814 184 61 50
1.41841 0.54797 0.47130 184 61 50
1.42024 0.58305 0.47417 184 61 50
1.44222 0.61264 0.45685 184 61 50
1.44345 0.63913 0.45209 184 61 50
1.44808 0.66969 0.45070 184 61 50
1.44337 0.69736 0.44306 184 61 50
1.44278 0.72543 0.43284 184 61 50
1.44557 0.75334 0.42575 184 61 50
1.44806 0.78239 0.41272 184 61 50
1.44634 0.80751 0.39700 184 61 50
1.44652 0.82945 0.37636 184 61 50
1.44246 0.85172 0.35439 184 61 50
1.44224 0.87289 0.33355 184 61 50
1.44601 0.88573 0.30332 184 61 50
1.44554 0.90282 0.27844 184 61 50
1.44452 0.91591 0.24591 184 61 50
1.44407 0.93103 0.21144 184 61 50
1.44733 0.93804 0.17464 184 61 50
1.44793 0.94383 0.13155 184 61 50
1.44259 0.94935 0.08017 184 61 50
1.44593 0.95089 0.00113 184 61 50
1.44481 0.94661 -0.08110 184 61 50
1.44763 0.94660 -0.12914 184 61 50
1.44238 0.94067 -0.17323 184 61 50
1.44544 0.93198 -0.21138 184 61 50
1.44594 0.91702 -0.24446 184 61 50
1.44422 0.90671 -0.27531 184 61 50
1.44394 0.88985 -0.30293 184 61 50
1.44375 0.86822 -0.33094 184 61 50
1.44550 0.85031 -0.35520 184 61 50
1.44657 0.82654 -0.37478 184 61 50
1.44377 0.80716 -0.39701 184 61 50
1.44550 0.77871 -0.41250 184 61 50
1.44675 0.75384 -0.42586 184 61 50
1.44233 0.72649 -0.43730 184 61 50
1.44805 0.69691 -0.44166 184 61 50
1.44290 0.66631 -0.44768 184 61 50
1.44544 0.63697 -0.45199 184 61 50
1.44736 0.60797 -0.45379 184 61 50
1.44255 0.58008 -0.45423 184 61 50
1.44348 0.54817 -0.45025 184 61 50
1.44276 0.52165 -0.44351 184 61 50
1.44298 0.49441 -0.43318 184 61 50
1.44553 0.46597 -0.42181 184 61 50
1.44580 0.43825 -0.41247 184 61 50
1.44517 0.41420 -0.39411 184 61 50
1.44711 0.38848 -0.37402 184 61 50
1.44546 0.36913 -0.35386 184 61 50
1.44710 0.34823 -0.33170 184 61 50
1.44500 0.33440 -0.30659 184 61 50
1.44332 0.31361 -0.27712 184 61 50
1.44566 0.29964 -0.24691 184 61 50
1.44667 0.28879 -0.21138 184 61 50
1.44209 0.28205 -0.17032 184 61 50
1.44368 0.27217 -0.12905 184 61 50
1.44775 0.26904 -0.07710 184 61 50
1.44525 0.27163 0.00123 184 61 50
1.44615 0.27332 0.07573 184 61 50
1.44555 0.27636 0.12892 184 61 50
1.44604 0.28210 0.17384 184 61 50
1.44619 0.28832 0.20827 184 61 50
1.44808 0.30292 0.24375 184 61 50
1.44425 0.31396 0.27423 184 61 50
1.44476 0.33247 0.30437 184 61 50
1.44656 0.35002 0.33332 184 61 50
1.44416 0.37026 0.35418 184 61 50
1.44754 0.39316 0.37816 184 61 50
1.44419 0.41427 0.39162 184 61 50
1.44211 0.43828 0.40822 184 61 50
1.44709 0.46751 0.42567 184 61 50
1.44403 0.49220 0.43501 184 61 50
1.44362 0.51968 0.44129 184 61 50
1.44607 0.55265 0.45300 184 61 50
1.44790 0.57768 0.45132 184 61 50
1.47036 0.61205 0.42558 184 61 50
1.46814 0.64039 0.42671 184 61 50
1.46881 0.66926 0.41978 184 61 50
1.46770 0.70037 0.41352 184 61 50
1.47171 0.72770 0.40840 184 61 50
1.46972 0.75477 0.39768 184 61 50
1.47073 0.77793 0.38527 184 61 50
1.47168 0.80329 0.36732 184 61 50
1.46727 0.83018 0.35251 184 61 50
1.47032 0.84848 0.33472 184 61 50
1.47023 0.87189 0.31267 184 61 50
1.47112 0.89105 0.28415 184 61 50
1.46849 0.90282 0.25760 184 61 50
1.47271 0.92056 0.23037 184 61 50
1.47039 0.93165 0.19457 184 61 50
1.47120 0.93931 0.15839 184 61 50
1.46980 0.94577 0.11831 184 61 50
1.47074 0.95053 0.07636 184 61 50
1.47004 0.95107 -0.00117 184 61 50
1.47022 0.94590 -0.07571 184 61 50
1.47017 0.94650 -0.12174 184 61 50
1.46960 0.94045 -0.16316 184 61 50
1.46991 0.92724 -0.19451 184 61 50
1.46872 0.91880 -0.23016 184 61 50
1.47274 0.90411 -0.26136 184 61 50
1.46893 0.88787 -0.28719 184 61 50
1.46854 0.86824 -0.30880 184 61 50
1.47159 0.84897 -0.33189 184 61 50
1.46812 0.82947 -0.34909 184 61 50
1.46876 0.80350 -0.36908 184 61 50
1.47212 0.78264 -0.38165 184 61 50
1.47096 0.75196 -0.39603 184 61 50
1.46770 0.72714 -0.40683 184 61 50
1.46846 0.69574 -0.41552 184 61 50
1.47023 0.66887 -0.41927 184 61 50
1.47002 0.64029 -0.42658 184 61 50
1.47279 0.60713 -0.42640 184 61 50
1.47041 0.58204 -0.42570 184 61 50
1.46738 0.55242 -0.42157 184 61 50
1.46969 0.52285 -0.41313 184 61 50
1.46967 0.49670 -0.40808 184 61 50
1.47062 0.46730 -0.39776 184 61 50
1.46847 0.43920 -0.38248 184 61 50
1.47215 0.41344 -0.36841 184 61 50
1.46841 0.39225 -0.35248 184 61 50
1.47226 0.36755 -0.32976 184 61 50
1.47216 0.34715 -0.31285 184 61 50
1.47130 0.33050 -0.28390 184 61 50
1.47171 0.31369 -0.25746 184 61 50
1.46798 0.30099 -0.22862 184 61 50
1.47203 0.29028 -0.19584 184 61 50
1.47206 0.28258 -0.16386 184 61 50
1.46953 0.27527 -0.12231 184 61 50
1.46917 0.27066 -0.07593 184 61 50
1.47171 0.26944 -0.00171 184 61 50
1.47251 0.26929 0.07131 184 61 50
1.47156 0.27527 0.11995 184 61 50
1.46806 0.28097 0.16218 184 61 50
1.47179 0.28791 0.19885 184 61 50
1.46897 0.30435 0.22751 184 61 50
1.46969 0.31653 0.25952 184 61 50
1.47072 0.33406 0.28581 184 61 50
1.47068 0.34990 0.31178 184 61 50
1.47191 0.37039 0.33163 184 61 50
1.46822 0.39194 0.35228 184 61 50
1.46893 0.41221 0.36745 184 61 50
1.46730 0.44206 0.38542 184 61 50
1.47276 0.46784 0.39859 184 61 50
1.46805 0.49496 0.41044 184 61 50
1.47090 0.52414 0.41556 184 61 50
1.47171 0.55189 0.42190 184 61 50
1.46961 0.57769 0.42361 184 61 50
-0.84936 0.92288 0.40162 184 61 50
-0.84913 0.94189 0.40201 184 61 50
-0.85053 0.96049 0.40067 184 61 50
-0.85229 0.98259 0.39437 184 61 50
-0.84801 1.00094 0.38731 184 61 50
-0.84835 1.01696 0.37648 184 61 50
-0.84791 1.03905 0.36308 184 61 50
-0.84709 1.05742 0.35132 184 61 50
-0.84969 1.07616 0.33651 184 61 50
-0.85007 1.08942 0.31452 184 61 50
-0.85286 1.10467 0.29460 184 61 50
-0.84799 1.12207 0.27372 184 61 50
-0.85025 1.13220 0.25483 184 61 50
-0.84943 1.14529 0.22531 184 61 50
-0.84762 1.15354 0.20423 184 61 50
-0.84813 1.16319 0.17766 184 61 50
-0.85213 1.17173 0.14739 184 61 50
-0.85036 1.18104 0.11955 184 61 50
-0.84829 1.18543 0.09069 184 61 50
-0.84851 1.18658 0.06195 184 61 50
-0.85094 1.19308 0.03189 184 61 50
-0.84751 1.19189 0.00077 184 61 50
-0.85298 1.19387 -0.02873 184 61 50
-0.85106 1.18767 -0.06221 184 61 50
-0.85022 1.18505 -0.09168 184 61 50
-0.85144 1.18126 -0.11763 184 61 50
-0.84817 1.17460 -0.15056 184 61 50
-0.85284 1.16703 -0.17584 184 61 50
-0.85025 1.15790 -0.20056 184 61 50
-0.84887 1.14353 -0.22957 184 61 50
-0.84904 1.13418 -0.25269 184 61 50
-0.84738 1.11921 -0.27287 184 61 50
-0.84709 1.10261 -0.29382 184 61 50
-0.84806 1.09187 -0.31553 184 61 50
-0.84807 1.07477 -0.33514 184 61 50
-0.85110 1.05472 -0.34901 184 61 50
-0.84762 1.04023 -0.36614 184 61 50
-0.84732 1.01733 -0.37397 184 61 50
-0.85170 1.00316 -0.38372 184 61 50
-0.85293 0.98316 -0.39457 184 61 50
-0.85283 0.96352 -0.40044 184 61 50
-0.85265 0.94111 -0.40255 184 61 50
-0.84909 0.92196 -0.40667 184 61 50
-0.83016 0.91998 0.40563 184 61 50
-0.83232 0.94209 0.40681 184 61 50
-0.82970 0.96408 0.39990 184 61 50
-0.83229 0.98116 0.39357 184 61 50
-0.82949 1.00388 0.38541 184 61 50
-0.83305 1.01955 0.37739 184 61 50
-0.82889 1.04246 0.36548 184 61 50
-0.83045 1.05794 0.35218 184 61 50
-0.83119 1.07664 0.33642 184 61 50
-0.83206 1.09558 0.31531 184 61 50
-0.83356 1.10896 0.29952 184 61 50
-0.83218 1.12457 0.27625 184 61 50
-0.83234 1.13662 0.25171 184 61 50
-0.82948 1.14908 0.23129 184 61 50
-0.83335 1.16250 0.20351 184 61 50
-0.83408 1.17034 0.17766 184 61 50
-0.83126 1.17924 0.14847 184 61 50
-0.83352 1.18816 0.12202 184 61 50
-0.82864 1.19251 0.08967 184 61 50
-0.82931 1.19282 0.05774 184 61 50
-0.83181 1.19528 0.03257 184 61 50
-0.83251 1.20092 0.00076 184 61 50
-0.83097 1.19840 -0.03122 184 61 50
-0.83118 1.19226 -0.05832 184 61 50
-0.83087 1.19032 -0.09316 184 61 50
-0.83096 1.18428 -0.12136 184 61 50
-0.82849 1.17607 -0.14812 184 61 50
-0.82877 1.17200 -0.17824 184 61 50
-0.83088 1.15948 -0.20094 184 61 50
-0.82981 1.14912 -0.23124 184 61 50
-0.83069 1.13773 -0.25233 184 61 50
-0.83079 1.12122 -0.27464 184 61 50
-0.82957 1.10722 -0.29812 184 61 50
-0.82878 1.09559 -0.31679 184 61 50
-0.83004 1.07482 -0.33812 184 61 50
-0.82941 1.05781 -0.35009 184 61 50
-0.82876 1.04045 -0.36540 184 61 50
-0.83285 1.02452 -0.37705 184 61 50
-0.83101 1.00219 -0.38946 184 61 50
-0.82838 0.98142 -0.39513 184 61 50
-0.83233 0.95873 -0.40097 184 61 50
-0.83289 0.94314 -0.40316 184 61 50
-0.83197 0.92143 -0.40659 184 61 50
-0.81436 0.91957 0.40467 184 61 50
-0.81445 0.94044 0.40485 184 61 50
-0.81353 0.96319 0.40208 184 61 50
-0.81358 0.98066 0.39627 184 61 50
-0.81442 1.00455 0.39201 184 61 50
-0.81306 1.02664 0.37924 184 61 50
-0.81129 1.04247 0.36790 184 61 50
-0.81027 1.05939 0.35030 184 61 50
-0.81167 1.07819 0.33782 184 61 50
-0.81232 1.09810 0.31951 184 61 50
-0.81272 1.11315 0.29636 184 61 50
-0.81278 1.12579 0.27439 184 61 50
-0.81097 1.14217 0.25515 184 61 50
-0.81429 1.15261 0.23154 184 61 50
-0.81469 1.16876 0.20280 184 61 50
-0.81188 1.17700 0.17542 184 61 50
-0.81483 1.18643 0.14873 184 61 50
-0.81170 1.19044 0.11762 184 61 50
-0.81285 1.19765 0.08883 184 61 50
-0.81523 1.19919 0.06106 184 61 50
-0.81020 1.20537 0.03228 184 61 50
-0.81064 1.20171 -0.00244 184 61 50
-0.81298 1.20378 -0.02752 184 61 50
-0.81216 1.20004 -0.05783 184 61 50
-0.81338 1.19621 -0.09147 184 61 50
-0.81242 1.19301 -0.12243 184 61 50
-0.81047 1.18574 -0.14890 184 61 50
-0.81147 1.17841 -0.17488 184 61 50
-0.81104 1.16361 -0.20391 184 61 50
-0.81445 1.15711 -0.23117 184 61 50
-0.80991 1.13988 -0.25290 184 61 50
-0.81455 1.12716 -0.27624 184 61 50
-0.81345 1.11242 -0.29899 184 61 50
-0.81240 1.09991 -0.31593 184 61 50
-0.81284 1.08173 -0.33744 184 61 50
-0.81344 1.06321 -0.35054 184 61 50
-0.80970 1.04065 -0.36453 184 61 50
-0.81534 1.02259 -0.38201 184 61 50
-0.80960 1.00149 -0.38918 184 61 50
-0.81413 0.98274 -0.39692 184 61 50
-0.81118 0.96258 -0.40069 184 61 50
-0.81407 0.94289 -0.40422 184 61 50
-0.81131 0.92181 -0.40688 184 61 50
-0.79410 0.91886 0.40809 184 61 50
-0.79626 0.94214 0.40735 184 61 50
-0.79178 0.96607 0.40519 184 61 50
-0.79515 0.98397 0.39826 184 61 50
-0.79114 1.00435 0.38918 184 61 50
-0.79525 1.02578 0.38209 184 61 50
-0.79385 1.04268 0.36915 184 61 50
-0.79586 1.06430 0.35276 184 61 50
-0.79303 1.08560 0.34031 184 61 50
-0.79128 1.09881 0.31825 184 61 50
-0.79270 1.11827 0.30218 184 61 50
-0.79521 1.13474 0.27650 184 61 50
-0.79265 1.14797 0.25218 184 61 50
-0.79550 1.15890 0.22839 184 61 50
-0.79584 1.17185 0.20177 184 61 50
-0.79173 1.18199 0.17957 184 61 50
-0.79195 1.18834 0.14977 184 61 50
-0.79630 1.19936 0.12062 184 61 50
-0.79502 1.20272 0.09295 184 61 50
-0.79253 1.20452 0.06047 184 61 50
-0.79604 1.20946 0.02974 184 61 50
-0.79147 1.21147 -0.00255 184 61 50
-0.79530 1.20691 -0.03203 184 61 50
-0.79196 1.20743 -0.05815 184 61 50
-0.79630 1.19955 -0.09250 184 61 50
-0.79450 1.19889 -0.12254 184 61 50
-0.79124 1.18689 -0.15223 184 61 50
-0.79655 1.17957 -0.17902 184 61 50
-0.79064 1.16896 -0.20600 184 61 50
-0.79098 1.15638 -0.23232 184 61 50
-0.79226 1.14637 -0.25682 184 61 50
-0.79395 1.13078 -0.27882 184 61 50
-0.79287 1.11819 -0.30154 184 61 50
-0.79519 1.10265 -0.31709 184 61 50
-0.79503 1.08234 -0.33987 184 61 50
-0.79201 1.06328 -0.35403 184 61 50
-0.79527 1.04493 -0.36705 184 61 50
-0.79072 1.02332 -0.37806 184 61 50
-0.79310 1.00419 -0.39328 184 61 50
-0.79606 0.98537 -0.40159 184 61 50
-0.79213 0.96037 -0.40492 184 61 50
-0.79527 0.94021 -0.40917 184 61 50
-0.79357 0.92023 -0.40958 184 61 50
-0.77744 0.92283 0.41158 184 61 50
-0.77382 0.94396 0.40835 184 61 50
-0.77279 0.96323 0.40584 184 61 50
-0.77412 0.98434 0.40224 184 61 50
-0.77619 1.00572 0.39385 184 61 50
-0.77380 1.02565 0.37923 184 61 50
-0.77573 1.04883 0.36825 184 61 50
-0.77718 1.06842 0.35701 184 61 50
-0.77184 1.08797 0.34016 184 61 50
-0.77686 1.10172 0.32092 184 61 50
-0.77736 1.11921 0.30164 184 61 50
-0.77515 1.13445 0.27951 184 61 50
-0.77636 1.14977 0.25633 184 61 50
-0.77446 1.16478 0.23332 184 61 50
-0.77430 1.17449 0.20539 184 61 50
-0.77285 1.18858 0.17924 184 61 50
-0.77718 1.19263 0.15194 184 61 50
-0.77517 1.20506 0.12386 184 61 50
-0.77514 1.20920 0.09213 184 61 50
-0.77503 1.20944 0.06322 184 61 50
-0.77523 1.21416 0.02898 184 61 50
-0.77509 1.21790 0.00140 184 61 50
-0.77595 1.21268 -0.03179 184 61 50
-0.77382 1.20965 -0.06174 184 61 50
-0.77299 1.20698 -0.08885 184 61 50
-0.77732 1.20234 -0.12210 184 61 50
-0.77600 1.19362 -0.15106 184 61 50
-0.77329 1.18660 -0.17897 184 61 50
-0.77275 1.17597 -0.20595 184 61 50
-0.77666 1.16301 -0.23412 184 61 50
-0.77350 1.15081 -0.25743 184 61 50
-0.77317 1.13632 -0.28011 184 61 50
-0.77295 1.11952 -0.29797 184 61 50
-0.77528 1.10308 -0.32231 184 61 50
-0.77757 1.08605 -0.33673 184 61 50
-0.77766 1.07060 -0.35731 184 61 50
-0.77468 1.04706 -0.36979 184 61 50
-0.77571 1.02644 -0.37919 184 61 50
-0.77621 1.00528 -0.39301 184 61 50
-0.77538 0.98322 -0.39943 184 61 50
-0.77426 0.96676 -0.40669 184 61 50
-0.77475 0.94309 -0.41083 184 61 50
-0.77457 0.91983 -0.40758 184 61 50
-0.75566 0.91955 0.41112 184 61 50
-0.75319 0.93994 0.41246 184 61 50
-0.75790 0.96424 0.40614 184 61 50
-0.75832 0.98395 0.39902 184 61 50
-0.75393 1.01143 0.39349 184 61 50
-0.75421 1.02882 0.38389 184 61 50
-0.75877 1.05182 0.37279 184 61 50
-0.75541 1.06769 0.35651 184 61 50
-0.75822 1.08697 0.33821 184 61 50
-0.75545 1.10645 0.32507 184 61 50
-0.75566 1.12733 0.30134 184 61 50
-0.75567 1.14243 0.28291 184 61 50
-0.75685 1.15397 0.25761 184 61 50
-0.75476 1.17100 0.23034 184 61 50
-0.75729 1.18199 0.20802 184 61 50
-0.75678 1.18832 0.17834 184 61 50
-0.75318 1.19980 0.15120 184 61 50
-0.75815 1.20759 0.12212 184 61 50
-0.75365 1.21513 0.09461 184 61 50
-0.75623 1.21806 0.06376 184 61 50
-0.75831 1.22085 0.03287 184 61 50
-0.75511 1.22108 -0.00290 184 61 50
-0.75872 1.21874 -0.03099 184 61 50
-0.75420 1.21539 -0.06300 184 61 50
-0.75490 1.21309 -0.09426 184 61 50
-0.75813 1.20915 -0.12084 184 61 50
-0.75841 1.20122 -0.15058 184 61 50
-0.75469 1.19368 -0.17638 184 61 50
-0.75816 1.17799 -0.20718 184 61 50
-0.75628 1.16553 -0.23089 184 61 50
-0.75553 1.15426 -0.25955 184 61 50
-0.75859 1.14081 -0.28150 184 61 50
-0.75786 1.12541 -0.30252 184 61 50
-0.75694 1.10742 -0.32274 184 61 50
-0.75594 1.08890 -0.34097 184 61 50
-0.75505 1.07212 -0.35956 184 61 50
-0.75757 1.04983 -0.37411 184 61 50
-0.75367 1.03103 -0.38103 184 61 50
-0.75581 1.00879 -0.39163 184 61 50
-0.75885 0.98757 -0.40428 184 61 50
-0.75498 0.96364 -0.40654 184 61 50
-0.75819 0.94537 -0.40873 184 61 50
-0.75402 0.92264 -0.41010 184 61 50
-0.73717 0.91763 0.41320 184 61 50
-0.73453 0.94139 0.41125 184 61 50
-0.73966 0.96477 0.40720 184 61 50
-0.73485 0.98664 0.40239 184 61 50
-0.73645 1.01060 0.39245 184 61 50
-0.73724 1.03356 0.38354 184 61 50
-0.73416 1.05176 0.37072 184 61 50
-0.73985 1.07430 0.35997 184 61 50
-0.73539 1.09295 0.33947 184 61 50
-0.73752 1.11056 0.32156 184 61 50
-0.73419 1.12987 0.30561 184 61 50
-0.73475 1.14148 0.28327 184 61 50
-0.73803 1.15787 0.25835 184 61 50
-0.73926 1.17378 0.23415 184 61 50
-0.73438 1.18782 0.20890 184 61 50
-0.73759 1.19749 0.18151 184 61 50
-0.73504 1.20425 0.14851 184 61 50
-0.73697 1.20999 0.12447 184 61 50
-0.73529 1.21821 0.08981 184 61 50
-0.73992 1.22264 0.06244 184 61 50
-0.73588 1.22705 0.03364 184 61 50
-0.73883 1.22786 0.00180 184 61 50
-0.74014 1.22443 -0.03043 184 61 50
-0.73793 1.21982 -0.06262 184 61 50
-0.73906 1.21982 -0.09468 184 61 50
-0.73692 1.21365 -0.12307 184 61 50
-0.73768 1.20381 -0.15004 184 61 50
-0.73472 1.19733 -0.17788 184 61 50
-0.73661 1.18345 -0.20849 184 61 50
-0.73852 1.17415 -0.23455 184 61 50
-0.73714 1.16097 -0.25941 184 61 50
-0.73767 1.14290 -0.27849 184 61 50
-0.73457 1.12907 -0.30227 184 61 50
-0.73856 1.11073 -0.32514 184 61 50
-0.73536 1.09123 -0.33885 184 61 50
-0.73899 1.07276 -0.35986 184 61 50
-0.73570 1.05107 -0.37465 184 61 50
-0.73523 1.03250 -0.38237 184 61 50
-0.73602 1.01230 -0.39336 184 61 50
-0.73932 0.98798 -0.40515 184 61 50
-0.73824 0.96634 -0.41126 184 61 50
-0.73463 0.94281 -0.40965 184 61 50
-0.73698 0.91808 -0.41641 184 61 50
-0.71767 0.92289 0.41506 184 61 50
-0.72004 0.94465 0.41262 184 61 50
-0.71981 0.96732 0.41069 184 61 50
-0.72097 0.98825 0.40348 155 185 186
-0.72061 1.00900 0.39722 155 185 186
-0.72083 1.03247 0.38568 155 185 186
-0.72095 1.05668 0.37621 155 185 186
-0.72039 1.07346 0.35856 155 185 186
-0.71636 1.09644 0.34557 155 185 186
-0.71655 1.11570 0.32529 155 185 186
-0.71659 1.12940 0.30593 155 185 186
-0.71627 1.15001 0.28331 155 185 186
-0.71618 1.16553 0.25839 184 61 50
-0.71586 1.17531 0.23625 184 61 50
-0.71806 1.19041 0.20762 184 61 50
-0.71726 1.20083 0.18214 184 61 50
-0.71885 1.20731 0.15025 184 61 50
-0.71875 1.21478 0.12445 184 61 50
-0.71898 1.22417 0.09536 184 61 50
-0.71888 1.22699 0.06371 184 61 50
-0.71703 1.23100 0.02803 184 61 50
-0.71608 1.23051 0.00132 184 61 50
-0.71872 1.23229 -0.03209 184 61 50
-0.71559 1.22881 -0.05975 184 61 50
-0.71677 1.22077 -0.08942 184 61 50
-0.71728 1.21847 -0.12486 184 61 50
-0.71700 1.20837 -0.15125 184 61 50
-0.71702 1.19905 -0.18027 184 61 50
-0.71616 1.19157 -0.20987 184 61 50
-0.71610 1.17498 -0.23500 184 61 50
-0.71555 1.16393 -0.25610 184 61 50
-0.72034 1.14627 -0.28519 155 185 186
-0.72110 1.13419 -0.30237 155 185 186
-0.72055 1.11569 -0.32226 155 185 186
-0.72095 1.09753 -0.34428 155 185 186
-0.71674 1.07641 -0.36134 155 185 186
-0.72015 1.05348 -0.37401 155 185 186
-0.72095 1.03468 -0.38622 155 185 186
-0.71857 1.00909 -0.39535 155 185 186
-0.72000 0.98648 -0.40614 155 185 186
-0.72058 0.96775 -0.41273 184 61 50
-0.71607 0.94181 -0.41596 184 61 50
-0.71967 0.91738 -0.41307 184 61 50
-0.70248 0.91774 0.41507 184 61 50
-0.70068 0.94534 0.41421 184 61 50
-0.70065 0.96858 0.41275 184 61 50
-0.70076 0.98880 0.40362 155 185 186
-0.70113 1.01051 0.39912 155 185 186
-0.69927 1.03506 0.38711 155 185 186
-0.69702 1.05702 0.37345 155 185 186
-0.69819 1.07854 0.35947 155 185 186
-0.69770 1.09901 0.34406 155 185 186
-0.70022 1.11967 0.32481 155 185 186
-0.69883 1.13481 0.30847 155 185 186
-0.69771 1.15087 0.28591 155 185 186
-0.69699 1.16815 0.25920 184 61 50
-0.70017 1.17848 0.23478 184 61 50
-0.69889 1.19633 0.20728 184 61 50
-0.70132 1.20428 0.17963 184 61 50
-0.69737 1.21181 0.15171 184 61 50
-0.70144 1.22397 0.12491 184 61 50
-0.69923 1.23059 0.09199 184 61 50
-0.70111 1.23535 0.06054 184 61 50
-0.70205 1.23570 0.03287 184 61 50
-0.70071 1.23844 0.00002 184 61 50
-0.70195 1.23778 -0.03251 184 61 50
-0.69713 1.23545 -0.05938 184 61 50
-0.69861 1.23056 -0.09495 184 61 50
-0.69694 1.22174 -0.12186 184 61 50
-0.69833 1.21595 -0.15178 184 61 50
-0.69834 1.20264 -0.18137 184 61 50
-0.69660 1.19344 -0.21064 184 61 50
-0.70039 1.18232 -0.23346 184 61 50
-0.69793 1.16589 -0.25817 184 61 50
-0.70064 1.15068 -0.28146 155 185 186
-0.69725 1.13709 -0.30767 155 185 186
-0.70074 1.11926 -0.32432 155 185 186
-0.70191 1.09621 -0.34426 155 185 186
-0.70211 1.07923 -0.36004 155 185 186
-0.69735 1.05766 -0.37469 155 185 186
-0.70234 1.03757 -0.38892 155 185 186
-0.69849 1.01043 -0.39741 155 185 186
-0.70131 0.98923 -0.40552 155 185 186
-0.69720 0.96839 -0.41292 184 61 50
-0.70065 0.94268 -0.41475 184 61 50
-0.69843 0.91850 -0.41912 184 61 50
-0.67793 0.91907 0.41807 184 61 50
-0.68193 0.94481 0.41666 184 61 50
-0.68288 0.96830 0.41562 184 61 50
-0.67790 0.98893 0.40865 155 185 186
-0.68063 1.01646 0.39997 155 185 186
-0.68299 1.03991 0.38686 155 185 186
-0.68189 1.05983 0.37896 155 185 186
-0.67956 1.08238 0.36073 155 185 186
-0.67982 1.10318 0.34331 155 185 186
-0.67958 1.11881 0.32662 155 185 186
-0.67913 1.13600 0.30602 155 185 186
-0.68157 1.15760 0.28456 155 185 186
-0.68177 1.17308 0.26221 184 61 50
-0.68044 1.18430 0.23781 184 61 50
-0.67868 1.20056 0.20821 184 61 50
-0.68286 1.20709 0.18281 184 61 50
-0.67773 1.21838 0.14995 184 61 50
-0.67960 1.22910 0.12233 184 61 50
-0.68253 1.23532 0.09230 184 61 50
-0.68057 1.23547 0.06427 184 61 50
-0.67904 1.24236 0.03272 184 61 50
-0.68313 1.24284 -0.00003 184 61 50
-0.67971 1.23985 -0.02851 184 61 50
-0.68224 1.23814 -0.06449 184 61 50
-0.68125 1.23303 -0.09487 184 61 50
-0.68000 1.22532 -0.12313 184 61 50
-0.67849 1.22035 -0.15171 184 61 50
-0.68030 1.21006 -0.17869 184 61 50
-0.68354 1.20021 -0.20653 184 61 50
-0.68304 1.18784 -0.23306 184 61 50
-0.67983 1.16966 -0.25881 184 61 50
-0.67859 1.15468 -0.28210 155 185 186
-0.67909 1.13752 -0.30526 155 185 186
-0.67807 1.11872 -0.33002 155 185 186
-0.68187 1.09846 -0.34680 155 185 186
-0.68102 1.08104 -0.36485 155 185 186
-0.68271 1.05971 -0.37421 155 185 186
-0.67910 1.03897 -0.39110 155 185 186
-0.67957 1.01562 -0.39759 155 185 186
-0.67836 0.98905 -0.41025 155 185 186
-0.68152 0.96508 -0.41571 184 61 50
-0.67972 0.94418 -0.41810 184 61 50
-0.68345 0.91773 -0.41741 184 61 50
-0.66239 0.92093 0.42242 184 61 50
-0.66393 0.94531 0.41627 184 61 50
-0.66175 0.96858 0.41478 184 61 50
-0.66071 0.99095 0.40693 155 185 186
-0.66011 1.01629 0.40095 155 185 186
-0.65989 1.03977 0.39350 155 185 186
-0.66009 1.05938 0.37898 155 185 186
-0.66143 1.08542 0.36092 155 185 186
-0.66213 1.10332 0.34963 155 185 186
-0.66006 1.12571 0.33044 155 185 186
-0.66158 1.13901 0.30868 155 185 186
-0.66190 1.15691 0.28414 155 185 186
-0.65913 1.17393 0.26067 184 61 50
-0.66427 1.18882 0.23905 184 61 50
-0.66012 1.20180 0.20907 184 61 50
-0.66307 1.21525 0.18027 184 61 50
-0.66052 1.22253 0.15111 184 61 50
-0.66102 1.23140 0.12245 184 61 50
-0.66383 1.24033 0.09540 184 61 50
-0.66018 1.24159 0.06014 184 61 50
-0.66395 1.24659 0.03145 184 61 50
-0.66296 1.24405 0.00127 184 61 50
-0.65912 1.24454 -0.03162 184 61 50
-0.66221 1.24112 -0.06262 184 61 50
-0.65899 1.23529 -0.09115 184 61 50
-0.65941 1.22851 -0.12428 184 61 50
-0.66299 1.22504 -0.15166 184 61 50
-0.66458 1.21506 -0.18006 184 61 50
-0.65895 1.20041 -0.21082 184 61 50
-0.66011 1.18769 -0.23854 184 61 50
-0.65932 1.17648 -0.26389 184 61 50
-0.66487 1.15977 -0.28471 155 185 186
-0.66474 1.14136 -0.31009 155 185 186
-0.66201 1.12487 -0.32670 155 185 186
-0.65939 1.10120 -0.34909 155 185 186
-0.66172 1.08095 -0.36229 155 185 186
-0.66296 1.06427 -0.37810 155 185 186
-0.65926 1.03999 -0.38907 155 185 186
-0.66448 1.01495 -0.39884 155 185 186
-0.66082 0.99310 -0.40659 155 185 186
-0.66405 0.97142 -0.41774 184 61 50
-0.66022 0.94718 -0.41738 184 61 50
-0.66258 0.92283 -0.42166 184 61 50
-0.64530 0.92245 0.42000 184 61 50
-0.64178 0.94194 0.41773 184 61 50
-0.64493 0.96921 0.41515 184 61 50
-0.64045 0.99496 0.41007 155 185 186
-0.64116 1.01951 0.40476 155 185 186
-0.64289 1.04156 0.39113 155 185 186
-0.64161 1.06517 0.37674 155 185 186
-0.64585 1.08615 0.36778 155 185 186
-0.64382 1.10708 0.35024 155 185 186
-0.64081 1.12655 0.32828 155 185 186
-0.64025 1.14753 0.30987 155 185 186
-0.64176 1.16138 0.28581 155 185 186
-0.64389 1.17659 0.26115 184 61 50
-0.64152 1.19355 0.23797 184 61 50
-0.64148 1.20792 0.20835 184 61 50
-0.64289 1.21730 0.18003 184 61 50
-0.64399 1.22970 0.15140 184 61 50
-0.64558 1.23790 0.12541 184 61 50
-0.64242 1.24313 0.09201 184 61 50
-0.64217 1.24851 0.06425 184 61 50
-0.64150 1.25097 0.02868 184 61 50
-0.64500 1.25220 0.00245 184 61 50
-0.64248 1.25188 -0.03032 184 61 50
-0.64429 1.24475 -0.06277 184 61 50
-0.64244 1.24371 -0.09523 184 61 50
-0.64235 1.23712 -0.12162 184 61 50
-0.64437 1.22876 -0.15423 184 61 50
-0.64326 1.21829 -0.18362 184 61 50
-0.64052 1.20902 -0.21044 184 61 50
-0.64384 1.19433 -0.23844 184 61 50
-0.64413 1.17936 -0.26518 184 61 50
-0.64016 1.15940 -0.28365 155 185 186
-0.64521 1.14592 -0.30701 155 185 186
-0.64468 1.12555 -0.32805 155 185 186
-0.64033 1.10842 -0.34620 155 185 186
-0.64100 1.08801 -0.36755 155 185 186
-0.64509 1.06071 -0.37714 155 185 186
-0.64248 1.03783 -0.38942 155 185 186
-0.64442 1.01734 -0.40149 155 185 186
-0.64069 0.99155 -0.41078 155 185 186
-0.64416 0.96743 -0.41528 184 61 50
-0.64280 0.94290 -0.41798 184 61 50
-0.64416 0.92266 -0.42406 184 61 50
-0.62233 0.91961 0.42315 184 61 50
-0.62658 0.94780 0.42238 184 61 50
-0.62597 0.96823 0.42119 184 61 50
-0.62140 0.99581 0.41194 155 185 186
-0.62470 1.01816 0.40367 155 185 186
-0.62254 1.04060 0.39675 155 185 186
-0.62418 1.06244 0.37849 155 185 186
-0.62297 1.08846 0.36689 155 185 186
-0.62574 1.10885 0.34797 155 185 186
-0.62314 1.12979 0.33187 155 185 186
-0.62650 1.14732 0.30944 155 185 186
-0.62673 1.16792 0.28541 155 185 186
-0.62429 1.18456 0.26273 184 61 50
-0.62457 1.19562 0.23531 184 61 50
-0.62216 1.20895 0.21394 184 61 50
-0.62669 1.21992 0.18081 184 61 50
-0.62583 1.23216 0.15449 184 61 50
-0.62725 1.23945 0.12478 184 61 50
-0.62593 1.24366 0.09180 184 61 50
-0.62529 1.24830 0.06018 184 61 50
-0.62131 1.25153 0.02948 184 61 50
-0.62501 1.25747 -0.00272 184 61 50
-0.62441 1.25466 -0.02950 184 61 50
-0.62161 1.24882 -0.06213 184 61 50
-0.62390 1.24486 -0.09579 184 61 50
-0.62532 1.24172 -0.12198 184 61 50
-0.62244 1.23090 -0.15240 184 61 50
-0.62469 1.22223 -0.18524 184 61 50
-0.62603 1.21206 -0.20923 184 61 50
-0.62272 1.19610 -0.23697 184 61 50
-0.62163 1.18010 -0.26604 184 61 50
-0.62598 1.16635 -0.28663 155 185 186
-0.62649 1.14636 -0.31295 155 185 186
-0.62728 1.13166 -0.32826 155 185 186
-0.62705 1.10786 -0.35204 155 185 186
-0.62691 1.08946 -0.36917 155 185 186
-0.62565 1.06602 -0.38015 155 185 186
-0.62226 1.04094 -0.39457 155 185 186
-0.62203 1.02099 -0.40347 155 185 186
-0.62560 0.99671 -0.41008 155 185 186
-0.62482 0.96818 -0.42101 184 61 50
-0.62491 0.94755 -0.42019 184 61 50
-0.62504 0.91895 -0.42059 184 61 50
-0.60385 0.92282 0.42451 184 61 50
-0.60492 0.94823 0.42428 184 61 50
-0.60346 0.96996 0.41987 184 61 50
-0.60596 0.99572 0.41656 155 185 186
-0.60336 1.02213 0.40835 155 185 186
-0.60330 1.04113 0.39790 155 185 186
-0.60345 1.06701 0.38444 155 185 186
-0.60847 1.08940 0.36514 155 185 186
-0.60291 1.10967 0.35246 155 185 186
-0.60668 1.13001 0.33488 155 185 186
-0.60298 1.14913 0.31002 155 185 186
-0.60448 1.16553 0.28708 155 185 186
-0.60285 1.18795 0.26696 184 61 50
-0.60616 1.20264 0.24114 184 61 50
-0.60520 1.21497 0.21336 184 61 50
-0.60682 1.22750 0.18657 184 61 50
-0.60455 1.23514 0.15592 184 61 50
-0.60446 1.24313 0.12649 184 61 50
-0.60790 1.24758 0.09715 184 61 50
-0.60792 1.25581 0.06106 184 61 50
-0.60391 1.26079 0.03178 184 61 50
-0.60397 1.26101 -0.00197 184 61 50
-0.60503 1.25518 -0.03021 184 61 50
-0.60751 1.25685 -0.06545 184 61 50
-0.60388 1.25075 -0.09256 184 61 50
-0.60504 1.24267 -0.12364 184 61 50
-0.60729 1.23721 -0.15719 184 61 50
-0.60843 1.22779 -0.18237 184 61 50
-0.60421 1.21128 -0.20990 184 61 50
-0.60826 1.19881 -0.23754 184 61 50
-0.60398 1.18349 -0.26378 184 61 50
-0.60451 1.16970 -0.29166 155 185 186
-0.60423 1.15026 -0.31099 155 185 186
-0.60303 1.13407 -0.33043 155 185 186
-0.60378 1.11249 -0.35041 155 185 186
-0.60263 1.08869 -0.36604 155 185 186
-0.60683 1.06755 -0.38093 155 185 186
-0.60807 1.04683 -0.39413 155 185 186
-0.60486 1.02280 -0.40474 155 185 186
-0.60688 0.99734 -0.41622 155 185 186
-0.60552 0.97257 -0.41746 184 61 50
-0.60824 0.94718 -0.42558 184 61 50
-0.60794 0.91977 -0.42646 184 61 50
-0.58808 0.91756 0.42848 184 61 50
-0.58382 0.94516 0.42758 184 61 50
-0.58452 0.97165 0.41926 184 61 50
-0.58779 0.99763 0.41322 155 185 186
-0.58738 1.02273 0.40601 155 185 186
-0.58584 1.04526 0.39550 155 185 186
-0.58827 1.06922 0.38671 155 185 186
-0.58384 1.09388 0.37109 155 185 186
-0.58799 1.11294 0.35080 155 185 186
-0.58784 1.13621 0.33494 155 185 186
-0.58944 1.15191 0.31263 155 185 186
-0.58583 1.17451 0.29255 155 185 186
-0.58505 1.18715 0.26685 184 61 50
-0.58906 1.20284 0.24277 184 61 50
-0.58908 1.21916 0.21552 184 61 50
-0.58468 1.23036 0.18550 184 61 50
-0.58965 1.24100 0.15445 184 61 50
-0.58562 1.24816 0.12673 184 61 50
-0.58785 1.25445 0.09367 184 61 50
-0.58447 1.26025 0.06642 184 61 50
-0.58373 1.25952 0.03235 184 61 50
-0.58832 1.26021 -0.00163 184 61 50
-0.58954 1.26452 -0.03382 184 61 50
-0.58629 1.25891 -0.06522 184 61 50
-0.58711 1.25197 -0.09541 184 61 50
-0.58763 1.24810 -0.12627 184 61 50
-0.58463 1.24079 -0.15333 184 61 50
-0.58528 1.23204 -0.18496 184 61 50
-0.58469 1.21479 -0.21379 184 61 50
-0.58570 1.20311 -0.24215 184 61 50
-0.58604 1.18698 -0.26613 184 61 50
-0.58674 1.17253 -0.28947 155 185 186
-0.58371 1.15479 -0.31433 155 185 186
-0.58761 1.13505 -0.33297 155 185 186
-0.58502 1.11073 -0.35098 155 185 186
-0.58744 1.09386 -0.36867 155 185 186
-0.58519 1.07039 -0.38369 155 185 186
-0.58770 1.04561 -0.39478 155 185 186
-0.58905 1.02152 -0.40564 155 185 186
-0.58794 0.99458 -0.41799 155 185 186
-0.58947 0.96905 -0.42319 184 61 50
-0.58698 0.94706 -0.42770 184 61 50
-0.58604 0.92266 -0.42341 184 61 50
-0.56935 0.91768 0.42821 184 61 50
-0.56904 0.94402 0.42660 184 61 50
-0.56891 0.97011 0.42495 184 61 50
-0.56568 0.99997 0.41764 155 185 186
-0.56516 1.02101 0.40682 155 185 186
-0.56962 1.04654 0.39522 155 185 186
-0.57036 1.07077 0.38576 155 185 186
-0.56706 1.09531 0.37211 155 185 186
-0.57018 1.11514 0.35428 155 185 186
-0.56720 1.13427 0.33545 155 185 186
-0.56554 1.15654 0.31517 155 185 186
-0.56630 1.17180 0.29210 155 185 186
-0.56665 1.19286 0.26824 184 61 50
-0.56529 1.20496 0.23833 184 61 50
-0.56922 1.21868 0.21650 184 61 50
-0.56837 1.23446 0.18271 184 61 50
-0.56545 1.24505 0.15330 184 61 50
-0.56633 1.25261 0.12466 184 61 50
-0.56897 1.25562 0.09563 184 61 50
-0.56705 1.26341 0.06656 184 61 50
-0.56520 1.26456 0.03221 184 61 50
-0.56595 1.26422 0.00075 184 61 50
-0.56737 1.26483 -0.03141 184 61 50
-0.56974 1.26320 -0.06556 184 61 50
-0.56660 1.25922 -0.09521 184 61 50
-0.56939 1.25272 -0.12714 184 61 50
-0.56535 1.24393 -0.15917 184 61 50
-0.56648 1.23432 -0.18540 184 61 50
-0.56972 1.21993 -0.21342 184 61 50
-0.57005 1.20602 -0.23953 184 61 50
-0.57061 1.18889 -0.26371 184 61 50
-0.56902 1.17482 -0.29106 155 185 186
-0.56658 1.15800 -0.31066 155 185 186
-0.56817 1.13818 -0.33363 155 185 186
-0.56521 1.11340 -0.35563 155 185 186
-0.57007 1.09409 -0.36990 155 185 186
-0.57078 1.07357 -0.38446 155 185 186
-0.56961 1.04481 -0.40026 155 185 186
-0.57026 1.02338 -0.41109 155 185 186
-0.56667 0.99675 -0.41646 155 185 186
-0.57022 0.96919 -0.42118 184 61 50
-0.57074 0.94853 -0.42570 184 61 50
-0.56777 0.91864 -0.42682 184 61 50
-0.55084 0.92272 0.42850 184 61 50
-0.54624 0.94455 0.42956 184 61 50
-0.54674 0.97224 0.42300 184 61 50
-0.54874 0.99622 0.42027 155 185 186
-0.55041 1.02614 0.41179 155 185 186
-0.55179 1.04563 0.39761 155 185 186
-0.54994 1.06931 0.38627 155 185 186
-0.54853 1.09760 0.37147 155 185 186
-0.55193 1.11832 0.35235 155 185 186
-0.54881 1.14046 0.33549 155 185 186
-0.54629 1.15735 0.31193 155 185 186
-0.54918 1.17999 0.29079 155 185 186
-0.54974 1.19254 0.26880 184 61 50
-0.54862 1.21059 0.24295 184 61 50
-0.55203 1.22477 0.21525 184 61 50
-0.54693 1.23344 0.18920 184 61 50
-0.54715 1.24841 0.15941 184 61 50
-0.55158 1.25297 0.12651 184 61 50
-0.54837 1.26513 0.09258 184 61 50
-0.55094 1.26843 0.06489 184 61 50
-0.55052 1.26710 0.03163 184 61 50
-0.54859 1.27282 0.00125 184 61 50
-0.55121 1.27197 -0.03329 184 61 50
-0.54779 1.26691 -0.06264 184 61 50
-0.54954 1.26473 -0.09373 184 61 50
-0.54767 1.25577 -0.12374 184 61 50
-0.54692 1.24584 -0.15914 184 61 50
-0.55123 1.23842 -0.18866 184 61 50
-0.54955 1.22596 -0.21559 184 61 50
-0.54779 1.20902 -0.24004 184 61 50
-0.54624 1.19537 -0.27039 184 61 50
-0.55097 1.17735 -0.29159 155 185 186
-0.54801 1.15766 -0.31480 155 185 186
-0.54972 1.13973 -0.33279 155 185 186
-0.54632 1.12057 -0.35341 155 185 186
-0.54665 1.09543 -0.37133 155 185 186
-0.55115 1.07076 -0.38936 155 185 186
-0.55006 1.04850 -0.40154 155 185 186
-0.55095 1.02623 -0.40876 155 185 186
-0.54692 0.99722 -0.41964 155 185 186
-0.54666 0.97423 -0.42473 184 61 50
-0.54835 0.94402 -0.42516 184 61 50
-0.54675 0.91748 -0.42936 184 61 50
-0.53280 0.92118 0.42844 184 61 50
-0.52774 0.94809 0.42919 184 61 50
-0.53055 0.97390 0.42400 184 61 50
-0.53088 0.99599 0.42060 155 185 186
-0.52827 1.02323 0.40923 155 185 186
-0.53134 1.04963 0.40332 155 185 186
-0.52966 1.07246 0.38683 155 185 186
-0.52875 1.09534 0.37247 155 185 186
-0.53185 1.12123 0.35456 155 185 186
-0.52840 1.14101 0.33609 155 185 186
-0.52935 1.15848 0.31644 155 185 186
-0.52985 1.17832 0.29036 155 185 186
-0.52942 1.19922 0.27034 184 61 50
-0.53031 1.21253 0.24261 184 61 50
-0.53287 1.23004 0.21464 184 61 50
-0.53182 1.24095 0.18755 184 61 50
-0.52808 1.24847 0.15813 184 61 50
-0.52747 1.26053 0.12958 184 61 50
-0.53298 1.26424 0.09469 184 61 50
-0.53050 1.27267 0.06562 184 61 50
-0.53203 1.27635 0.03215 184 61 50
-0.52873 1.27273 0.00036 184 61 50
-0.53185 1.27118 -0.03235 184 61 50
-0.53300 1.27329 -0.06467 184 61 50
-0.53148 1.26442 -0.09799 184 61 50
-0.53307 1.26171 -0.12927 184 61 50
-0.53205 1.24912 -0.15753 184 61 50
-0.53287 1.24000 -0.18769 184 61 50
-0.52872 1.22564 -0.21284 184 61 50
-0.52927 1.21452 -0.24057 184 61 50
-0.52871 1.19676 -0.26614 184 61 50
-0.53139 1.17859 -0.29453 155 185 186
-0.52933 1.16275 -0.31478 155 185 186
-0.52976 1.13845 -0.33439 155 185 186
-0.53276 1.12266 -0.35789 155 185 186
-0.53300 1.09676 -0.37156 155 185 186
-0.52853 1.07170 -0.38576 155 185 186
-0.53066 1.04694 -0.40083 155 185 186
-0.52936 1.02179 -0.41122 155 185 186
-0.53280 0.99762 -0.42004 155 185 186
-0.52857 0.97233 -0.42702 184 61 50
-0.52982 0.94560 -0.43177 184 61 50
-0.52735 0.92126 -0.42939 184 61 50
-0.51347 0.91783 0.43339 184 61 50
-0.50856 0.94385 0.43251 184 61 50
-0.51230 0.97483 0.42528 184 61 50
-0.51313 0.99954 0.42067 155 185 186
-0.51026 1.02412 0.41341 155 185 186
-0.51335 1.04851 0.40539 155 185 186
-0.50991 1.07359 0.38952 155 185 186
-0.51161 1.09641 0.37271 155 185 186
-0.51004 1.11979 0.35904 155 185 186
-0.51356 1.14322 0.33896 155 185 186
-0.51285 1.16528 0.31637 155 185 186
-0.51429 1.18447 0.29444 155 185 186
-0.51265 1.20228 0.27042 184 61 50
-0.50868 1.21881 0.24444 184 61 50
-0.51359 1.23110 0.21541 184 61 50
-0.51250 1.24419 0.18929 184 61 50
-0.51415 1.25133 0.15928 184 61 50
-0.51344 1.26233 0.12649 184 61 50
-0.50873 1.26744 0.09564 184 61 50
-0.50967 1.27706 0.06372 184 61 50
-0.51323 1.27973 0.03470 184 61 50
-0.50991 1.27893 0.00276 184 61 50
-0.51192 1.27519 -0.02997 184 61 50
-0.51169 1.27666 -0.06592 184 61 50
-0.50952 1.27031 -0.09441 184 61 50
-0.50890 1.26308 -0.12883 184 61 50
-0.51077 1.25536 -0.15907 184 61 50
-0.51220 1.24485 -0.18867 184 61 50
-0.51224 1.23313 -0.21805 184 61 50
-0.51036 1.21481 -0.24296 184 61 50
-0.51201 1.19877 -0.26781 184 61 50
-0.50916 1.18114 -0.29443 155 185 186
-0.51076 1.16065 -0.31904 155 185 186
-0.51297 1.14117 -0.33999 155 185 186
-0.51272 1.12383 -0.35774 155 185 186
-0.51049 1.09916 -0.37363 155 185 186
-0.50947 1.07316 -0.39199 155 185 186
-0.51287 1.04873 -0.40109 155 185 186
-0.51165 1.02454 -0.41379 155 185 186
-0.51078 0.99830 -0.42070 155 185 186
-0.51268 0.97435 -0.42720 184 61 50
-0.50943 0.94531 -0.43117 184 61 50
-0.51271 0.92062 -0.43518 184 61 50
-0.49242 0.91925 0.43552 184 61 50
-0.49483 0.94738 0.43480 184 61 50
-0.49341 0.97251 0.42875 184 61 50
-0.48979 0.99788 0.42314 155 185 186
-0.49184 1.02572 0.41189 155 185 186
-0.49292 1.05046 0.40350 155 185 186
-0.49430 1.07591 0.39293 155 185 186
-0.49172 1.09929 0.37557 155 185 186
-0.49075 1.12324 0.35998 155 185 186
-0.49094 1.14467 0.33766 155 185 186
-0.49463 1.16322 0.31597 155 185 186
-0.49124 1.18470 0.29448 155 185 186
-0.49069 1.20031 0.26847 184 61 50
-0.49052 1.22149 0.24558 184 61 50
-0.49154 1.23041 0.21572 184 61 50
-0.49226 1.24527 0.19060 184 61 50
-0.49459 1.25579 0.15966 184 61 50
-0.49168 1.26355 0.12846 184 61 50
-0.49543 1.27095 0.09403 184 61 50
-0.49313 1.27576 0.06564 184 61 50
-0.49026 1.27995 0.03122 184 61 50
-0.49047 1.28154 0.00178 184 61 50
-0.49451 1.28083 -0.03503 184 61 50
-0.49087 1.28003 -0.06544 184 61 50
-0.49508 1.27452 -0.09825 184 61 50
-0.49279 1.26733 -0.12664 184 61 50
-0.49254 1.25483 -0.15732 184 61 50
-0.49555 1.24664 -0.18954 184 61 50
-0.49368 1.23406 -0.21997 184 61 50
-0.49029 1.21907 -0.24376 184 61 50
-0.49360 1.20381 -0.26894 184 61 50
-0.49472 1.18463 -0.29360 155 185 186
-0.49091 1.16634 -0.31583 155 185 186
-0.49442 1.14257 -0.33763 155 185 186
-0.49411 1.12125 -0.36064 155 185 186
-0.49409 1.09939 -0.37591 155 185 186
-0.49380 1.07985 -0.39134 155 185 186
-0.49061 1.05274 -0.40468 155 185 186
-0.49381 1.02480 -0.41224 155 185 186
-0.49020 0.99866 -0.42241 155 185 186
-0.49472 0.97454 -0.42856 184 61 50
-0.49254 0.94517 -0.43397 184 61 50
-0.49006 0.91710 -0.43301 184 61 50
-0.47646 0.91982 0.43640 184 61 50
-0.47282 0.94685 0.43661 184 61 50
-0.47375 0.97486 0.43140 184 61 50
-0.47228 1.00356 0.42342 155 185 186
-0.47543 1.02884 0.41408 155 185 186
-0.47265 1.05324 0.40292 155 185 186
-0.47545 1.08113 0.38976 155 185 186
-0.47567 1.10093 0.37420 155 185 186
-0.47103 1.12402 0.35864 155 185 186
-0.47183 1.14481 0.33825 155 185 186
-0.47631 1.16833 0.31693 155 185 186
-0.47193 1.18928 0.29649 155 185 186
-0.47297 1.20458 0.26973 184 61 50
-0.47394 1.22092 0.24427 184 61 50
-0.47247 1.23887 0.21513 184 61 50
-0.47318 1.24815 0.19163 184 61 50
-0.47339 1.26178 0.15639 184 61 50
-0.47242 1.26695 0.13092 184 61 50
-0.47370 1.27463 0.09870 184 61 50
-0.47099 1.28025 0.06446 184 61 50
-0.47425 1.28231 0.03021 184 61 50
-0.47650 1.28440 0.00282 184 61 50
-0.47439 1.28395 -0.03294 184 61 50
-0.47331 1.28155 -0.06394 184 61 50
-0.47098 1.27584 -0.09697 184 61 50
-0.47220 1.27003 -0.12865 184 61 50
-0.47675 1.25870 -0.15765 184 61 50
-0.47657 1.25067 -0.18973 184 61 50
-0.47621 1.23673 -0.21643 184 61 50
-0.47447 1.22230 -0.24348 184 61 50
-0.47610 1.20361 -0.27211 184 61 50
-0.47486 1.18919 -0.29805 155 185 186
-0.47561 1.16584 -0.32120 155 185 186
-0.47243 1.14475 -0.33921 155 185 186
-0.47427 1.12359 -0.36245 155 185 186
-0.47626 1.10523 -0.37480 155 185 186
-0.47188 1.08046 -0.39373 155 185 186
-0.47180 1.05270 -0.40731 155 185 186
-0.47318 1.02928 -0.41788 155 185 186
-0.47230 1.00214 -0.42235 155 185 186
-0.47286 0.97642 -0.43048 184 61 50
-0.47236 0.94692 -0.43133 184 61 50
-0.47246 0.91871 -0.43331 184 61 50
-0.45570 0.92159 0.43415 184 61 50
-0.45294 0.95026 0.43509 184 61 50
-0.45782 0.97469 0.43180 184 61 50
-0.45246 1.00265 0.42356 155 185 186
-0.45533 1.02615 0.41927 155 185 186
-0.45465 1.05711 0.40867 155 185 186
-0.45681 1.07800 0.39261 155 185 186
-0.45540 1.10523 0.37666 155 185 186
-0.45616 1.12629 0.36220 155 185 186
-0.45232 1.14828 0.34396 155 185 186
-0.45287 1.16873 0.31933 155 185 186
-0.45259 1.19017 0.29464 155 185 186
-0.45447 1.20652 0.27007 184 61 50
-0.45585 1.22325 0.24905 184 61 50
-0.45378 1.24100 0.22019 184 61 50
-0.45776 1.25294 0.19210 184 61 50
-0.45609 1.26049 0.15821 184 61 50
-0.45272 1.27065 0.13116 184 61 50
-0.45579 1.28095 0.09724 184 61 50
-0.45462 1.28413 0.06281 184 61 50
-0.45261 1.28904 0.03382 184 61 50
-0.45679 1.28772 0.00145 184 61 50
-0.45797 1.28590 -0.03466 184 61 50
-0.45523 1.28450 -0.06374 184 61 50
-0.45270 1.27747 -0.09474 184 61 50
-0.45326 1.26997 -0.12775 184 61 50
-0.45354 1.26262 -0.15719 184 61 50
-0.45456 1.25017 -0.18708 184 61 50
-0.45459 1.23583 -0.21884 184 61 50
-0.45586 1.22489 -0.24665 184 61 50
-0.45240 1.20476 -0.27402 184 61 50
-0.45518 1.18792 -0.29970 155 185 186
-0.45558 1.17043 -0.32269 155 185 186
-0.45398 1.14988 -0.34105 155 185 186
-0.45677 1.12736 -0.36246 155 185 186
-0.45400 1.10669 -0.37603 155 185 186
-0.45681 1.08241 -0.39243 155 185 186
-0.45412 1.05222 -0.40434 155 185 186
-0.45595 1.02655 -0.41908 155 185 186
-0.45723 1.00309 -0.42842 155 185 186
-0.45702 0.97551 -0.42924 184 61 50
-0.45327 0.94523 -0.43838 184 61 50
-0.45220 0.92034 -0.43725 184 61 50
-0.43860 0.92268 0.43647 184 61 50
-0.43474 0.94955 0.43931 184 61 50
-0.43382 0.97585 0.43447 184 61 50
-0.43895 0.99975 0.42679 155 185 186
-0.43778 1.02830 0.41930 155 185 186
-0.43758 1.05503 0.41030 155 185 186
-0.43841 1.08034 0.39497 155 185 186
-0.43818 1.10783 0.37694 155 185 186
-0.43879 1.12885 0.36072 155 185 186
-0.43658 1.15394 0.34196 155 185 186
-0.43703 1.17442 0.32061 155 185 186
-0.43480 1.19435 0.30136 155 185 186
-0.43468 1.21288 0.27399 184 61 50
-0.43575 1.22424 0.24691 184 61 50
-0.43418 1.24083 0.21647 184 61 50
-0.43429 1.25416 0.19001 184 61 50
-0.43823 1.26414 0.15911 184 61 50
-0.43475 1.27238 0.13065 184 61 50
-0.43818 1.28198 0.09649 184 61 50
-0.43344 1.28652 0.06513 184 61 50
-0.43766 1.29249 0.03020 184 61 50
-0.43542 1.29041 0.00172 184 61 50
-0.43541 1.28943 -0.03033 184 61 50
-0.43490 1.28530 -0.06325 184 61 50
-0.43442 1.28106 -0.10039 184 61 50
-0.43752 1.27631 -0.12838 184 61 50
-0.43464 1.26762 -0.16289 184 61 50
-0.43903 1.25636 -0.19204 184 61 50
-0.43705 1.24150 -0.22123 184 61 50
-0.43552 1.22736 -0.24950 184 61 50
-0.43754 1.20968 -0.27631 184 61 50
-0.43672 1.18998 -0.29996 155 185 186
-0.43530 1.17334 -0.32211 155 185 186
-0.43457 1.14869 -0.34327 155 185 186
-0.43728 1.12736 -0.36318 155 185 186
-0.43346 1.10250 -0.38052 155 185 186
-0.43826 1.08352 -0.39535 155 185 186
-0.43756 1.05296 -0.40761 155 185 186
-0.43323 1.02712 -0.42197 155 185 186
-0.43843 1.00301 -0.42495 155 185 186
-0.43863 0.97599 -0.43217 184 61 50
-0.43335 0.94512 -0.43713 184 61 50
-0.43788 0.92234 -0.44025 184 61 50
-0.41796 0.92102 0.43858 184 61 50
-0.41638 0.94884 0.44092 184 61 50
-0.41523 0.97276 0.43757 184 61 50
-0.41493 1.00232 0.42750 155 185 186
-0.41618 1.02868 0.41885 155 185 186
-0.41649 1.05375 0.41115 155 185 186
-0.41667 1.07973 0.39931 155 185 186
-0.41769 1.10832 0.38274 155 185 186
-0.41666 1.13184 0.36343 155 185 186
-0.41879 1.15250 0.34301 155 185 186
-0.41998 1.17131 0.32066 155 185 186
-0.41743 1.19659 0.29931 155 185 186
-0.41727 1.21320 0.27380 184 61 50
-0.41797 1.22995 0.24561 184 61 50
-0.41830 1.24535 0.22067 184 61 50
-0.42000 1.25933 0.18855 184 61 50
-0.41816 1.26646 0.16255 184 61 50
-0.41969 1.27844 0.12802 184 61 50
-0.41456 1.28189 0.10073 184 61 50
-0.41446 1.28822 0.06417 184 61 50
-0.41762 1.29050 0.03375 184 61 50
-0.41764 1.29083 0.00223 184 61 50
-0.41648 1.29137 -0.03064 184 61 50
-0.41672 1.29002 -0.06595 184 61 50
-0.41512 1.28659 -0.09885 184 61 50
-0.41670 1.27768 -0.12718 184 61 50
-0.41462 1.26997 -0.16131 184 61 50
-0.41524 1.25435 -0.19120 184 61 50
-0.41541 1.24086 -0.22196 184 61 50
-0.41820 1.23057 -0.25053 184 61 50
-0.41557 1.21207 -0.27725 184 61 50
-0.41694 1.19357 -0.29685 155 185 186
-0.41582 1.17581 -0.32505 155 185 186
-0.41540 1.15154 -0.34175 155 185 186
-0.41629 1.13188 -0.36229 155 185 186
-0.41909 1.10474 -0.38171 155 185 186
-0.41862 1.08497 -0.39463 155 185 186
-0.41698 1.05867 -0.40804 155 185 186
-0.41556 1.02815 -0.42000 155 185 186
-0.41552 1.00380 -0.42885 155 185 186
-0.41455 0.97869 -0.43653 184 61 50
-0.41475 0.94979 -0.43856 184 61 50
-0.41453 0.91803 -0.43938 184 61 50
-0.39996 0.92180 0.44360 184 61 50
-0.39662 0.95100 0.43972 184 61 50
-0.39660 0.97765 0.43415 184 61 50
-0.39966 1.00216 0.43289 155 185 186
-0.39568 1.02933 0.42002 155 185 186
-0.39715 1.05833 0.41346 155 185 186
-0.39766 1.08602 0.39677 155 185 186
-0.39673 1.11016 0.38437 155 185 186
-0.39707 1.13418 0.36534 155 185 186
-0.39777 1.15596 0.34837 155 185 186
-0.39750 1.17591 0.32544 155 185 186
-0.39795 1.19806 0.29882 155 185 186
-0.40154 1.21213 0.27403 184 61 50
-0.39866 1.23367 0.25142 184 61 50
-0.39754 1.24658 0.21954 184 61 50
-0.40028 1.26020 0.19021 184 61 50
-0.39940 1.26812 0.16355 184 61 50
-0.40093 1.28028 0.13222 184 61 50
-0.39650 1.28445 0.09950 184 61 50
-0.39883 1.29314 0.06722 184 61 50
-0.39873 1.29574 0.03112 184 61 50
-0.39682 1.29685 -0.00197 184 61 50
-0.40087 1.29617 -0.03268 184 61 50
-0.40014 1.29096 -0.06342 184 61 50
-0.40035 1.28496 -0.10095 184 61 50
-0.39711 1.27704 -0.13151 184 61 50
-0.39740 1.26990 -0.16213 184 61 50
-0.40069 1.26170 -0.19185 184 61 50
-0.40093 1.24792 -0.21905 184 61 50
-0.39966 1.23257 -0.24989 184 61 50
-0.39581 1.21471 -0.27306 184 61 50
-0.39641 1.19886 -0.29814 155 185 186
-0.40023 1.17892 -0.32328 155 185 186
-0.40099 1.15584 -0.34537 155 185 186
-0.39756 1.13405 -0.36776 155 185 186
-0.39944 1.11007 -0.38549 155 185 186
-0.40046 1.08042 -0.39746 155 185 186
-0.39710 1.05760 -0.41067 155 185 186
-0.39876 1.02940 -0.42069 155 185 186
-0.39591 1.00089 -0.43334 155 185 186
-0.39772 0.97728 -0.43419 184 61 50
-0.39732 0.94787 -0.43855 184 61 50
-0.39725 0.92202 -0.44136 184 61 50
-0.38210 0.91988 0.44547 184 61 50
-0.37686 0.94958 0.44228 184 61 50
-0.37852 0.97825 0.43581 184 61 50
-0.37891 1.00435 0.43017 155 185 186
-0.38175 1.03342 0.42307 155 185 186
-0.38038 1.05691 0.41305 155 185 186
-0.38248 1.08666 0.39785 155 185 186
-0.37823 1.11127 0.38355 155 185 186
-0.37840 1.13251 0.36818 155 185 186
-0.38149 1.15700 0.34365 155 185 186
-0.37831 1.17903 0.32304 155 185 186
-0.37886 1.20020 0.30292 155 185 186
-0.37694 1.21915 0.27620 184 61 50
-0.37928 1.23029 0.25147 184 61 50
-0.38008 1.24623 0.22300 184 61 50
-0.38238 1.26202 0.19298 184 61 50
-0.37828 1.27080 0.16216 184 61 50
-0.38005 1.28082 0.13261 184 61 50
-0.38148 1.29056 0.09644 184 61 50
-0.38116 1.29380 0.06643 184 61 50
-0.37990 1.29960 0.03504 184 61 50
-0.37752 1.29986 0.00208 184 61 50
-0.38251 1.29800 -0.03126 184 61 50
-0.37817 1.29391 -0.06592 184 61 50
-0.37754 1.28869 -0.09638 184 61 50
-0.37919 1.28370 -0.13314 184 61 50
-0.38121 1.27368 -0.16276 184 61 50
-0.38089 1.26343 -0.19430 184 61 50
-0.38008 1.24571 -0.22174 184 61 50
-0.37683 1.23351 -0.24837 184 61 50
-0.37854 1.21435 -0.27365 184 61 50
-0.38134 1.19558 -0.30429 155 185 186
-0.37741 1.17542 -0.32564 155 185 186
-0.38107 1.15535 -0.34857 155 185 186
-0.37842 1.13209 -0.36346 155 185 186
-0.38226 1.10722 -0.38415 155 185 186
-0.38155 1.08535 -0.40011 155 185 186
-0.38215 1.06026 -0.41475 155 185 186
-0.37684 1.03307 -0.42667 155 185 186
-0.37940 1.00459 -0.43326 155 185 186
-0.37885 0.97669 -0.43712 184 61 50
-0.38075 0.94659 -0.44129 184 61 50
-0.38216 0.91747 -0.44561 184 61 50
-0.35913 0.91949 0.44568 184 61 50
-0.36050 0.94736 0.44520 184 61 50
-0.36219 0.97760 0.44006 184 61 50
-0.36364 1.00328 0.43411 155 185 186
-0.35823 1.03268 0.42711 155 185 186
-0.35821 1.06209 0.41136 155 185 186
-0.36275 1.08333 0.39885 155 185 186
-0.36120 1.11197 0.38543 155 185 186
-0.36367 1.13219 0.36504 155 185 186
-0.35894 1.15564 0.34828 155 185 186
-0.35806 1.17784 0.32779 155 185 186
-0.36023 1.19915 0.30268 155 185 186
-0.36269 1.21541 0.27544 184 61 50
-0.36080 1.23226 0.25067 184 61 50
-0.36166 1.24833 0.22248 184 61 50
-0.36158 1.26090 0.19498 184 61 50
-0.36286 1.27319 0.16202 184 61 50
-0.36013 1.28536 0.12841 184 61 50
-0.36174 1.29148 0.09869 184 61 50
-0.35859 1.29949 0.06586 184 61 50
-0.36315 1.30092 0.03128 184 61 50
-0.35838 1.30381 0.00136 184 61 50
-0.35866 1.29915 -0.03375 184 61 50
-0.35817 1.29667 -0.06864 184 61 50
-0.35909 1.29178 -0.09979 184 61 50
-0.35826 1.28734 -0.13411 184 61 50
-0.35875 1.27417 -0.16239 184 61 50
-0.36091 1.26222 -0.19008 184 61 50
-0.35807 1.24820 -0.22125 184 61 50
-0.36084 1.23510 -0.25282 184 61 50
-0.36012 1.21634 -0.27677 184 61 50
-0.36031 1.20152 -0.30384 155 185 186
-0.36274 1.18128 -0.32487 155 185 186
-0.35798 1.15530 -0.34865 155 185 186
-0.36067 1.13242 -0.36815 155 185 186
-0.36121 1.11025 -0.38554 155 185 186
-0.35858 1.08645 -0.39990 155 185 186
-0.36170 1.06000 -0.41434 155 185 186
-0.35819 1.03439 -0.42423 155 185 186
-0.36329 1.00224 -0.43334 155 185 186
-0.35955 0.97923 -0.44172 184 61 50
-0.36280 0.95101 -0.44335 184 61 50
-0.36057 0.91971 -0.44282 184 61 50
-0.34489 0.92100 0.44397 184 61 50
-0.34306 0.95066 0.44770 184 61 50
-0.34372 0.97508 0.43974 184 61 50
-0.33935 1.00376 0.43809 155 185 186
-0.34201 1.03591 0.42873 155 185 186
-0.34318 1.05761 0.41584 155 185 186
-0.34463 1.08723 0.40491 155 185 186
-0.34149 1.11236 0.38895 155 185 186
-0.34034 1.13854 0.36900 155 185 186
-0.34175 1.16083 0.34724 155 185 186
-0.34249 1.17974 0.33011 155 185 186
-0.34504 1.19902 0.30479 155 185 186
-0.34453 1.22044 0.27641 184 61 50
-0.33985 1.23946 0.25002 184 61 50
-0.34340 1.25365 0.22191 184 61 50
-0.34315 1.26699 0.19524 184 61 50
-0.34247 1.27915 0.16207 184 61 50
-0.33925 1.28775 0.12920 184 61 50
-0.33996 1.29526 0.09639 184 61 50
-0.34413 1.30025 0.06750 184 61 50
-0.34361 1.30148 0.03159 184 61 50
-0.34083 1.30625 0.00123 184 61 50
-0.34259 1.30146 -0.03542 184 61 50
-0.34039 1.30121 -0.06421 184 61 50
-0.34029 1.29195 -0.10014 184 61 50
-0.34113 1.28715 -0.12870 184 61 50
-0.34003 1.27821 -0.16248 184 61 50
-0.34159 1.26863 -0.19451 184 61 50
-0.34232 1.25032 -0.22251 184 61 50
-0.34504 1.23573 -0.24857 184 61 50
-0.34484 1.21816 -0.27881 184 61 50
-0.33983 1.19964 -0.30184 155 185 186
-0.34054 1.18226 -0.32877 155 185 186
-0.34054 1.16191 -0.34660 155 185 186
-0.34415 1.13537 -0.36867 155 185 186
-0.34504 1.10982 -0.38454 155 185 186
-0.34362 1.08909 -0.40183 155 185 186
-0.34366 1.05994 -0.41334 155 185 186
-0.34149 1.03112 -0.42581 155 185 186
-0.34043 1.00545 -0.43791 155 185 186
-0.34397 0.97872 -0.43985 184 61 50
-0.33952 0.94819 -0.44468 184 61 50
-0.33969 0.92289 -0.44653 184 61 50
-0.32530 0.92064 0.44909 184 61 50
-0.32590 0.94775 0.44446 184 61 50
-0.32267 0.98011 0.44461 184 61 50
-0.32419 1.00359 0.43672 155 185 186
-0.32401 1.03647 0.42628 155 185 186
-0.32102 1.05819 0.41618 155 185 186
-0.32163 1.08736 0.40263 155 185 186
-0.32346 1.11534 0.38811 155 185 186
-0.32499 1.13985 0.37202 155 185 186
-0.32461 1.15869 0.35096 155 185 186
-0.32345 1.18475 0.32879 155 185 186
-0.32448 1.20141 0.30302 155 185 186
-0.32194 1.22090 0.28002 184 61 50
-0.32332 1.23621 0.25204 184 61 50
-0.32451 1.25239 0.22647 184 61 50
-0.32339 1.27036 0.19400 184 61 50
-0.32511 1.27938 0.16442 184 61 50
-0.32577 1.29014 0.13055 184 61 50
-0.32134 1.29850 0.10089 184 61 50
-0.32531 1.30040 0.06438 184 61 50
-0.32359 1.30628 0.03421 184 61 50
-0.32329 1.30457 -0.00285 184 61 50
-0.32444 1.30676 -0.03277 184 61 50
-0.32199 1.30184 -0.06783 184 61 50
-0.32358 1.29573 -0.09782 184 61 50
-0.32359 1.28985 -0.13264 184 61 50
-0.32219 1.27966 -0.16647 184 61 50
-0.32467 1.26865 -0.19215 184 61 50
-0.32497 1.25688 -0.22526 184 61 50
-0.32572 1.23718 -0.25534 184 61 50
-0.32090 1.22199 -0.28161 184 61 50
-0.32600 1.20512 -0.30219 155 185 186
-0.32585 1.18403 -0.32949 155 185 186
-0.32604 1.16032 -0.35258 155 185 186
-0.32298 1.13650 -0.36846 155 185 186
-0.32314 1.11362 -0.39012 155 185 186
-0.32531 1.08675 -0.40411 155 185 186
-0.32535 1.06239 -0.41607 155 185 186
-0.32122 1.03163 -0.42859 155 185 186
-0.32394 1.00348 -0.43929 155 185 186
-0.32426 0.97822 -0.44430 184 61 50
-0.32519 0.94791 -0.44667 184 61 50
-0.32119 0.91737 -0.44821 184 61 50
-0.30547 0.91994 0.45183 184 61 50
-0.30561 0.95022 0.44828 184 61 50
-0.30639 0.97556 0.44219 184 61 50
-0.30704 1.00742 0.44012 155 185 186
-0.30369 1.03449 0.42784 155 185 186
-0.30661 1.06252 0.42143 155 185 186
-0.30283 1.08963 0.40371 155 185 186
-0.30533 1.11482 0.39147 155 185 186
-0.30417 1.14066 0.37281 155 185 186
-0.30723 1.16169 0.35161 155 185 186
-0.30620 1.18309 0.33032 155 185 186
-0.30702 1.20256 0.30704 155 185 186
-0.30406 1.22514 0.28106 184 61 50
-0.30476 1.24201 0.25460 184 61 50
-0.30604 1.25446 0.22766 184 61 50
-0.30358 1.27204 0.19712 184 61 50
-0.30506 1.28276 0.16490 184 61 50
-0.30447 1.29319 0.13018 184 61 50
-0.30277 1.29740 0.09861 184 61 50
-0.30528 1.30320 0.06866 184 61 50
-0.30238 1.30483 0.03149 184 61 50
-0.30319 1.31018 0.00207 184 61 50
-0.30474 1.30417 -0.03259 184 61 50
-0.30431 1.30188 -0.06702 184 61 50
-0.30484 1.30064 -0.10264 184 61 50
-0.30710 1.29102 -0.13351 184 61 50
-0.30233 1.27818 -0.16633 184 61 50
-0.30209 1.26928 -0.19377 184 61 50
-0.30205 1.25604 -0.22525 184 61 50
-0.30553 1.24089 -0.25244 184 61 50
-0.30327 1.22560 -0.28203 184 61 50
-0.30468 1.20151 -0.30327 155 185 186
-0.30471 1.18519 -0.32827 155 185 186
-0.30300 1.16420 -0.35046 155 185 186
-0.30294 1.13821 -0.37444 155 185 186
-0.30434 1.11328 -0.39082 155 185 186
-0.30212 1.08937 -0.40571 155 185 186
-0.30724 1.06284 -0.41995 155 185 186
-0.30397 1.03323 -0.42806 155 185 186
-0.30721 1.00771 -0.44009 155 185 186
-0.30470 0.97895 -0.44348 184 61 50
-0.30350 0.94657 -0.44562 184 61 50
-0.30682 0.91840 -0.44951 184 61 50
-0.28622 0.91723 0.44874 184 61 50
-0.28489 0.94945 0.45135 184 61 50
-0.28606 0.97593 0.44735 184 61 50
-0.28276 1.00923 0.43792 155 185 186
-0.28634 1.03349 0.43036 155 185 186
-0.28525 1.06199 0.41730 155 185 186
-0.28595 1.09028 0.40525 155 185 186
-0.28398 1.11489 0.39267 155 185 186
-0.28572 1.14034 0.37449 155 185 186
-0.28548 1.16192 0.35140 155 185 186
-0.28670 1.18523 0.33177 155 185 186
-0.28275 1.20561 0.30659 155 185 186
-0.28508 1.22685 0.27997 184 61 50
-0.28282 1.23907 0.25274 184 61 50
-0.28433 1.25645 0.22264 184 61 50
-0.28378 1.26972 0.19822 184 61 50
-0.28324 1.28315 0.16634 184 61 50
-0.28536 1.29350 0.13276 184 61 50
-0.28734 1.30229 0.10101 184 61 50
-0.28371 1.30380 0.06547 184 61 50
-0.28747 1.30973 0.03442 184 61 50
-0.28342 1.30691 0.00071 184 61 50
-0.28577 1.30763 -0.03308 184 61 50
-0.28646 1.30524 -0.06962 184 61 50
-0.28612 1.30277 -0.10232 184 61 50
-0.28798 1.29519 -0.13125 184 61 50
-0.28423 1.28182 -0.16453 184 61 50
-0.28376 1.27379 -0.19837 184 61 50
-0.28522 1.25775 -0.22372 184 61 50
-0.28623 1.24409 -0.25314 184 61 50
-0.28517 1.22476 -0.28020 184 61 50
-0.28477 1.20433 -0.30710 155 185 186
-0.28330 1.18497 -0.32797 155 185 186
-0.28832 1.16200 -0.35437 155 185 186
-0.28825 1.14107 -0.37496 155 185 186
-0.28688 1.11269 -0.39293 155 185 186
-0.28629 1.08936 -0.40375 155 185 186
-0.28512 1.06385 -0.41898 155 185 186
-0.28777 1.03639 -0.42889 155 185 186
-0.28353 1.00456 -0.44146 155 185 186
-0.28460 0.98035 -0.44533 184 61 50
-0.28525 0.94611 -0.44887 184 61 50
-0.28631 0.91983 -0.45124 184 61 50
-0.26649 0.91882 0.45226 184 61 50
-0.26944 0.95114 0.45313 184 61 50
-0.26827 0.97607 0.44477 184 61 50
-0.26967 1.00855 0.44314 155 185 186
-0.26917 1.03290 0.43138 155 185 186
-0.26936 1.06460 0.42041 155 185 186
-0.26915 1.08887 0.40719 155 185 186
-0.26792 1.11836 0.39019 155 185 186
-0.26507 1.13771 0.37257 155 185 186
-0.26883 1.16192 0.35404 155 185 186
-0.26975 1.18738 0.33280 155 185 186
-0.26852 1.20796 0.31053 155 185 186
-0.26738 1.22839 0.28257 184 61 50
-0.26500 1.24246 0.25602 184 61 50
-0.26746 1.25727 0.22559 184 61 50
-0.26774 1.27284 0.19436 184 61 50
-0.26968 1.28339 0.16690 184 61 50
-0.26457 1.29571 0.13601 184 61 50
-0.26903 1.30288 0.10116 184 61 50
-0.26798 1.30974 0.06851 184 61 50
-0.26660 1.30898 0.03344 184 61 50
-0.26758 1.30860 0.00151 184 61 50
-0.26823 1.30769 -0.03129 184 61 50
-0.26819 1.30461 -0.06645 184 61 50
-0.26956 1.30274 -0.10220 184 61 50
-0.26732 1.29101 -0.13524 184 61 50
-0.26666 1.28199 -0.16724 184 61 50
-0.26434 1.27457 -0.19847 184 61 50
-0.26966 1.25625 -0.22753 184 61 50
-0.26637 1.24132 -0.25754 184 61 50
-0.26573 1.22354 -0.27936 184 61 50
-0.26600 1.20811 -0.30939 155 185 186
-0.26770 1.18486 -0.33029 155 185 186
-0.26682 1.16606 -0.35170 155 185 186
-0.26572 1.14145 -0.37203 155 185 186
-0.26910 1.11323 -0.39342 155 185 186
-0.26931 1.08863 -0.40550 155 185 186
-0.26447 1.06377 -0.42150 155 185 186
-0.26600 1.03514 -0.43199 155 185 186
-0.26878 1.00590 -0.44060 155 185 186
-0.26921 0.97627 -0.44856 184 61 50
-0.26532 0.95089 -0.44964 184 61 50
-0.26632 0.91839 -0.45482 184 61 50
-0.24555 0.92174 0.45470 184 61 50
-0.24781 0.95007 0.45461 184 61 50
-0.24531 0.97951 0.44670 184 61 50
-0.25046 1.00744 0.44223 155 185 186
-0.24962 1.03538 0.43497 155 185 186
-0.25092 1.06331 0.42375 155 185 186
-0.25014 1.08983 0.40677 155 185 186
-0.24707 1.11879 0.39368 155 185 186
-0.24733 1.14355 0.37321 155 185 186
-0.24655 1.16341 0.35617 155 185 186
-0.24531 1.18673 0.33083 155 185 186
-0.24546 1.21029 0.31126 155 185 186
-0.24967 1.22964 0.28133 184 61 50
-0.24893 1.24537 0.25401 184 61 50
-0.24822 1.25820 0.22974 184 61 50
-0.24674 1.27227 0.19764 184 61 50
-0.24901 1.28847 0.16707 184 61 50
-0.24755 1.29434 0.13140 184 61 50
-0.25041 1.30477 0.09880 184 61 50
-0.24585 1.31049 0.06519 184 61 50
-0.25067 1.31210 0.03197 184 61 50
-0.24619 1.31308 0.00277 184 61 50
-0.24673 1.30893 -0.03242 184 61 50
-0.24576 1.30778 -0.06744 184 61 50
-0.24866 1.30576 -0.10207 184 61 50
-0.24906 1.29257 -0.13324 184 61 50
-0.25062 1.28264 -0.16560 184 61 50
-0.24856 1.27269 -0.19503 184 61 50
-0.24755 1.26199 -0.22733 184 61 50
-0.24807 1.24580 -0.25409 184 61 50
-0.24759 1.22497 -0.28038 184 61 50
-0.24786 1.20725 -0.30762 155 185 186
-0.24644 1.18876 -0.33207 155 185 186
-0.24718 1.16654 -0.35574 155 185 186
-0.24866 1.13984 -0.37819 155 185 186
-0.24619 1.11391 -0.39449 155 185 186
-0.25104 1.08983 -0.40738 155 185 186
-0.24596 1.06332 -0.42107 155 185 186
-0.24611 1.03587 -0.43701 155 185 186
-0.24960 1.00550 -0.44007 155 185 186
-0.24795 0.98113 -0.44890 184 61 50
-0.24817 0.94853 -0.45229 184 61 50
-0.24525 0.92040 -0.45715 184 61 50
-0.22655 0.91782 0.45523 184 61 50
-0.23017 0.94738 0.45634 184 61 50
-0.22879 0.97683 0.45252 184 61 50
-0.22753 1.00917 0.44281 155 185 186
-0.22795 1.03893 0.43301 155 185 186
-0.23082 1.06342 0.42271 155 185 186
-0.23206 1.08945 0.41283 155 185 186
-0.22978 1.11586 0.39764 155 185 186
-0.23029 1.14300 0.37412 155 185 186
-0.22692 1.16616 0.35739 155 185 186
-0.22870 1.18753 0.33539 155 185 186
-0.22761 1.21005 0.31183 155 185 186
-0.22791 1.22673 0.28212 184 61 50
-0.22932 1.24375 0.25417 184 61 50
-0.22824 1.26221 0.22810 184 61 50
-0.22884 1.27784 0.19535 184 61 50
-0.22642 1.28600 0.16375 184 61 50
-0.22876 1.29699 0.13408 184 61 50
-0.22650 1.30191 0.09908 184 61 50
-0.22918 1.30765 0.06934 184 61 50
-0.23202 1.31133 0.03241 184 61 50
-0.23086 1.31122 0.00090 184 61 50
-0.22699 1.31486 -0.03450 184 61 50
-0.22675 1.31169 -0.06853 184 61 50
-0.22992 1.30452 -0.09869 184 61 50
-0.22921 1.29435 -0.13263 184 61 50
-0.22735 1.28881 -0.16598 184 61 50
-0.22875 1.27555 -0.19600 184 61 50
-0.22997 1.26240 -0.22763 184 61 50
-0.23062 1.24304 -0.25581 184 61 50
-0.23108 1.22580 -0.28682 184 61 50
-0.23222 1.20993 -0.30930 155 185 186
-0.22930 1.18765 -0.33701 155 185 186
-0.23045 1.16287 -0.35414 155 185 186
-0.23024 1.14407 -0.37837 155 185 186
-0.22704 1.11835 -0.39530 155 185 186
-0.23019 1.09075 -0.41322 155 185 186
-0.22811 1.06475 -0.42246 155 185 186
-0.23137 1.03506 -0.43772 155 185 186
-0.22687 1.00715 -0.44664 155 185 186
-0.22898 0.97707 -0.45176 184 61 50
-0.22867 0.94941 -0.45506 184 61 50
-0.22846 0.91958 -0.45333 184 61 50
-0.20759 0.91900 0.45825 184 61 50
-0.21137 0.94942 0.45871 184 61 50
-0.21174 0.98068 0.45413 184 61 50
-0.21232 1.00932 0.44897 155 185 186
-0.20980 1.03849 0.43938 155 185 186
-0.21284 1.06359 0.42489 155 185 186
-0.21063 1.09402 0.41261 155 185 186
-0.20907 1.12055 0.39330 155 185 186
-0.20937 1.14511 0.37512 155 185 186
-0.21012 1.16942 0.35897 155 185 186
-0.21342 1.18683 0.33346 155 185 186
-0.20965 1.20906 0.31402 155 185 186
-0.21023 1.22754 0.28405 184 61 50
-0.20786 1.24778 0.25634 184 61 50
-0.20831 1.26241 0.23083 184 61 50
-0.21059 1.27451 0.19891 184 61 50
-0.21124 1.28657 0.16821 184 61 50
-0.20845 1.29915 0.13282 184 61 50
-0.21108 1.30530 0.10140 184 61 50
-0.20983 1.30931 0.07102 184 61 50
-0.20798 1.31243 0.03335 184 61 50
-0.20764 1.31623 0.00070 184 61 50
-0.21339 1.31128 -0.03660 184 61 50
-0.21048 1.31027 -0.06598 184 61 50
-0.21065 1.30439 -0.10415 184 61 50
-0.20942 1.29558 -0.13553 184 61 50
-0.21331 1.28743 -0.16551 184 61 50
-0.20772 1.27534 -0.19669 184 61 50
-0.21212 1.26034 -0.22956 184 61 50
-0.21196 1.24641 -0.25762 184 61 50
-0.20788 1.22833 -0.28572 184 61 50
-0.21278 1.20945 -0.30903 155 185 186
-0.20813 1.19059 -0.33728 155 185 186
-0.21266 1.16654 -0.35824 155 185 186
-0.20789 1.14041 -0.38009 155 185 186
-0.21211 1.11545 -0.39536 155 185 186
-0.20952 1.08968 -0.40936 155 185 186
-0.20840 1.06334 -0.42755 155 185 186
-0.20869 1.03628 -0.43953 155 185 186
-0.21162 1.00621 -0.44561 155 185 186
-0.21071 0.98040 -0.45497 184 61 50
-0.20881 0.94791 -0.45582 184 61 50
-0.21320 0.91737 -0.45938 184 61 50
-0.19128 0.91940 0.45891 184 61 50
-0.19140 0.95050 0.45535 184 61 50
-0.18991 0.97949 0.45403 184 61 50
-0.19218 1.00944 0.44795 155 185 186
-0.19085 1.03751 0.43901 155 185 186
-0.19247 1.06472 0.42539 155 185 186
-0.19099 1.09450 0.41636 155 185 186
-0.19073 1.11884 0.39503 155 185 186
-0.19066 1.14450 0.37968 155 185 186
-0.18996 1.16931 0.36126 155 185 186
-0.19438 1.19209 0.33471 155 185 186
-0.19077 1.21255 0.31110 155 185 186
-0.19362 1.23194 0.28544 184 61 50
-0.19117 1.24493 0.25629 184 61 50
-0.19453 1.26411 0.23205 184 61 50
-0.18975 1.27854 0.19979 184 61 50
-0.19029 1.28848 0.16966 184 61 50
-0.19291 1.30074 0.13611 184 61 50
-0.19218 1.30686 0.10190 184 61 50
-0.18948 1.31198 0.07036 184 61 50
-0.19190 1.31540 0.03688 184 61 50
-0.19271 1.31390 0.00047 184 61 50
-0.19038 1.31271 -0.03505 184 61 50
-0.18982 1.31333 -0.06563 184 61 50
-0.19247 1.30930 -0.10332 184 61 50
-0.19206 1.30113 -0.13424 184 61 50
-0.19177 1.28887 -0.16865 184 61 50
-0.19256 1.27444 -0.19893 184 61 50
-0.19210 1.26590 -0.23250 184 61 50
-0.19184 1.24641 -0.25969 184 61 50
-0.19080 1.23123 -0.28713 184 61 50
-0.19137 1.21283 -0.31042 155 185 186
-0.19132 1.18693 -0.33586 155 185 186
-0.19189 1.16681 -0.35944 155 185 186
-0.19128 1.14331 -0.38109 155 185 186
-0.18997 1.11602 -0.39589 155 185 186
-0.19262 1.09017 -0.41270 155 185 186
-0.19463 1.06439 -0.42983 155 185 186
-0.18887 1.03434 -0.43946 155 185 186
-0.19429 1.00604 -0.44996 155 185 186
-0.19112 0.98054 -0.45489 184 61 50
-0.18892 0.95024 -0.45974 184 61 50
-0.19086 0.92049 -0.46142 184 61 50
-0.17205 0.91970 0.46157 184 61 50
-0.17145 0.94928 0.46005 184 61 50
-0.17310 0.98022 0.45568 184 61 50
-0.17011 1.01058 0.45153 155 185 186
-0.17048 1.03928 0.43781 155 185 186
-0.16995 1.06672 0.42896 155 185 186
-0.17431 1.09486 0.41315 155 185 186
-0.17428 1.12143 0.39771 155 185 186
-0.17207 1.14322 0.37811 155 185 186
-0.17375 1.17058 0.36224 155 185 186
-0.17380 1.19044 0.33601 155 185 186
-0.17004 1.20898 0.31547 155 185 186
-0.17250 1.23020 0.28627 184 61 50
-0.17322 1.24889 0.25711 184 61 50
-0.17043 1.26706 0.23063 184 61 50
-0.17251 1.27696 0.20078 184 61 50
-0.17475 1.29151 0.16914 184 61 50
-0.17536 1.29992 0.13787 184 61 50
-0.17233 1.30712 0.10242 184 61 50
-0.17374 1.31277 0.07112 184 61 50
-0.17004 1.31899 0.03416 184 61 50
-0.17124 1.31880 -0.00133 184 61 50
-0.17540 1.31485 -0.03686 184 61 50
-0.17523 1.31014 -0.07133 184 61 50
-0.17092 1.30712 -0.10232 184 61 50
-0.17047 1.29924 -0.13786 184 61 50
-0.16998 1.29000 -0.16892 184 61 50
-0.17343 1.27693 -0.20277 184 61 50
-0.17056 1.26126 -0.23217 184 61 50
-0.17083 1.25042 -0.26238 184 61 50
-0.17569 1.23154 -0.28805 184 61 50
-0.17049 1.21005 -0.31103 155 185 186
-0.17203 1.18792 -0.33750 155 185 186
-0.17110 1.16894 -0.35856 155 185 186
-0.17227 1.14157 -0.37937 155 185 186
-0.17406 1.12149 -0.39692 155 185 186
-0.17384 1.09121 -0.41599 155 185 186
-0.17286 1.06788 -0.42897 155 185 186
-0.17270 1.03527 -0.43993 155 185 186
-0.17424 1.00742 -0.44952 155 185 186
-0.17154 0.98136 -0.45298 184 61 50
-0.17156 0.94901 -0.45882 184 61 50
-0.17432 0.92104 -0.45895 184 61 50
-0.15686 0.92220 0.46008 184 61 50
-0.15659 0.94844 0.46178 184 61 50
-0.15383 0.98000 0.45644 184 61 50
-0.15533 1.01057 0.45002 155 185 186
-0.15190 1.03802 0.44069 155 185 186
-0.15351 1.06831 0.42975 155 185 186
-0.15397 1.09367 0.41862 155 185 186
-0.15144 1.11776 0.40048 155 185 186
-0.15496 1.14597 0.38099 155 185 186
-0.15699 1.17090 0.36322 155 185 186
-0.15349 1.18862 0.33980 155 185 186
-0.15456 1.20896 0.31299 155 185 186
-0.15398 1.23420 0.28569 184 61 50
-0.15320 1.24938 0.25827 184 61 50
-0.15186 1.26774 0.23200 184 61 50
-0.15571 1.27829 0.19992 184 61 50
-0.15293 1.29341 0.17077 184 61 50
-0.15325 1.30012 0.13530 184 61 50
-0.15635 1.30965 0.10334 184 61 50
-0.15201 1.31333 0.07119 184 61 50
-0.15559 1.31950 0.03356 184 61 50
-0.15356 1.31676 0.00019 184 61 50
-0.15574 1.31641 -0.03653 184 61 50
-0.15256 1.31473 -0.07073 184 61 50
-0.15633 1.30733 -0.10353 184 61 50
-0.15426 1.30231 -0.13590 184 61 50
-0.15528 1.29232 -0.16935 184 61 50
-0.15252 1.27989 -0.20116 184 61 50
-0.15606 1.26555 -0.23146 184 61 50
-0.15188 1.25147 -0.26194 184 61 50
-0.15265 1.23183 -0.28926 184 61 50
-0.15329 1.21083 -0.31665 155 185 186
-0.15534 1.19259 -0.33718 155 185 186
-0.15406 1.16897 -0.36152 155 185 186
-0.15111 1.14655 -0.38003 155 185 186
-0.15675 1.12203 -0.40154 155 185 186
-0.15452 1.09174 -0.41434 155 185 186
-0.15636 1.06403 -0.43244 155 185 186
-0.15578 1.03540 -0.44415 155 185 186
-0.15172 1.00656 -0.44951 155 185 186
-0.15511 0.97731 -0.45990 184 61 50
-0.15331 0.95101 -0.45917 184 61 50
-0.15298 0.91791 -0.46400 184 61 50
-0.13369 0.92197 0.46260 184 61 50
-0.13742 0.94921 0.46275 184 61 50
-0.13464 0.98025 0.45687 184 61 50
-0.13800 1.01076 0.45498 155 185 186
-0.13271 1.03501 0.44382 155 185 186
-0.13333 1.06629 0.43432 155 185 186
-0.13779 1.09506 0.41955 155 185 186
-0.13590 1.11883 0.40028 155 185 186
-0.13533 1.14573 0.38277 155 185 186
-0.13618 1.16893 0.36284 155 185 186
-0.13442 1.19213 0.34035 155 185 186
-0.13749 1.21251 0.31538 155 185 186
-0.13278 1.23354 0.29121 184 61 50
-0.13382 1.25059 0.26153 184 61 50
-0.13307 1.26463 0.23075 184 61 50
-0.13438 1.27803 0.20082 184 61 50
-0.13316 1.29230 0.17102 184 61 50
-0.13272 1.30411 0.13503 184 61 50
-0.13801 1.31094 0.10168 184 61 50
-0.13325 1.31523 0.06915 184 61 50
-0.13665 1.31786 0.03407 184 61 50
-0.13608 1.31946 -0.00004 184 61 50
-0.13695 1.32071 -0.03372 184 61 50
-0.13593 1.31432 -0.07112 184 61 50
-0.13277 1.30768 -0.10323 184 61 50
-0.13503 1.30249 -0.13465 184 61 50
-0.13491 1.29112 -0.17076 184 61 50
-0.13272 1.27774 -0.19975 184 61 50
-0.13782 1.26664 -0.23265 184 61 50
-0.13690 1.24890 -0.26129 184 61 50
-0.13817 1.23116 -0.28895 184 61 50
-0.13271 1.21514 -0.31524 155 185 186
-0.13441 1.18892 -0.33798 155 185 186
-0.13476 1.16927 -0.35991 155 185 186
-0.13640 1.14210 -0.38289 155 185 186
-0.13535 1.11746 -0.40336 155 185 186
-0.13515 1.09393 -0.41590 155 185 186
-0.13790 1.06312 -0.43000 155 185 186
-0.13689 1.03997 -0.44016 155 185 186
-0.13305 1.00611 -0.45161 155 185 186
-0.13641 0.97844 -0.45592 184 61 50
-0.13760 0.95026 -0.46055 184 61 50
-0.13690 0.91830 -0.46215 184 61 50
-0.11414 0.91914 0.46603 184 61 50
-0.11744 0.94818 0.46550 184 61 50
-0.11511 0.98150 0.46036 184 61 50
-0.11731 1.00741 0.45303 155 185 186
-0.11902 1.03923 0.44653 155 185 186
-0.11368 1.06684 0.43549 155 185 186
-0.11485 1.09570 0.42165 155 185 186
-0.11651 1.11788 0.40237 155 185 186
-0.11528 1.14721 0.38658 155 185 186
-0.11803 1.16942 0.36095 155 185 186
-0.11861 1.19019 0.34023 155 185 186
-0.11424 1.21115 0.31536 155 185 186
-0.11610 1.23408 0.29069 184 61 50
-0.11439 1.25209 0.26262 184 61 50
-0.11500 1.26465 0.23127 184 61 50
-0.11370 1.28108 0.20259 184 61 50
-0.11566 1.29004 0.16923 184 61 50
-0.11730 1.30328 0.13606 184 61 50
-0.11798 1.30938 0.10425 184 61 50
-0.11568 1.31403 0.06914 184 61 50
-0.11661 1.32112 0.03533 184 61 50
-0.11443 1.31929 0.00111 184 61 50
-0.11527 1.31604 -0.03772 184 61 50
-0.11573 1.31508 -0.07116 184 61 50
-0.11648 1.30902 -0.10254 184 61 50
-0.11531 1.30198 -0.13998 184 61 50
-0.11398 1.29153 -0.16705 184 61 50
-0.11735 1.28026 -0.20075 184 61 50
-0.11940 1.26401 -0.23428 184 61 50
-0.11406 1.25060 -0.26169 184 61 50
-0.11525 1.23297 -0.28889 184 61 50
-0.11935 1.21098 -0.31648 155 185 186
-0.11882 1.19102 -0.33993 155 185 186
-0.11636 1.17175 -0.36537 155 185 186
-0.11411 1.14777 -0.38246 155 185 186
-0.11933 1.12246 -0.40086 155 185 186
-0.11738 1.09469 -0.42158 155 185 186
-0.11647 1.06538 -0.43456 155 185 186
-0.11841 1.03483 -0.44250 155 185 186
-0.11531 1.01036 -0.45431 155 185 186
-0.11799 0.98168 -0.46121 184 61 50
-0.11437 0.94698 -0.46316 184 61 50
-0.11492 0.92288 -0.46445 184 61 50
-0.09859 0.91938 0.46859 184 61 50
-0.09709 0.94951 0.46529 184 61 50
-0.10031 0.98239 0.46084 184 61 50
-0.09570 1.01069 0.45408 155 185 186
-0.09694 1.03676 0.44408 155 185 186
-0.09716 1.06759 0.43600 155 185 186
-0.09541 1.09338 0.42056 155 185 186
-0.09567 1.12150 0.40429 155 185 186
-0.09961 1.14362 0.38426 155 185 186
-0.09629 1.17147 0.36536 155 185 186
-0.09837 1.19411 0.33925 155 185 186
-0.09717 1.21489 0.31905 155 185 186
-0.09677 1.23507 0.29109 184 61 50
-0.09688 1.24937 0.26558 184 61 50
-0.09837 1.26614 0.23354 184 61 50
-0.09985 1.27787 0.20244 184 61 50
-0.09488 1.28939 0.17264 184 61 50
-0.09752 1.30217 0.13582 184 61 50
-0.10005 1.31242 0.10545 184 61 50
-0.09746 1.31559 0.06674 184 61 50
-0.09506 1.31610 0.03436 184 61 50
-0.09670 1.31919 -0.00240 184 61 50
-0.09943 1.31702 -0.03254 184 61 50
-0.09876 1.31521 -0.07180 184 61 50
-0.09956 1.30816 -0.10117 184 61 50
-0.09771 1.29909 -0.14001 184 61 50
-0.09996 1.29483 -0.16986 184 61 50
-0.09543 1.27879 -0.20137 184 61 50
-0.09837 1.26634 -0.23554 184 61 50
-0.09669 1.24979 -0.26545 184 61 50
-0.09668 1.23354 -0.29326 184 61 50
-0.09713 1.21136 -0.31530 155 185 186
-0.09597 1.19365 -0.34114 155 185 186
-0.09571 1.16763 -0.36592 155 185 186
-0.10053 1.14353 -0.38343 155 185 186
-0.09573 1.11803 -0.40475 155 185 186
-0.10017 1.09583 -0.42268 155 185 186
-0.09906 1.06752 -0.43253 155 185 186
-0.09473 1.03604 -0.44860 155 185 186
-0.09662 1.01027 -0.45540 155 185 186
-0.09707 0.98210 -0.45981 184 61 50
-0.09867 0.95025 -0.46350 184 61 50
-0.09737 0.91939 -0.46900 184 61 50
-0.07835 0.92116 0.46792 184 61 50
-0.07738 0.94938 0.46424 184 61 50
-0.07773 0.98164 0.46517 184 61 50
-0.07722 1.00824 0.45855 155 185 186
-0.07745 1.03868 0.44703 155 185 186
-0.07691 1.06771 0.43721 155 185 186
-0.07965 1.09090 0.42343 155 185 186
-0.08180 1.11747 0.40380 155 185 186
-0.08025 1.14526 0.38909 155 185 186
-0.08100 1.16979 0.36550 155 185 186
-0.07790 1.19148 0.34325 155 185 186
-0.07945 1.21341 0.31891 155 185 186
-0.07998 1.23002 0.29153 184 61 50
-0.07932 1.24805 0.26236 184 61 50
-0.07718 1.26726 0.23629 184 61 50
-0.07754 1.28069 0.20595 184 61 50
-0.07686 1.29444 0.17000 184 61 50
-0.07861 1.30413 0.14036 184 61 50
-0.07960 1.31069 0.10502 184 61 50
-0.07891 1.31589 0.07082 184 61 50
-0.08024 1.32007 0.03703 184 61 50
-0.07843 1.32292 0.00209 184 61 50
-0.07683 1.31761 -0.03718 184 61 50
-0.07912 1.31524 -0.07011 184 61 50
-0.08172 1.31146 -0.10556 184 61 50
-0.08100 1.30091 -0.14034 184 61 50
-0.07932 1.29118 -0.16835 184 61 50
-0.07989 1.28051 -0.20279 184 61 50
-0.07755 1.26410 -0.23656 184 61 50
-0.08121 1.25056 -0.26515 184 61 50
-0.08075 1.23093 -0.29434 184 61 50
-0.07661 1.21292 -0.31725 155 185 186
-0.08001 1.18952 -0.34337 155 185 186
-0.07872 1.16879 -0.36578 155 185 186
-0.07751 1.14291 -0.38742 155 185 186
-0.08004 1.11919 -0.40462 155 185 186
-0.07605 1.09553 -0.42406 155 185 186
-0.07614 1.06559 -0.43483 155 185 186
-0.07732 1.03490 -0.44879 155 185 186
-0.07609 1.01168 -0.45501 155 185 186
-0.07695 0.98146 -0.46342 184 61 50
-0.08146 0.95074 -0.46694 184 61 50
-0.07903 0.92089 -0.46712 184 61 50
-0.06093 0.92064 0.46878 184 61 50
-0.06033 0.95025 0.47102 184 61 50
-0.05967 0.98136 0.46487 184 61 50
-0.05866 1.01152 0.45903 155 185 186
-0.06027 1.03935 0.44912 155 185 186
-0.06136 1.06432 0.43939 155 185 186
-0.06063 1.09162 0.42063 155 185 186
-0.06267 1.12189 0.40786 155 185 186
-0.06068 1.14245 0.38910 155 185 186
-0.05896 1.16879 0.36783 155 185 186
-0.06093 1.19400 0.34385 155 185 186
-0.06025 1.21615 0.32225 155 185 186
-0.06109 1.23427 0.29373 184 61 50
-0.05727 1.25336 0.26663 184 61 50
-0.05796 1.26698 0.23686 184 61 50
-0.06278 1.28250 0.20459 184 61 50
-0.05845 1.29136 0.17270 184 61 50
-0.06209 1.29931 0.13724 184 61 50
-0.06215 1.30950 0.10226 184 61 50
-0.06046 1.31392 0.06891 184 61 50
-0.06223 1.32008 0.03584 184 61 50
-0.05943 1.32025 0.00158 184 61 50
-0.05801 1.31924 -0.03669 184 61 50
-0.06278 1.31610 -0.07255 184 61 50
-0.05910 1.31243 -0.10674 184 61 50
-0.06101 1.30411 -0.13902 184 61 50
-0.05938 1.29493 -0.17108 184 61 50
-0.06217 1.28243 -0.20300 184 61 50
-0.05972 1.26793 -0.23370 184 61 50
-0.06096 1.24820 -0.26505 184 61 50
-0.06079 1.23281 -0.29453 184 61 50
-0.05877 1.21407 -0.31690 155 185 186
-0.05969 1.19162 -0.34474 155 185 186
-0.05971 1.16731 -0.37026 155 185 186
-0.05895 1.14719 -0.38647 155 185 186
-0.06231 1.11919 -0.40993 155 185 186
-0.05854 1.09215 -0.42189 155 185 186
-0.05887 1.06898 -0.43703 155 185 186
-0.06034 1.03707 -0.45040 155 185 186
-0.05912 1.00926 -0.46082 155 185 186
-0.05893 0.98003 -0.46376 184 61 50
-0.05732 0.94992 -0.46973 184 61 50
-0.06294 0.91898 -0.46913 184 61 50
-0.03946 0.92243 0.46592 184 61 50
-0.03913 0.94952 0.46521 184 61 50
-0.04163 0.98018 0.46146 184 61 50
-0.04128 1.00692 0.45503 155 185 186
-0.04200 1.04083 0.44792 155 185 186
-0.04167 1.06747 0.43493 155 185 186
-0.04159 1.09449 0.41950 155 185 186
-0.04166 1.11846 0.40832 155 185 186
-0.04141 1.14407 0.38754 155 185 186
-0.04205 1.16643 0.36883 155 185 186
-0.04083 1.19425 0.34155 155 185 186
-0.03942 1.21486 0.31758 155 185 186
-0.04303 1.22975 0.29112 184 61 50
-0.03958 1.25144 0.26373 184 61 50
-0.04058 1.26882 0.23167 184 61 50
-0.04234 1.28037 0.20248 184 61 50
-0.04274 1.29108 0.17271 184 61 50
-0.04046 1.30490 0.13764 184 61 50
-0.04262 1.30865 0.10495 184 61 50
-0.03828 1.31642 0.06786 184 61 50
-0.04274 1.31669 0.03560 184 61 50
-0.03962 1.31831 0.00087 184 61 50
-0.04010 1.31723 -0.03464 184 61 50
-0.04358 1.31796 -0.07039 184 61 50
-0.03840 1.31158 -0.10251 184 61 50
-0.04279 1.30008 -0.13825 184 61 50
-0.03942 1.29003 -0.17272 184 61 50
-0.04172 1.27980 -0.20266 184 61 50
-0.04227 1.26717 -0.23652 184 61 50
-0.03868 1.24753 -0.26282 184 61 50
-0.04140 1.23263 -0.29110 184 61 50
-0.04001 1.21520 -0.32025 155 185 186
-0.04326 1.19444 -0.34517 155 185 186
-0.04124 1.16689 -0.36801 155 185 186
-0.04140 1.14593 -0.38457 155 185 186
-0.04049 1.12037 -0.40493 155 185 186
-0.03885 1.09423 -0.42029 155 185 186
-0.04012 1.06352 -0.43467 155 185 186
-0.04269 1.03845 -0.44564 155 185 186
-0.03885 1.01129 -0.45557 155 185 186
-0.03853 0.97855 -0.46403 184 61 50
-0.03919 0.95014 -0.46990 184 61 50
-0.04089 0.91781 -0.47116 184 61 50
-0.02079 0.91841 0.46633 184 61 50
-0.01943 0.94870 0.46284 184 61 50
-0.02038 0.97997 0.45986 184 61 50
-0.02072 1.01024 0.45387 155 185 186
-0.02044 1.03834 0.44451 155 185 186
-0.02528 1.06521 0.43677 155 185 186
-0.02375 1.09201 0.42117 155 185 186
-0.02395 1.11957 0.40147 155 185 186
-0.02489 1.14698 0.38381 155 185 186
-0.02424 1.16728 0.36360 155 185 186
-0.01953 1.19194 0.34323 155 185 186
-0.02438 1.21280 0.31718 155 185 186
-0.02290 1.23016 0.29315 184 61 50
-0.02208 1.24850 0.26595 184 61 50
-0.02041 1.26720 0.23417 184 61 50
-0.02198 1.28210 0.20351 184 61 50
-0.02367 1.29280 0.16851 184 61 50
-0.02235 1.29999 0.13606 184 61 50
-0.01986 1.30916 0.10575 184 61 50
-0.02022 1.31269 0.06867 184 61 50
-0.02062 1.32106 0.03778 184 61 50
-0.02452 1.31725 -0.00208 184 61 50
-0.01950 1.31885 -0.03197 184 61 50
-0.02323 1.31379 -0.06897 184 61 50
-0.02519 1.31078 -0.10379 184 61 50
-0.02326 1.30416 -0.13698 184 61 50
-0.02443 1.29491 -0.17131 184 61 50
-0.02210 1.28067 -0.20473 184 61 50
-0.02087 1.26586 -0.23335 184 61 50
-0.02080 1.25012 -0.26410 184 61 50
-0.02485 1.23360 -0.29080 184 61 50
-0.02441 1.21384 -0.31566 155 185 186
-0.02328 1.19084 -0.34339 155 185 186
-0.02248 1.17022 -0.36640 155 185 186
-0.02367 1.14687 -0.38819 155 185 186
-0.02471 1.11726 -0.40459 155 185 186
-0.02440 1.09558 -0.41970 155 185 186
-0.02132 1.06459 -0.43495 155 185 186
-0.02034 1.03861 -0.44834 155 185 186
-0.02428 1.01175 -0.45225 155 185 186
-0.02493 0.98206 -0.46227 184 61 50
-0.01988 0.95284 -0.46344 184 61 50
-0.02274 0.91703 -0.46618 184 61 50
-0.00313 0.92142 0.46762 184 61 50
-0.00395 0.95071 0.46647 184 61 50
-0.00423 0.98216 0.46266 184 61 50
-0.00245 1.00793 0.45338 155 185 186
-0.00518 1.03783 0.44742 155 185 186
-0.00481 1.06597 0.43259 155 185 186
-0.00129 1.09312 0.41707 155 185 186
-0.00211 1.11701 0.40275 155 185 186
-0.00649 1.14325 0.38394 155 185 186
-0.00092 1.16819 0.36084 155 185 186
-0.00304 1.19353 0.33833 155 185 186
-0.00491 1.21500 0.31398 155 185 186
-0.00269 1.22948 0.28843 184 61 50
-0.00193 1.25053 0.26306 184 61 50
-0.00209 1.26361 0.23267 184 61 50
-0.00217 1.27861 0.20466 184 61 50
-0.00347 1.29280 0.17206 184 61 50
-0.00384 1.30058 0.13916 184 61 50
-0.00617 1.30738 0.10273 184 61 50
-0.00116 1.31234 0.06833 184 61 50
-0.00508 1.32087 0.03329 184 61 50
-0.00414 1.32066 -0.00247 184 61 50
-0.00072 1.31854 -0.03576 184 61 50
-0.00172 1.31635 -0.07132 184 61 50
-0.00588 1.30664 -0.10510 184 61 50
-0.00301 1.30019 -0.13790 184 61 50
-0.00250 1.29156 -0.17163 184 61 50
-0.00105 1.27839 -0.20349 184 61 50
-0.00500 1.26560 -0.23531 184 61 50
-0.00273 1.24824 -0.26384 184 61 50
-0.00634 1.22986 -0.29009 184 61 50
-0.00263 1.21394 -0.31452 155 185 186
-0.00225 1.18985 -0.34186 155 185 186
-0.00508 1.16614 -0.36288 155 185 186
-0.00502 1.14508 -0.38664 155 185 186
-0.00530 1.12228 -0.40316 155 185 186
-0.00499 1.09556 -0.41902 155 185 186
-0.00102 1.06816 -0.43585 155 185 186
-0.00432 1.03540 -0.44300 155 185 186
-0.00237 1.00886 -0.45492 155 185 186
-0.00624 0.97729 -0.46224 184 61 50
-0.00638 0.94846 -0.46303 184 61 50
-0.00313 0.92114 -0.46696 184 61 50
0.01584 0.91955 0.46251 184 61 50
0.01294 0.95105 0.46513 184 61 50
0.01308 0.98035 0.45588 184 61 50
0.01411 1.00595 0.45061 155 185 186
0.01541 1.03558 0.44282 155 185 186
0.01587 1.06348 0.42891 155 185 186
0.01648 1.09093 0.41668 155 185 186
0.01377 1.11692 0.40270 155 185 186
0.01405 1.14538 0.38316 155 185 186
0.01769 1.17074 0.36172 155 185 186
0.01250 1.19018 0.33737 155 185 186
0.01234 1.21329 0.31738 155 185 186
0.01427 1.22954 0.29039 184 61 50
0.01550 1.24660 0.26151 184 61 50
0.01600 1.26835 0.23103 184 61 50
0.01663 1.28067 0.19944 184 61 50
0.01436 1.29200 0.16835 184 61 50
0.01754 1.30289 0.13401 184 61 50
0.01641 1.30690 0.10172 184 61 50
0.01476 1.31305 0.06973 184 61 50
0.01448 1.31971 0.03699 184 61 50
0.01629 1.31746 0.00067 184 61 50
0.01329 1.31473 -0.03557 184 61 50
0.01330 1.31581 -0.06962 184 61 50
0.01259 1.30861 -0.10384 184 61 50
0.01458 1.30319 -0.13376 184 61 50
0.01769 1.29276 -0.17231 184 61 50
0.01323 1.28184 -0.20221 184 61 50
0.01435 1.26565 -0.23384 184 61 50
0.01447 1.24821 -0.26384 184 61 50
0.01345 1.23442 -0.28890 184 61 50
0.01485 1.21276 -0.31657 155 185 186
0.01475 1.19287 -0.33886 155 185 186
0.01708 1.16715 -0.36419 155 185 186
0.01631 1.14437 -0.38037 155 185 186
0.01548 1.11924 -0.39943 155 185 186
0.01774 1.09567 -0.42055 155 185 186
0.01528 1.06554 -0.43429 155 185 186
0.01497 1.03926 -0.44097 155 185 186
0.01807 1.00647 -0.45097 155 185 186
0.01567 0.97913 -0.45899 184 61 50
0.01520 0.94928 -0.46315 184 61 50
0.01596 0.91868 -0.46177 184 61 50
0.03353 0.92253 0.46258 184 61 50
0.03144 0.95179 0.45925 184 61 50
0.03347 0.97953 0.45717 184 61 50
0.03123 1.00850 0.45262 155 185 186
0.03584 1.04033 0.44230 155 185 186
0.03245 1.06491 0.42768 155 185 186
0.03533 1.09036 0.41361 155 185 186
0.03353 1.11922 0.39970 155 185 186
0.03212 1.14439 0.38361 155 185 186
0.03458 1.17058 0.36213 155 185 186
0.03561 1.19134 0.33923 155 185 186
0.03583 1.21236 0.31458 155 185 186
0.03356 1.23213 0.29004 184 61 50
0.03185 1.24717 0.25868 184 61 50
0.03455 1.26540 0.22929 184 61 50
0.03243 1.27821 0.20061 184 61 50
0.03515 1.29337 0.16750 184 61 50
0.03411 1.29888 0.13484 184 61 50
0.03459 1.30748 0.10559 184 61 50
0.03609 1.31628 0.06882 184 61 50
0.03561 1.31733 0.03247 184 61 50
0.03373 1.31958 0.00024 184 61 50
0.03108 1.31951 -0.03308 184 61 50
0.03213 1.31574 -0.06652 184 61 50
0.03208 1.30865 -0.10222 184 61 50
0.03418 1.29879 -0.13798 184 61 50
0.03205 1.29055 -0.16875 184 61 50
0.03647 1.27794 -0.19967 184 61 50
0.03175 1.26455 -0.23376 184 61 50
0.03249 1.25178 -0.25901 184 61 50
0.03467 1.23402 -0.28625 184 61 50
0.03552 1.20902 -0.31630 155 185 186
0.03238 1.19116 -0.33796 155 185 186
0.03358 1.16571 -0.36131 155 185 186
0.03676 1.14402 -0.38132 155 185 186
0.03595 1.11866 -0.40151 155 185 186
0.03157 1.09287 -0.41384 155 185 186
0.03647 1.06592 -0.43066 155 185 186
0.03504 1.03880 -0.44273 155 185 186
0.03233 1.00693 -0.44876 155 185 186
0.03513 0.97683 -0.45423 184 61 50
0.03436 0.95038 -0.46301 184 61 50
0.03430 0.91729 -0.46231 184 61 50
0.05548 0.91705 0.45768 184 61 50
0.05288 0.94973 0.46006 184 61 50
0.05340 0.98016 0.45366 184 61 50
0.05030 1.00879 0.44785 155 185 186
0.05060 1.03650 0.44302 155 185 186
0.05349 1.06545 0.42758 155 185 186
0.05128 1.09463 0.41784 155 185 186
0.05343 1.11806 0.40102 155 185 186
0.05340 1.14120 0.38128 155 185 186
0.05214 1.17066 0.36234 155 185 186
0.05379 1.18971 0.33720 155 185 186
0.05136 1.20939 0.31287 155 185 186
0.05403 1.23311 0.28778 184 61 50
0.05104 1.24972 0.26239 184 61 50
0.05117 1.26637 0.23120 184 61 50
0.05452 1.27615 0.19826 184 61 50
0.05289 1.28853 0.16570 184 61 50
0.05489 1.29971 0.13695 184 61 50
0.05039 1.30927 0.10103 184 61 50
0.05040 1.31005 0.06816 184 61 50
0.05151 1.31446 0.03252 184 61 50
0.05430 1.31440 -0.00082 184 61 50
0.05044 1.31478 -0.03409 184 61 50
0.05404 1.31514 -0.06931 184 61 50
0.05136 1.30903 -0.10289 184 61 50
0.05022 1.30136 -0.13345 184 61 50
0.05559 1.28891 -0.16796 184 61 50
0.05526 1.27704 -0.20011 184 61 50
0.05446 1.26413 -0.22837 184 61 50
0.05311 1.24825 -0.26096 184 61 50
0.05444 1.23352 -0.28563 184 61 50
0.05491 1.21319 -0.31157 155 185 186
0.05391 1.19206 -0.33578 155 185 186
0.05111 1.17011 -0.36074 155 185 186
0.05488 1.14450 -0.37865 155 185 186
0.05186 1.11826 -0.39797 155 185 186
0.05028 1.09234 -0.41732 155 185 186
0.05503 1.06380 -0.42955 155 185 186
0.05492 1.03415 -0.43749 155 185 186
0.05296 1.00866 -0.45185 155 185 186
0.05189 0.97863 -0.45682 184 61 50
0.05214 0.94960 -0.45741 184 61 50
0.05142 0.91768 -0.46272 184 61 50
0.07065 0.92189 0.45889 184 61 50
0.07178 0.94665 0.45528 184 61 50
0.07382 0.97954 0.45558 184 61 50
0.06946 1.00528 0.44652 155 185 186
0.07336 1.03903 0.43753 155 185 186
0.07444 1.06259 0.42915 155 185 186
0.07186 1.09453 0.41534 155 185 186
0.06954 1.12046 0.39540 155 185 186
0.06899 1.14283 0.37737 155 185 186
0.07060 1.16848 0.35692 155 185 186
0.07183 1.19241 0.33542 155 185 186
0.06882 1.20788 0.31316 155 185 186
0.07102 1.22759 0.28818 184 61 50
0.07376 1.24870 0.25708 184 61 50
0.07121 1.26324 0.22933 184 61 50
0.07006 1.27501 0.20144 184 61 50
0.07366 1.29057 0.16631 184 61 50
0.07464 1.30075 0.13287 184 61 50
0.07243 1.30645 0.09944 184 61 50
0.07449 1.31037 0.06578 184 61 50
0.07303 1.31402 0.03263 184 61 50
0.07069 1.31758 -0.00170 184 61 50
0.07199 1.31583 -0.03177 184 61 50
0.07182 1.30944 -0.06652 184 61 50
0.06920 1.30427 -0.09980 184 61 50
0.07349 1.30017 -0.13320 184 61 50
0.07244 1.29173 -0.16666 184 61 50
0.07402 1.27680 -0.20181 184 61 50
0.07310 1.26198 -0.23237 184 61 50
0.07003 1.24615 -0.26126 184 61 50
0.06926 1.23239 -0.28561 184 61 50
0.07306 1.21026 -0.31071 155 185 186
0.07035 1.19148 -0.33759 155 185 186
0.06984 1.16857 -0.35818 155 185 186
0.07256 1.14629 -0.37631 155 185 186
0.07247 1.12122 -0.39775 155 185 186
0.07394 1.08922 -0.41598 155 185 186
0.07001 1.06670 -0.42570 155 185 186
0.07375 1.03769 -0.43707 155 185 186
0.07282 1.00704 -0.44602 155 185 186
0.07374 0.97736 -0.45475 184 61 50
0.07011 0.95106 -0.45649 184 61 50
0.07097 0.91926 -0.46002 184 61 50
0.08985 0.91927 0.45645 184 61 50
0.08776 0.95114 0.45359 184 61 50
0.08972 0.97977 0.45512 184 61 50
0.08832 1.00881 0.44848 155 185 186
0.09243 1.03771 0.43467 155 185 186
0.08823 1.06219 0.42771 155 185 186
0.08789 1.09402 0.41220 155 185 186
0.08781 1.11532 0.39915 155 185 186
0.08852 1.14483 0.38030 155 185 186
0.09059 1.16412 0.35917 155 185 186
0.09048 1.19009 0.33697 155 185 186
0.09235 1.21055 0.30965 155 185 186
0.09086 1.22800 0.28334 184 61 50
0.08936 1.24872 0.25999 184 61 50
0.08933 1.26170 0.22808 184 61 50
0.08951 1.27713 0.19951 184 61 50
0.08863 1.28632 0.16701 184 61 50
0.09282 1.29669 0.13550 184 61 50
0.09134 1.30377 0.10368 184 61 50
0.08818 1.31004 0.06564 184 61 50
0.09219 1.31255 0.03446 184 61 50
0.08983 1.31472 0.00084 184 61 50
0.09061 1.31685 -0.03303 184 61 50
0.08932 1.30868 -0.06581 184 61 50
0.08957 1.30514 -0.10177 184 61 50
0.08753 1.29768 -0.13677 184 61 50
0.09045 1.28774 -0.16945 184 61 50
0.09155 1.27814 -0.19986 184 61 50
0.08903 1.26234 -0.22758 184 61 50
0.08786 1.24790 -0.25801 184 61 50
0.09132 1.23015 -0.28453 184 61 50
0.08967 1.20953 -0.31123 155 185 186
0.09133 1.18848 -0.33626 155 185 186
0.09298 1.16759 -0.35762 155 185 186
0.09253 1.14155 -0.38072 155 185 186
0.09000 1.11745 -0.39497 155 185 186
0.08796 1.09431 -0.41452 155 185 186
0.09162 1.06630 -0.42646 155 185 186
0.08993 1.03803 -0.43903 155 185 186
0.08862 1.00855 -0.44311 155 185 186
0.09120 0.97948 -0.45344 184 61 50
0.09220 0.94763 -0.45564 184 61 50
0.09344 0.91741 -0.45890 184 61 50
0.10931 0.91881 0.45693 184 61 50
0.10692 0.95161 0.45263 184 61 50
0.10771 0.97579 0.45232 184 61 50
0.11120 1.00475 0.44256 155 185 186
0.11029 1.03743 0.43300 155 185 186
0.11114 1.06484 0.42498 155 185 186
0.11142 1.09177 0.41266 155 185 186
0.10766 1.11455 0.39573 155 185 186
0.10792 1.14004 0.37583 155 185 186
0.10862 1.16588 0.35394 155 185 186
0.10751 1.18555 0.33349 155 185 186
0.10954 1.21015 0.30752 155 185 186
0.11123 1.22722 0.28724 184 61 50
0.10720 1.24398 0.25480 184 61 50
0.10850 1.25969 0.22734 184 61 50
0.10766 1.27467 0.19635 184 61 50
0.10734 1.28919 0.16503 184 61 50
0.11005 1.29411 0.13640 184 61 50
0.10965 1.30401 0.09962 184 61 50
0.10857 1.30781 0.07072 184 61 50
0.11093 1.31382 0.03169 184 61 50
0.10901 1.31484 0.00139 184 61 50
0.10935 1.31567 -0.03225 184 61 50
0.10938 1.31048 -0.06961 184 61 50
0.11062 1.30384 -0.10105 184 61 50
0.10982 1.29447 -0.13669 184 61 50
0.11045 1.28647 -0.16602 184 61 50
0.11041 1.27537 -0.19771 184 61 50
0.11019 1.26111 -0.23008 184 61 50
0.11115 1.24522 -0.25564 184 61 50
0.10838 1.22913 -0.28598 184 61 50
0.11164 1.20776 -0.30874 155 185 186
0.10872 1.18606 -0.33277 155 185 186
0.10962 1.16556 -0.35792 155 185 186
0.10829 1.14083 -0.37442 155 185 186
0.11118 1.11633 -0.39235 155 185 186
0.10955 1.09215 -0.40898 155 185 186
0.10658 1.06258 -0.42699 155 185 186
0.11089 1.03571 -0.43306 155 185 186
0.11151 1.01017 -0.44196 155 185 186
0.11017 0.98159 -0.44900 184 61 50
0.11085 0.95061 -0.45661 184 61 50
0.10929 0.92063 -0.45454 184 61 50
0.12843 0.91939 0.45591 184 61 50
0.12775 0.94817 0.45048 184 61 50
0.12610 0.97814 0.44868 184 61 50
0.12750 1.00770 0.44503 155 185 186
0.12584 1.03498 0.43633 155 185 186
0.12951 1.06346 0.42504 155 185 186
0.13004 1.09322 0.40813 155 185 186
0.12772 1.11505 0.39408 155 185 186
0.12850 1.13926 0.37277 155 185 186
0.12608 1.16559 0.35677 155 185 186
0.12969 1.18789 0.33458 155 185 186
0.12860 1.21023 0.31121 155 185 186
0.13057 1.22882 0.28312 184 61 50
0.12963 1.24320 0.25588 184 61 50
0.12625 1.26129 0.22741 184 61 50
0.12837 1.27601 0.19532 184 61 50
0.13003 1.28727 0.16377 184 61 50
0.12690 1.29516 0.13617 184 61 50
0.12805 1.30352 0.10170 184 61 50
0.12675 1.31111 0.06668 184 61 50
0.12823 1.30965 0.03366 184 61 50
0.12831 1.30975 -0.00154 184 61 50
0.12852 1.30966 -0.03585 184 61 50
0.12706 1.30932 -0.06544 184 61 50
0.12530 1.30305 -0.10093 184 61 50
0.12599 1.29481 -0.13644 184 61 50
0.12796 1.28791 -0.16432 184 61 50
0.12512 1.27185 -0.19727 184 61 50
0.12936 1.25728 -0.22889 184 61 50
0.12857 1.24518 -0.25885 184 61 50
0.12731 1.22588 -0.28115 184 61 50
0.12703 1.21070 -0.31133 155 185 186
0.12573 1.18775 -0.33593 155 185 186
0.12901 1.16713 -0.35748 155 185 186
0.12970 1.14090 -0.37580 155 185 186
0.12990 1.11923 -0.39123 155 185 186
0.12591 1.08830 -0.40727 155 185 186
0.12513 1.06390 -0.42283 155 185 186
0.12590 1.03454 -0.43447 155 185 186
0.12535 1.00573 -0.44043 155 185 186
0.12847 0.98032 -0.44930 184 61 50
0.12713 0.94850 -0.45436 184 61 50
0.12968 0.91924 -0.45169 184 61 50
0.14476 0.91764 0.45482 184 61 50
0.14867 0.94773 0.44866 184 61 50
0.14680 0.98124 0.44896 184 61 50
0.14981 1.00598 0.43879 155 185 186
0.14936 1.03361 0.43137 155 185 186
0.14982 1.06094 0.42392 155 185 186
0.14544 1.09061 0.40982 155 185 186
0.14791 1.11621 0.39431 155 185 186
0.14922 1.14165 0.37655 155 185 186
0.14669 1.16483 0.35685 155 185 186
0.14492 1.18822 0.33030 155 185 186
0.14424 1.20511 0.31066 155 185 186
0.14508 1.22446 0.28310 184 61 50
0.14665 1.24466 0.25341 184 61 50
0.14936 1.26161 0.22556 184 61 50
0.14934 1.27280 0.19873 184 61 50
0.14510 1.28460 0.16384 184 61 50
0.14474 1.29680 0.13279 184 61 50
0.14782 1.29958 0.10289 184 61 50
0.14950 1.30497 0.06715 184 61 50
0.14965 1.30958 0.03222 184 61 50
0.14985 1.30924 -0.00089 184 61 50
0.14508 1.30833 -0.03432 184 61 50
0.14737 1.30902 -0.06624 184 61 50
0.14698 1.30010 -0.10336 184 61 50
0.14669 1.29624 -0.13428 184 61 50
0.14920 1.28283 -0.16298 184 61 50
0.14441 1.27220 -0.19409 184 61 50
0.14977 1.25939 -0.22553 184 61 50
0.14974 1.24310 -0.25764 184 61 50
0.14603 1.22315 -0.28078 184 61 50
0.14922 1.20400 -0.31059 155 185 186
0.14658 1.18572 -0.33404 155 185 186
0.14497 1.16501 -0.35488 155 185 186
0.14457 1.14208 -0.37288 155 185 186
0.14576 1.11850 -0.39146 155 185 186
0.14810 1.09195 -0.40994 155 185 186
0.14751 1.06405 -0.41857 155 185 186
0.14922 1.03367 -0.43055 155 185 186
0.14739 1.00499 -0.44093 155 185 186
0.14839 0.98025 -0.44968 184 61 50
0.14716 0.94631 -0.45395 184 61 50
0.14887 0.91710 -0.45575 184 61 50
0.16371 0.91788 0.45297 184 61 50
0.16369 0.94940 0.44852 184 61 50
0.16462 0.97833 0.44585 184 61 50
0.16573 1.00765 0.43898 155 185 186
0.16507 1.03522 0.43279 155 185 186
0.16412 1.06292 0.41846 155 185 186
0.16748 1.08977 0.40679 155 185 186
0.16693 1.11220 0.39037 155 185 186
0.16521 1.13900 0.37275 155 185 186
0.16838 1.16245 0.34983 155 185 186
0.16423 1.18312 0.33084 155 185 186
0.16310 1.20655 0.30676 155 185 186
0.16554 1.22488 0.28398 184 61 50
0.16710 1.24181 0.25277 184 61 50
0.16609 1.26034 0.22760 184 61 50
0.16581 1.26814 0.19843 184 61 50
0.16544 1.28016 0.16489 184 61 50
0.16328 1.29500 0.13312 184 61 50
0.16665 1.30195 0.10257 184 61 50
0.16578 1.30302 0.06721 184 61 50
0.16762 1.30569 0.03154 184 61 50
0.16870 1.31237 -0.00047 184 61 50
0.16467 1.30564 -0.03566 184 61 50
0.16332 1.30306 -0.06900 184 61 50
0.16725 1.30207 -0.10125 184 61 50
0.16318 1.29187 -0.13363 184 61 50
0.16473 1.28294 -0.16343 184 61 50
0.16753 1.27237 -0.19803 184 61 50
0.16712 1.25593 -0.22813 184 61 50
0.16680 1.24156 -0.25365 184 61 50
0.16773 1.22607 -0.27932 184 61 50
0.16442 1.20273 -0.30930 155 185 186
0.16455 1.18625 -0.33250 155 185 186
0.16694 1.16103 -0.35491 155 185 186
0.16332 1.14085 -0.37047 155 185 186
0.16788 1.11219 -0.38782 155 185 186
0.16423 1.08888 -0.40890 155 185 186
0.16417 1.06214 -0.41837 155 185 186
0.16610 1.03776 -0.43396 155 185 186
0.16759 1.00877 -0.44221 155 185 186
0.16295 0.97716 -0.44435 184 61 50
0.16312 0.95071 -0.44909 184 61 50
0.16386 0.91713 -0.45111 184 61 50
0.18451 0.92242 0.44700 184 61 50
0.18495 0.94976 0.44596 184 61 50
0.18691 0.98008 0.44504 184 61 50
0.18232 1.00368 0.44086 155 185 186
0.18333 1.03427 0.43145 155 185 186
0.18319 1.05922 0.41798 155 185 186
0.18448 1.08594 0.40544 155 185 186
0.18585 1.11606 0.38752 155 185 186
0.18371 1.13735 0.36901 155 185 186
0.18450 1.15907 0.35120 155 185 186
0.18486 1.18098 0.33012 155 185 186
0.18605 1.20416 0.30569 155 185 186
0.18251 1.22494 0.27858 184 61 50
0.18256 1.24022 0.25473 184 61 50
0.18427 1.25756 0.22653 184 61 50
0.18220 1.26779 0.19687 184 61 50
0.18678 1.28348 0.16139 184 61 50
0.18679 1.28842 0.13519 184 61 50
0.18607 1.30095 0.10226 184 61 50
0.18555 1.30415 0.06694 184 61 50
0.18488 1.30775 0.03251 184 61 50
0.18232 1.31039 0.00259 184 61 50
0.18480 1.30443 -0.03123 184 61 50
0.18475 1.30246 -0.06706 184 61 50
0.18249 1.29513 -0.10014 184 61 50
0.18180 1.28800 -0.13094 184 61 50
0.18515 1.28178 -0.16512 184 61 50
0.18507 1.26875 -0.19538 184 61 50
0.18343 1.25506 -0.22486 184 61 50
0.18314 1.24061 -0.25373 184 61 50
0.18374 1.22268 -0.27998 184 61 50
0.18362 1.20274 -0.30517 155 185 186
0.18746 1.18554 -0.33150 155 185 186
0.18305 1.16148 -0.35225 155 185 186
0.18579 1.14131 -0.37257 155 185 186
0.18228 1.11682 -0.38923 155 185 186
0.18684 1.08882 -0.40275 155 185 186
0.18652 1.06233 -0.41585 155 185 186
0.18466 1.03208 -0.42668 155 185 186
0.18468 1.00715 -0.43765 155 185 186
0.18583 0.97811 -0.44551 184 61 50
0.18217 0.94604 -0.44837 184 61 50
0.18230 0.91845 -0.44790 184 61 50
0.20170 0.91997 0.44793 184 61 50
0.20189 0.95021 0.44940 184 61 50
0.20422 0.97732 0.44267 184 61 50
0.20336 1.00321 0.43625 155 185 186
0.20094 1.03355 0.42547 155 185 186
0.20165 1.06282 0.41520 155 185 186
0.20037 1.08626 0.40075 155 185 186
0.20209 1.11044 0.39095 155 185 186
0.20408 1.13810 0.37079 155 185 186
0.20590 1.15766 0.35154 155 185 186
0.20363 1.17999 0.33119 155 185 186
0.20431 1.20306 0.30414 155 185 186
0.20401 1.22250 0.27909 184 61 50
0.20532 1.23923 0.25115 184 61 50
0.20384 1.25369 0.22649 184 61 50
0.20605 1.26956 0.19608 184 61 50
0.20192 1.27866 0.16462 184 61 50
0.20516 1.29024 0.13167 184 61 50
0.20528 1.29808 0.10073 184 61 50
0.20116 1.30230 0.06650 184 61 50
0.20348 1.30607 0.03232 184 61 50
0.20200 1.30576 -0.00233 184 61 50
0.20119 1.30553 -0.03496 184 61 50
0.20101 1.30186 -0.06911 184 61 50
0.20481 1.29848 -0.09773 184 61 50
0.20134 1.28863 -0.12969 184 61 50
0.20424 1.27633 -0.16212 184 61 50
0.20504 1.26641 -0.19538 184 61 50
0.20441 1.25476 -0.22120 184 61 50
0.20408 1.23591 -0.25318 184 61 50
0.20086 1.21910 -0.28187 184 61 50
0.20617 1.20226 -0.30515 155 185 186
0.20489 1.18384 -0.32753 155 185 186
0.20391 1.15853 -0.34811 155 185 186
0.20348 1.13925 -0.37100 155 185 186
0.20110 1.11351 -0.38771 155 185 186
0.20468 1.08571 -0.40291 155 185 186
0.20154 1.06190 -0.41706 155 185 186
0.20257 1.03362 -0.42897 155 185 186
0.20549 1.00682 -0.43890 155 185 186
0.20348 0.97466 -0.44040 184 61 50
0.20580 0.94785 -0.44648 184 61 50
0.20460 0.92122 -0.44794 184 61 50
0.22084 0.92221 0.44811 184 61 50
0.22250 0.94681 0.44356 184 61 50
0.22245 0.97467 0.43916 184 61 50
0.22472 1.00735 0.43791 155 185 186
0.22015 1.03009 0.42406 155 185 186
0.22048 1.06244 0.41706 155 185 186
0.21979 1.08569 0.39956 155 185 186
0.22318 1.11062 0.38421 155 185 186
0.22459 1.13860 0.36745 155 185 186
0.22372 1.15951 0.34826 155 185 186
0.22128 1.18020 0.32646 155 185 186
0.21981 1.19852 0.30324 155 185 186
0.22093 1.22093 0.28007 184 61 50
0.22181 1.23496 0.24993 184 61 50
0.22091 1.25295 0.22463 184 61 50
0.22220 1.26275 0.19497 184 61 50
0.21993 1.27535 0.16213 184 61 50
0.21938 1.28617 0.13052 184 61 50
0.22148 1.29223 0.09918 184 61 50
0.21989 1.30054 0.06481 184 61 50
0.22270 1.30341 0.03146 184 61 50
0.22284 1.30167 0.00140 184 61 50
0.22296 1.30312 -0.03189 184 61 50
0.22153 1.30081 -0.06523 184 61 50
0.22209 1.29131 -0.09753 184 61 50
0.22305 1.28785 -0.12912 184 61 50
0.22177 1.28000 -0.16540 184 61 50
0.22199 1.26660 -0.19468 184 61 50
0.22079 1.25438 -0.22116 184 61 50
0.22182 1.23589 -0.25109 184 61 50
0.22084 1.21799 -0.27889 184 61 50
0.21930 1.20139 -0.30597 155 185 186
0.22442 1.18267 -0.32799 155 185 186
0.22431 1.16071 -0.34922 155 185 186
0.22063 1.13367 -0.36660 155 185 186
0.22150 1.11377 -0.38678 155 185 186
0.22144 1.08566 -0.40229 155 185 186
0.22128 1.06211 -0.41830 155 185 186
0.22101 1.03484 -0.42553 155 185 186
0.21933 1.00402 -0.43541 155 185 186
0.22196 0.98010 -0.44358 184 61 50
0.22130 0.94605 -0.44356 184 61 50
0.22194 0.91740 -0.44536 184 61 50
0.23965 0.92171 0.44706 184 61 50
0.24222 0.94876 0.44324 184 61 50
0.24349 0.97629 0.43940 184 61 50
0.24194 1.00555 0.43418 155 185 186
0.24061 1.03202 0.42755 155 185 186
0.24191 1.06007 0.41706 155 185 186
0.24224 1.08843 0.40374 155 185 186
0.24134 1.11223 0.38370 155 185 186
0.23888 1.13496 0.36556 155 185 186
0.24244 1.15635 0.35046 155 185 186
0.23983 1.18220 0.32730 155 185 186
0.23848 1.20093 0.30295 155 185 186
0.23861 1.21924 0.27993 184 61 50
0.23801 1.23365 0.25342 184 61 50
0.24278 1.24969 0.22268 184 61 50
0.24271 1.26376 0.19257 184 61 50
0.23831 1.27239 0.16271 184 61 50
0.24161 1.28183 0.13282 184 61 50
0.24227 1.29033 0.10060 184 61 50
0.23833 1.29605 0.06382 184 61 50
0.23883 1.30083 0.03322 184 61 50
0.23903 1.29977 0.00225 184 61 50
0.23945 1.29952 -0.03518 184 61 50
0.23857 1.29676 -0.06433 184 61 50
0.24116 1.29011 -0.09926 184 61 50
0.24383 1.28381 -0.13050 184 61 50
0.24278 1.27552 -0.16431 184 61 50
0.24245 1.26596 -0.19024 184 61 50
0.24017 1.24937 -0.22003 184 61 50
0.24312 1.23729 -0.25011 184 61 50
0.24312 1.22039 -0.27547 184 61 50
0.23853 1.19938 -0.30492 155 185 186
0.23815 1.17777 -0.32465 155 185 186
0.23823 1.15925 -0.34855 155 185 186
0.23876 1.13499 -0.36908 155 185 186
0.24350 1.11018 -0.38337 155 185 186
0.24232 1.08513 -0.39965 155 185 186
0.24229 1.06010 -0.41401 155 185 186
0.23834 1.03224 -0.42505 155 185 186
0.24369 1.00577 -0.43394 155 185 186
0.24013 0.97672 -0.44029 184 61 50
0.24062 0.95066 -0.44162 184 61 50
0.24162 0.92040 -0.44343 184 61 50
0.26223 0.92030 0.44349 184 61 50
0.26127 0.94731 0.44299 184 61 50
0.25884 0.97557 0.43598 184 61 50
0.25888 1.00144 0.43151 155 185 186
0.25907 1.03053 0.42094 155 185 186
0.25754 1.05656 0.41424 155 185 186
0.25785 1.08708 0.40196 155 185 186
0.26228 1.11145 0.38135 155 185 186
0.25992 1.13538 0.36694 155 185 186
0.26264 1.15414 0.34745 155 185 186
0.25770 1.17703 0.32265 155 185 186
0.26103 1.19670 0.30165 155 185 186
0.26002 1.21443 0.27579 184 61 50
0.25777 1.23041 0.24678 184 61 50
0.26029 1.24995 0.21972 184 61 50
0.26251 1.26273 0.18964 184 61 50
0.25682 1.27435 0.16345 184 61 50
0.25917 1.28118 0.13167 184 61 50
0.25898 1.29115 0.09712 184 61 50
0.25713 1.29658 0.06905 184 61 50
0.26270 1.29916 0.03560 184 61 50
0.26267 1.30184 0.00047 184 61 50
0.25825 1.29512 -0.03460 184 61 50
0.25844 1.29556 -0.06338 184 61 50
0.26259 1.28760 -0.10059 184 61 50
0.26214 1.28176 -0.12925 184 61 50
0.26229 1.27296 -0.16213 184 61 50
0.26094 1.26012 -0.19081 184 61 50
0.26045 1.24574 -0.22301 184 61 50
0.25788 1.23470 -0.24767 184 61 50
0.26239 1.21506 -0.27750 184 61 50
0.25993 1.19888 -0.30223 155 185 186
0.25866 1.17661 -0.32722 155 185 186
0.26077 1.15735 -0.34469 155 185 186
0.25924 1.13472 -0.36629 155 185 186
0.26108 1.10975 -0.38356 155 185 186
0.26023 1.08496 -0.39715 155 185 186
0.26235 1.06006 -0.41507 155 185 186
0.26013 1.03104 -0.42379 155 185 186
0.26200 1.00315 -0.43372 155 185 186
0.25792 0.97920 -0.43980 184 61 50
0.26084 0.94962 -0.44043 184 61 50
0.25699 0.92095 -0.44513 184 61 50
0.27844 0.91778 0.44438 184 61 50
0.27706 0.94910 0.43921 184 61 50
0.27770 0.97682 0.43698 184 61 50
0.27613 1.00387 0.42907 155 185 186
0.27830 1.02812 0.42317 155 185 186
0.28113 1.05908 0.40901 155 185 186
0.27617 1.08229 0.39691 155 185 186
0.27877 1.10657 0.37993 155 185 186
0.27563 1.13487 0.36235 155 185 186
0.27640 1.15268 0.34590 155 185 186
0.27564 1.17839 0.32113 155 185 186
0.27864 1.19554 0.30276 155 185 186
0.28044 1.21197 0.27785 184 61 50
0.28129 1.23004 0.24914 184 61 50
0.27995 1.24330 0.22312 184 61 50
0.27621 1.26142 0.19211 184 61 50
0.27839 1.26779 0.16304 184 61 50
0.28065 1.27976 0.13306 184 61 50
0.27745 1.28867 0.09763 184 61 50
0.27999 1.29304 0.06296 184 61 50
0.27753 1.29375 0.03201 184 61 50
0.28015 1.29621 -0.00228 184 61 50
0.27827 1.29783 -0.03219 184 61 50
0.27780 1.29488 -0.06428 184 61 50
0.27901 1.28516 -0.09836 184 61 50
0.28151 1.28204 -0.13276 184 61 50
0.28137 1.27222 -0.15886 184 61 50
0.27898 1.25957 -0.18908 184 61 50
0.27953 1.24414 -0.22163 184 61 50
0.28060 1.22974 -0.24810 184 61 50
0.27948 1.21187 -0.27588 184 61 50
0.27737 1.19759 -0.30022 155 185 186
0.27578 1.17670 -0.32615 155 185 186
0.27644 1.15439 -0.34586 155 185 186
0.27800 1.13202 -0.36413 155 185 186
0.27932 1.11003 -0.38534 155 185 186
0.27668 1.08395 -0.39850 155 185 186
0.27906 1.05751 -0.41145 155 185 186
0.27964 1.03187 -0.42129 155 185 186
0.27642 1.00649 -0.43248 155 185 186
0.27557 0.97736 -0.43985 184 61 50
0.28026 0.94800 -0.43820 184 61 50
0.27700 0.91752 -0.44415 184 61 50
0.29605 0.91833 0.43930 184 61 50
0.29698 0.94839 0.44061 184 61 50
0.29598 0.97589 0.43290 184 61 50
0.29592 1.00122 0.42749 155 185 186
0.29663 1.03002 0.42256 155 185 186
0.29733 1.05794 0.41204 155 185 186
0.29560 1.08279 0.39444 155 185 186
0.29845 1.10509 0.38026 155 185 186
0.29795 1.12887 0.36580 155 185 186
0.29752 1.15246 0.34452 155 185 186
0.30016 1.17569 0.32253 155 185 186
0.30003 1.19384 0.29951 155 185 186
0.29821 1.21473 0.27551 184 61 50
0.29940 1.22841 0.24968 184 61 50
0.29730 1.24640 0.21720 184 61 50
0.30026 1.25682 0.19274 184 61 50
0.29600 1.27011 0.15784 184 61 50
0.29801 1.27551 0.13108 184 61 50
0.29728 1.28493 0.09783 184 61 50
0.29769 1.28823 0.06450 184 61 50
0.29838 1.29354 0.03442 184 61 50
0.29505 1.29542 -0.00285 184 61 50
0.29686 1.29186 -0.03558 184 61 50
0.29967 1.28936 -0.06685 184 61 50
0.29777 1.28199 -0.09999 184 61 50
0.29612 1.27866 -0.12725 184 61 50
0.29627 1.26989 -0.16154 184 61 50
0.29801 1.25914 -0.18963 184 61 50
0.29577 1.24649 -0.22228 184 61 50
0.29785 1.22961 -0.25039 184 61 50
0.29685 1.21251 -0.27230 184 61 50
0.29462 1.19662 -0.29655 155 185 186
0.29585 1.17686 -0.31972 155 185 186
0.29496 1.15562 -0.34438 155 185 186
0.29774 1.13177 -0.36521 155 185 186
0.29892 1.10971 -0.38342 155 185 186
0.29487 1.08154 -0.39692 155 185 186
0.29510 1.05629 -0.40900 155 185 186
0.29733 1.02918 -0.42014 155 185 186
0.29719 1.00596 -0.43092 155 185 186
0.29752 0.97659 -0.43263 184 61 50
0.29968 0.94883 -0.44030 184 61 50
0.29962 0.91781 -0.44075 184 61 50
0.31460 0.91754 0.43644 184 61 50
0.31843 0.94929 0.43624 184 61 50
0.31726 0.97819 0.43266 184 61 50
0.31430 1.00432 0.42666 155 185 186
0.31903 1.02869 0.41938 155 185 186
0.31912 1.05812 0.40920 155 185 186
0.31490 1.08044 0.39714 155 185 186
0.31559 1.10794 0.38207 155 185 186
0.31490 1.12911 0.36203 155 185 186
0.31387 1.15089 0.34417 155 185 186
0.31735 1.17477 0.32363 155 185 186
0.31609 1.19169 0.29900 155 185 186
0.31676 1.21043 0.27411 184 61 50
0.31646 1.22421 0.24625 184 61 50
0.31413 1.23842 0.22233 184 61 50
0.31743 1.25630 0.19169 184 61 50
0.31679 1.26761 0.16243 184 61 50
0.31374 1.27444 0.12954 184 61 50
0.31643 1.28207 0.09975 184 61 50
0.31780 1.28678 0.06691 184 61 50
0.31342 1.28717 0.03051 184 61 50
0.31533 1.29004 -0.00039 184 61 50
0.31320 1.28862 -0.03481 184 61 50
0.31757 1.28385 -0.06424 184 61 50
0.31776 1.28357 -0.09907 184 61 50
0.31815 1.27710 -0.12637 184 61 50
0.31898 1.26616 -0.15802 184 61 50
0.31776 1.25661 -0.19084 184 61 50
0.31391 1.23973 -0.21756 184 61 50
0.31785 1.22805 -0.24567 184 61 50
0.31570 1.21102 -0.27055 184 61 50
0.31743 1.19418 -0.29876 155 185 186
0.31723 1.17362 -0.32208 155 185 186
0.31914 1.15339 -0.34023 155 185 186
0.31632 1.13096 -0.36406 155 185 186
0.31589 1.10661 -0.37735 155 185 186
0.31437 1.07905 -0.39674 155 185 186
0.31493 1.05663 -0.41085 155 185 186
0.31636 1.02647 -0.41940 155 185 186
0.31385 1.00282 -0.43020 155 185 186
0.31323 0.97454 -0.43666 184 61 50
0.31839 0.94834 -0.43737 184 61 50
0.31328 0.92032 -0.44155 184 61 50
0.33219 0.91752 0.43881 184 61 50
0.33564 0.94521 0.43867 184 61 50
0.33468 0.97684 0.43317 184 61 50
0.33456 1.00042 0.42775 155 185 186
0.33557 1.03096 0.41833 155 185 186
0.33578 1.05561 0.40746 155 185 186
0.33356 1.07691 0.39286 155 185 186
0.33760 1.10474 0.37569 155 185 186
0.33707 1.12854 0.35865 155 185 186
0.33266 1.14803 0.34019 155 185 186
0.33683 1.17015 0.32038 155 185 186
0.33562 1.18686 0.29590 155 185 186
0.33755 1.20987 0.27147 184 61 50
0.33230 1.22324 0.24586 184 61 50
0.33474 1.23963 0.21656 184 61 50
0.33730 1.25421 0.19061 184 61 50
0.33392 1.26398 0.16231 184 61 50
0.33392 1.27140 0.12647 184 61 50
0.33717 1.27956 0.09950 184 61 50
0.33436 1.28317 0.06460 184 61 50
0.33753 1.28655 0.03127 184 61 50
0.33710 1.28831 0.00028 184 61 50
0.33294 1.28873 -0.03446 184 61 50
0.33222 1.28200 -0.06272 184 61 50
0.33739 1.27658 -0.09469 184 61 50
0.33288 1.27386 -0.13026 184 61 50
0.33798 1.26113 -0.15799 184 61 50
0.33448 1.25181 -0.18851 184 61 50
0.33433 1.23592 -0.21752 184 61 50
0.33273 1.22461 -0.24581 184 61 50
0.33441 1.20968 -0.27216 184 61 50
0.33535 1.18971 -0.29883 155 185 186
0.33792 1.17218 -0.32015 155 185 186
0.33338 1.15044 -0.34452 155 185 186
0.33443 1.12702 -0.36205 155 185 186
0.33793 1.10403 -0.37809 155 185 186
0.33238 1.08052 -0.39449 155 185 186
0.33748 1.05545 -0.40547 155 185 186
0.33514 1.02757 -0.41628 155 185 186
0.33230 0.99976 -0.42546 155 185 186
0.33730 0.97679 -0.43154 184 61 50
0.33426 0.94883 -0.43708 184 61 50
0.33222 0.92062 -0.43849 184 61 50
0.35442 0.92158 0.43517 184 61 50
0.35407 0.94988 0.43327 184 61 50
0.35474 0.97441 0.43244 184 61 50
0.35127 1.00039 0.42757 155 185 186
0.35672 1.02619 0.41506 155 185 186
0.35512 1.05362 0.40684 155 185 186
0.35084 1.07704 0.39188 155 185 186
0.35403 1.10312 0.37570 155 185 186
0.35277 1.12849 0.35990 155 185 186
0.35217 1.14773 0.34288 155 185 186
0.35445 1.16552 0.32201 155 185 186
0.35549 1.18728 0.29832 155 185 186
0.35167 1.20541 0.27438 184 61 50
0.35319 1.22385 0.24676 184 61 50
0.35425 1.23713 0.21576 184 61 50
0.35187 1.24618 0.18877 184 61 50
0.35239 1.26105 0.16086 184 61 50
0.35235 1.26673 0.12800 184 61 50
0.35253 1.27388 0.09887 184 61 50
0.35347 1.27802 0.06474 184 61 50
0.35116 1.28539 0.03236 184 61 50
0.35399 1.28462 -0.00247 184 61 50
0.35095 1.28091 -0.03128 184 61 50
0.35559 1.28047 -0.06216 184 61 50
0.35670 1.27325 -0.09979 184 61 50
0.35349 1.27092 -0.12735 184 61 50
0.35631 1.25893 -0.16010 184 61 50
0.35634 1.24826 -0.19107 184 61 50
0.35345 1.23737 -0.21550 184 61 50
0.35304 1.22287 -0.24620 184 61 50
0.35209 1.20693 -0.27152 184 61 50
0.35528 1.18602 -0.29863 155 185 186
0.35651 1.16756 -0.31868 155 185 186
0.35219 1.14538 -0.34281 155 185 186
0.35594 1.12483 -0.35867 155 185 186
0.35103 1.10016 -0.37593 155 185 186
0.35457 1.08006 -0.39299 155 185 186
0.35538 1.05206 -0.40461 155 185 186
0.35298 1.02847 -0.41773 155 185 186
0.35565 0.99994 -0.42739 155 185 186
0.35669 0.97699 -0.43059 184 61 50
0.35432 0.94532 -0.43402 184 61 50
0.35102 0.92261 -0.43659 184 61 50
0.37276 0.92295 0.43670 184 61 50
0.36971 0.94740 0.43162 184 61 50
0.36999 0.97679 0.43203 184 61 50
0.37248 0.99824 0.42483 155 185 186
0.37051 1.02817 0.41228 155 185 186
0.37358 1.05266 0.40276 155 185 186
0.37554 1.07391 0.39053 155 185 186
0.37205 1.10047 0.37749 155 185 186
0.37543 1.12319 0.35627 155 185 186
0.37259 1.14624 0.34157 155 185 186
0.37014 1.16352 0.32031 155 185 186
0.37442 1.18324 0.29300 155 185 186
0.37117 1.20283 0.26917 184 61 50
0.37440 1.21917 0.24720 184 61 50
0.37161 1.23450 0.21588 184 61 50
0.37177 1.24678 0.18949 184 61 50
0.37407 1.25655 0.15723 184 61 50
0.37500 1.26387 0.12687 184 61 50
0.36993 1.27293 0.09706 184 61 50
0.37109 1.27479 0.06360 184 61 50
0.37486 1.27887 0.03295 184 61 50
0.37472 1.27889 0.00242 184 61 50
0.37492 1.28157 -0.03322 184 61 50
0.37070 1.27690 -0.06313 184 61 50
0.37523 1.27092 -0.09466 184 61 50
0.37213 1.26798 -0.12643 184 61 50
0.37264 1.25456 -0.15725 184 61 50
0.37457 1.24720 -0.18911 184 61 50
0.37519 1.23318 -0.21622 184 61 50
0.37182 1.22119 -0.24204 184 61 50
0.37085 1.20314 -0.26929 184 61 50
0.37250 1.18294 -0.29473 155 185 186
0.37144 1.16736 -0.31608 155 185 186
0.37004 1.14414 -0.34194 155 185 186
0.37116 1.12464 -0.35818 155 185 186
0.37024 1.10336 -0.37749 155 185 186
0.37252 1.07532 -0.38860 155 185 186
0.37219 1.05136 -0.40694 155 185 186
0.37022 1.02844 -0.41215 155 185 186
0.37341 1.00266 -0.42210 155 185 186
0.37084 0.97324 -0.42837 184 61 50
0.37025 0.94791 -0.43020 184 61 50
0.37165 0.91728 -0.43349 184 61 50
0.39217 0.92012 0.43368 184 61 50
0.39244 0.94760 0.43001 184 61 50
0.38887 0.97493 0.42746 184 61 50
0.39174 0.99993 0.42117 155 185 186
0.38966 1.02616 0.41248 155 185 186
0.39156 1.04821 0.39986 155 185 186
0.39123 1.07671 0.39087 155 185 186
0.39393 1.10034 0.37628 155 185 186
0.39049 1.12098 0.35699 155 185 186
0.39214 1.14329 0.33847 155 185 186
0.39295 1.16117 0.31859 155 185 186
0.39233 1.18496 0.29112 155 185 186
0.39090 1.19806 0.27167 184 61 50
0.39217 1.21444 0.24098 184 61 50
0.38974 1.22886 0.21570 184 61 50
0.38991 1.24328 0.18642 184 61 50
0.38893 1.25613 0.15979 184 61 50
0.39089 1.26131 0.12853 184 61 50
0.39296 1.27123 0.09563 184 61 50
0.39170 1.27243 0.06219 184 61 50
0.39164 1.27952 0.03464 184 61 50
0.39012 1.27709 -0.00264 184 61 50
0.39431 1.27955 -0.03177 184 61 50
0.39204 1.27376 -0.06376 184 61 50
0.39416 1.26663 -0.09444 184 61 50
0.39443 1.26316 -0.12846 184 61 50
0.39229 1.25395 -0.15529 184 61 50
0.39066 1.24056 -0.18771 184 61 50
0.39067 1.22857 -0.21331 184 61 50
0.39216 1.21688 -0.24438 184 61 50
0.39066 1.20062 -0.27080 184 61 50
0.38971 1.18491 -0.29602 155 185 186
0.39324 1.16389 -0.31947 155 185 186
0.38940 1.14046 -0.33897 155 185 186
0.39264 1.12315 -0.35458 155 185 186
0.38958 1.10164 -0.37517 155 185 186
0.39249 1.07550 -0.39147 155 185 186
0.38873 1.05308 -0.40148 155 185 186
0.39111 1.02596 -0.41588 155 185 186
0.38968 1.00148 -0.41988 155 185 186
0.39223 0.97566 -0.42538 184 61 50
0.39097 0.94604 -0.43339 184 61 50
0.39062 0.91792 -0.43024 184 61 50
0.41282 0.92011 0.42897 184 61 50
0.41071 0.94718 0.42709 184 61 50
0.40846 0.97576 0.42575 184 61 50
0.40804 1.00077 0.42142 155 185 186
0.41052 1.02331 0.41452 155 185 186
0.40767 1.05241 0.40303 155 185 186
0.40729 1.07167 0.38578 155 185 186
0.41119 1.09986 0.37602 155 185 186
0.40915 1.12162 0.35755 155 185 186
0.40748 1.14184 0.33800 155 185 186
0.41247 1.16185 0.31538 155 185 186
0.41123 1.18221 0.29331 155 185 186
0.41300 1.19460 0.26878 184 61 50
0.41191 1.21477 0.24028 184 61 50
0.41184 1.22647 0.21312 184 61 50
0.41106 1.24237 0.18640 184 61 50
0.41217 1.25182 0.15980 184 61 50
0.40896 1.25915 0.12679 184 61 50
0.41294 1.26353 0.09866 184 61 50
0.40740 1.27072 0.06690 184 61 50
0.41257 1.27330 0.03444 184 61 50
0.41262 1.27198 -0.00211 184 61 50
0.40794 1.27143 -0.02959 184 61 50
0.41216 1.27245 -0.06148 184 61 50
0.41076 1.26717 -0.09425 184 61 50
0.40868 1.26185 -0.12902 184 61 50
0.40944 1.25265 -0.15706 184 61 50
0.40954 1.23867 -0.18638 184 61 50
0.40972 1.22843 -0.21521 184 61 50
0.41019 1.21564 -0.24111 184 61 50
0.41313 1.19664 -0.26784 184 61 50
0.41104 1.17768 -0.29553 155 185 186
0.40946 1.16088 -0.31673 155 185 186
0.41301 1.14334 -0.33495 155 185 186
0.40738 1.11975 -0.35758 155 185 186
0.41038 1.09832 -0.37455 155 185 186
0.40847 1.07218 -0.38786 155 185 186
0.41311 1.05099 -0.39824 155 185 186
0.41161 1.02441 -0.41441 155 185 186
0.41227 0.99955 -0.41776 155 185 186
0.41014 0.97199 -0.42385 184 61 50
0.40778 0.94382 -0.42862 184 61 50
0.41165 0.92135 -0.43382 184 61 50
0.42784 0.92266 0.43106 184 61 50
0.42875 0.94654 0.43070 184 61 50
0.42950 0.97281 0.42723 184 61 50
0.42667 0.99581 0.41685 155 185 186
0.43194 1.02371 0.41283 155 185 186
0.43040 1.04990 0.39792 155 185 186
0.42769 1.06979 0.38443 155 185 186
0.42703 1.09250 0.37053 155 185 186
0.42637 1.11867 0.35204 155 185 186
0.43081 1.14049 0.33328 155 185 186
0.43039 1.15637 0.31199 155 185 186
0.42705 1.17831 0.29402 155 185 186
0.43096 1.19449 0.26676 184 61 50
0.42798 1.20744 0.24153 184 61 50
0.42972 1.22613 0.21534 184 61 50
0.43059 1.23590 0.18566 184 61 50
0.42646 1.24937 0.15889 184 61 50
0.42772 1.25598 0.12549 184 61 50
0.42928 1.26004 0.09619 184 61 50
0.42748 1.26592 0.06488 184 61 50
0.43062 1.26761 0.03275 184 61 50
0.43125 1.27299 -0.00208 184 61 50
0.42660 1.26895 -0.03101 184 61 50
0.43016 1.26458 -0.06159 184 61 50
0.43203 1.26069 -0.09360 184 61 50
0.42771 1.25568 -0.12881 184 61 50
0.42749 1.24616 -0.15389 184 61 50
0.43103 1.23449 -0.18373 184 61 50
0.42794 1.22438 -0.21429 184 61 50
0.42754 1.20745 -0.23937 184 61 50
0.42621 1.19222 -0.26618 184 61 50
0.43076 1.17453 -0.29438 155 185 186
0.42785 1.15616 -0.31476 155 185 186
0.42867 1.13688 -0.33417 155 185 186
0.42960 1.11580 -0.35486 155 185 186
0.42952 1.09691 -0.36955 155 185 186
0.42909 1.07257 -0.38785 155 185 186
0.42966 1.04779 -0.39816 155 185 186
0.42900 1.02269 -0.41224 155 185 186
0.42897 0.99936 -0.41860 155 185 186
0.43017 0.97291 -0.42695 184 61 50
0.42970 0.94459 -0.42751 184 61 50
0.42809 0.91706 -0.43109 184 61 50
0.44603 0.92074 0.42528 184 61 50
0.44688 0.94724 0.42497 184 61 50
0.44626 0.97057 0.42318 184 61 50
0.44942 0.99554 0.41461 155 185 186
0.44941 1.02509 0.40654 155 185 186
0.44817 1.04638 0.39851 155 185 186
0.44960 1.07267 0.38638 155 185 186
0.44875 1.09284 0.36810 155 185 186
0.44719 1.11354 0.35060 155 185 186
0.44608 1.13644 0.33649 155 185 186
0.44826 1.15384 0.31366 155 185 186
0.44935 1.17527 0.29111 155 185 186
0.44511 1.19035 0.26487 184 61 50
0.44733 1.20522 0.24084 184 61 50
0.44526 1.22213 0.21086 184 61 50
0.44810 1.23226 0.18808 184 61 50
0.44976 1.24269 0.15553 184 61 50
0.44695 1.25331 0.12755 184 61 50
0.44531 1.25818 0.09595 184 61 50
0.44752 1.26074 0.06132 184 61 50
0.44598 1.26423 0.03062 184 61 50
0.44690 1.26705 0.00293 184 61 50
0.44807 1.26580 -0.03453 184 61 50
0.44683 1.26369 -0.06098 184 61 50
0.44494 1.25779 -0.09507 184 61 50
0.44660 1.25165 -0.12557 184 61 50
0.44621 1.24171 -0.15925 184 61 50
0.44693 1.23078 -0.18797 184 61 50
0.44725 1.22318 -0.21145 184 61 50
0.44732 1.20442 -0.23963 184 61 50
0.44642 1.19051 -0.26804 184 61 50
0.44521 1.17325 -0.29255 155 185 186
0.44685 1.15422 -0.31063 155 185 186
0.44645 1.13616 -0.33152 155 185 186
0.44728 1.11268 -0.35402 155 185 186
0.45029 1.09279 -0.37082 155 185 186
0.44583 1.06878 -0.38258 155 185 186
0.44563 1.04469 -0.39660 155 185 186
0.44602 1.01977 -0.40968 155 185 186
0.45055 0.99871 -0.41853 155 185 186
0.45012 0.97013 -0.42065 184 61 50
0.44882 0.94855 -0.42671 184 61 50
0.45007 0.92278 -0.42694 184 61 50
0.46944 0.92112 0.42610 184 61 50
0.46480 0.94273 0.42277 184 61 50
0.46892 0.97127 0.42179 184 61 50
0.46442 0.99646 0.41712 155 185 186
0.46858 1.02079 0.40434 155 185 186
0.46636 1.04513 0.39563 155 185 186
0.46640 1.06817 0.38348 155 185 186
0.46772 1.08994 0.36613 155 185 186
0.46476 1.11237 0.35002 155 185 186
0.46578 1.13099 0.33225 155 185 186
0.46571 1.15435 0.31500 155 185 186
0.46736 1.16918 0.28878 155 185 186
0.46687 1.18526 0.26281 184 61 50
0.46653 1.20348 0.24239 184 61 50
0.46762 1.21492 0.21021 184 61 50
0.46737 1.22666 0.18672 184 61 50
0.46660 1.23944 0.15673 184 61 50
0.46740 1.24845 0.12364 184 61 50
0.46940 1.25275 0.09721 184 61 50
0.46923 1.26222 0.06261 184 61 50
0.46632 1.26386 0.02908 184 61 50
0.46942 1.26511 -0.00283 184 61 50
0.46812 1.25947 -0.03391 184 61 50
0.46469 1.25681 -0.06280 184 61 50
0.46674 1.25702 -0.09396 184 61 50
0.46369 1.24576 -0.12681 184 61 50
0.46574 1.24059 -0.15460 184 61 50
0.46953 1.22723 -0.18589 184 61 50
0.46853 1.21776 -0.21491 184 61 50
0.46604 1.20068 -0.23991 184 61 50
0.46417 1.18691 -0.26648 184 61 50
0.46619 1.17017 -0.28751 155 185 186
0.46375 1.15409 -0.30980 155 185 186
0.46656 1.13217 -0.33039 155 185 186
0.46816 1.11188 -0.35122 155 185 186
0.46522 1.09330 -0.37041 155 185 186
0.46522 1.06827 -0.38195 155 185 186
0.46805 1.04775 -0.39417 155 185 186
0.46607 1.02325 -0.40531 155 185 186
0.46370 0.99554 -0.41669 155 185 186
0.46569 0.97193 -0.42077 184 61 50
0.46933 0.94654 -0.42569 184 61 50
0.46649 0.91886 -0.42784 184 61 50
0.48721 0.91814 0.42236 184 61 50
0.48372 0.94800 0.42326 184 61 50
0.48420 0.97166 0.42255 184 61 50
0.48360 0.99518 0.41200 155 185 186
0.48279 1.02250 0.40386 155 185 186
0.48746 1.04469 0.39746 155 185 186
0.48327 1.06943 0.38055 155 185 186
0.48432 1.08766 0.36963 155 185 186
0.48272 1.10917 0.34947 155 185 186
0.48428 1.13140 0.33364 155 185 186
0.48673 1.14920 0.30833 155 185 186
0.48342 1.16590 0.28954 155 185 186
0.48318 1.18562 0.26216 184 61 50
0.48427 1.20116 0.23648 184 61 50
0.48592 1.21096 0.21433 184 61 50
0.48845 1.22801 0.18628 184 61 50
0.48778 1.23433 0.15768 184 61 50
0.48762 1.24431 0.12474 184 61 50
0.48782 1.24953 0.09484 184 61 50
0.48653 1.25612 0.06462 184 61 50
0.48319 1.25638 0.03460 184 61 50
0.48508 1.26096 -0.00028 184 61 50
0.48558 1.25630 -0.03372 184 61 50
0.48630 1.25747 -0.06310 184 61 50
0.48560 1.25212 -0.09409 184 61 50
0.48428 1.24372 -0.12748 184 61 50
0.48799 1.23604 -0.15476 184 61 50
0.48366 1.22763 -0.18486 184 61 50
0.48413 1.21112 -0.20958 184 61 50
0.48397 1.20244 -0.24001 184 61 50
0.48773 1.18483 -0.26371 184 61 50
0.48339 1.16792 -0.28606 155 185 186
0.48503 1.15320 -0.31189 155 185 186
0.48606 1.12920 -0.33238 155 185 186
0.48257 1.11320 -0.34823 155 185 186
0.48671 1.09089 -0.36565 155 185 186
0.48278 1.06463 -0.38274 155 185 186
0.48561 1.04139 -0.39258 155 185 186
0.48342 1.01840 -0.40857 155 185 186
0.48667 0.99603 -0.41130 155 185 186
0.48414 0.96942 -0.41824 184 61 50
0.48665 0.94698 -0.42125 184 61 50
0.48526 0.91983 -0.42171 184 61 50
0.50220 0.91893 0.42295 184 61 50
0.50176 0.94749 0.42402 184 61 50
0.50270 0.97135 0.41651 184 61 50
0.50373 0.99412 0.41255 155 185 186
0.50204 1.02134 0.40122 155 185 186
0.50671 1.04415 0.39457 155 185 186
0.50708 1.06520 0.38213 155 185 186
0.50461 1.08549 0.36835 155 185 186
0.50662 1.10826 0.35216 155 185 186
0.50195 1.12707 0.33262 155 185 186
0.50129 1.15044 0.31269 155 185 186
0.50218 1.16589 0.28776 155 185 186
0.50370 1.17881 0.26251 184 61 50
0.50257 1.19901 0.24115 184 61 50
0.50506 1.20728 0.21382 184 61 50
0.50442 1.22215 0.18596 184 61 50
0.50195 1.23082 0.15684 184 61 50
0.50698 1.24219 0.12600 184 61 50
0.50436 1.24535 0.09479 184 61 50
0.50314 1.24847 0.06478 184 61 50
0.50162 1.25179 0.03181 184 61 50
0.50212 1.25694 -0.00158 184 61 50
0.50251 1.25427 -0.03344 184 61 50
0.50415 1.24919 -0.06438 184 61 50
0.50302 1.24606 -0.09690 184 61 50
0.50360 1.23749 -0.12670 184 61 50
0.50712 1.23234 -0.15535 184 61 50
0.50230 1.22064 -0.18593 184 61 50
0.50496 1.20809 -0.20889 184 61 50
0.50468 1.19897 -0.23676 184 61 50
0.50693 1.17947 -0.26132 184 61 50
0.50341 1.16620 -0.28960 155 185 186
0.50497 1.14992 -0.31246 155 185 186
0.50213 1.12949 -0.33157 155 185 186
0.50450 1.10817 -0.34703 155 185 186
0.50306 1.08447 -0.36611 155 185 186
0.50148 1.06273 -0.38313 155 185 186
0.50295 1.04142 -0.39545 155 185 186
0.50283 1.01870 -0.40201 155 185 186
0.50629 0.99660 -0.41275 155 185 186
0.50384 0.96866 -0.41712 184 61 50
0.50605 0.94778 -0.42136 184 61 50
0.50576 0.92247 -0.42308 184 61 50
0.52294 0.91788 0.42432 184 61 50
0.52099 0.94530 0.41882 184 61 50
0.52545 0.97166 0.41429 184 61 50
0.52117 0.99579 0.41045 155 185 186
0.52187 1.01608 0.40488 155 185 186
0.52403 1.04102 0.39089 155 185 186
0.52449 1.06330 0.38021 155 185 186
0.52591 1.08470 0.36667 155 185 186
0.52405 1.10529 0.34850 155 185 186
0.52071 1.12340 0.33002 155 185 186
0.52488 1.14615 0.30629 155 185 186
0.52475 1.16214 0.28587 155 185 186
0.52458 1.17571 0.26409 184 61 50
0.52170 1.19221 0.23479 184 61 50
0.52057 1.20770 0.20823 184 61 50
0.52510 1.21621 0.18518 184 61 50
0.52548 1.22519 0.15114 184 61 50
0.52479 1.23289 0.12578 184 61 50
0.52061 1.24374 0.09349 184 61 50
0.52366 1.24587 0.06476 184 61 50
0.52467 1.24783 0.02956 184 61 50
0.52420 1.24757 -0.00264 184 61 50
0.52391 1.25007 -0.03357 184 61 50
0.52413 1.24564 -0.06448 184 61 50
0.52174 1.24377 -0.09491 184 61 50
0.52167 1.23826 -0.12373 184 61 50
0.52309 1.22935 -0.15281 184 61 50
0.52074 1.22033 -0.18448 184 61 50
0.52262 1.20817 -0.20942 184 61 50
0.52152 1.19024 -0.23510 184 61 50
0.52500 1.17720 -0.26171 184 61 50
0.52580 1.16402 -0.28678 155 185 186
0.52518 1.14728 -0.30693 155 185 186
0.52153 1.12760 -0.32653 155 185 186
0.52226 1.10727 -0.34678 155 185 186
0.52093 1.08712 -0.36638 155 185 186
0.52158 1.06174 -0.37919 155 185 186
0.52369 1.04284 -0.39074 155 185 186
0.52362 1.01969 -0.40104 155 185 186
0.52437 0.99565 -0.41053 155 185 186
0.52362 0.96894 -0.41966 184 61 50
0.52288 0.94679 -0.41726 184 61 50
0.52319 0.92050 -0.42142 184 61 50
0.54077 0.91938 0.42159 184 61 50
0.53974 0.94229 0.41706 184 61 50
0.54019 0.96868 0.41493 184 61 50
0.54134 0.99032 0.40801 155 185 186
0.53898 1.01476 0.40122 155 185 186
0.54079 1.04057 0.39193 155 185 186
0.54006 1.06080 0.37892 155 185 186
0.54049 1.08015 0.36248 155 185 186
0.54173 1.10391 0.34851 155 185 186
0.54083 1.12009 0.32966 155 185 186
0.54342 1.14097 0.30607 155 185 186
0.53982 1.16158 0.28327 155 185 186
0.54106 1.17340 0.26142 184 61 50
0.54269 1.18622 0.23675 184 61 50
0.54257 1.20128 0.21154 184 61 50
0.54074 1.21246 0.18112 184 61 50
0.53975 1.22301 0.15172 184 61 50
0.54048 1.23410 0.12231 184 61 50
0.54207 1.23979 0.09449 184 61 50
0.53936 1.24210 0.06429 184 61 50
0.53976 1.24226 0.03152 184 61 50
0.54410 1.24437 0.00040 184 61 50
0.54057 1.24757 -0.03249 184 61 50
0.54293 1.24208 -0.05967 184 61 50
0.54458 1.23506 -0.09545 184 61 50
0.54270 1.22998 -0.12389 184 61 50
0.54461 1.22604 -0.15131 184 61 50
0.54325 1.21219 -0.18048 184 61 50
0.53941 1.20263 -0.20779 184 61 50
0.53896 1.19025 -0.23661 184 61 50
0.54227 1.17439 -0.25940 184 61 50
0.54287 1.15954 -0.28588 155 185 186
0.53926 1.14447 -0.30760 155 185 186
0.54027 1.12207 -0.33118 155 185 186
0.54466 1.10116 -0.34987 155 185 186
0.54422 1.08277 -0.36639 155 185 186
0.54289 1.05954 -0.37862 155 185 186
0.54279 1.04014 -0.39275 155 185 186
0.53936 1.01799 -0.39871 155 185 186
0.54360 0.98949 -0.41216 155 185 186
0.54268 0.96556 -0.41742 184 61 50
0.54437 0.94658 -0.41642 184 61 50
0.54164 0.92156 -0.41888 184 61 50
0.56086 0.91727 0.41739 184 61 50
0.56110 0.94318 0.41485 184 61 50
0.56315 0.96592 0.41153 184 61 50
0.55846 0.99120 0.40766 155 185 186
0.56187 1.01336 0.40047 155 185 186
0.55909 1.03966 0.38969 155 185 186
0.56102 1.05774 0.37932 155 185 186
0.56220 1.07822 0.36219 155 185 186
0.56203 1.10325 0.34758 155 185 186
0.55834 1.11913 0.32698 155 185 186
0.56001 1.13963 0.30921 155 185 186
0.55847 1.15717 0.28327 155 185 186
0.55849 1.17247 0.25880 184 61 50
0.55943 1.18269 0.23352 184 61 50
0.56347 1.19817 0.20733 184 61 50
0.56359 1.21122 0.17999 184 61 50
0.56132 1.21691 0.15182 184 61 50
0.56179 1.22875 0.12550 184 61 50
0.55822 1.23420 0.09328 184 61 50
0.55809 1.23512 0.06333 184 61 50
0.56280 1.23951 0.02854 184 61 50
0.56083 1.23965 0.00262 184 61 50
0.56268 1.24163 -0.03097 184 61 50
0.56119 1.23841 -0.06086 184 61 50
0.55946 1.23208 -0.09064 184 61 50
0.55888 1.22838 -0.12503 184 61 50
0.55995 1.21936 -0.15039 184 61 50
0.56321 1.20673 -0.18215 184 61 50
0.56112 1.19631 -0.20876 184 61 50
0.56001 1.18356 -0.23533 184 61 50
0.56170 1.16837 -0.25842 184 61 50
0.56184 1.15336 -0.28294 155 185 186
0.56272 1.13798 -0.30836 155 185 186
0.56076 1.12249 -0.32964 155 185 186
0.56303 1.09797 -0.34659 155 185 186
0.55829 1.08088 -0.36099 155 185 186
0.56311 1.05821 -0.37770 155 185 186
0.56070 1.03639 -0.39132 155 185 186
0.56210 1.01719 -0.39818 155 185 186
0.56131 0.99096 -0.40492 155 185 186
0.55858 0.96602 -0.41079 184 61 50
0.56291 0.94386 -0.41717 184 61 50
0.56069 0.91741 -0.41579 184 61 50
0.58187 0.91842 0.41521 184 61 50
0.57824 0.94152 0.41770 184 61 50
0.57708 0.96701 0.41201 184 61 50
0.58244 0.98915 0.40717 155 185 186
0.57772 1.01402 0.40088 155 185 186
0.58210 1.03430 0.38740 155 185 186
0.57855 1.05444 0.37254 155 185 186
0.57790 1.07735 0.36371 155 185 186
0.58188 1.09696 0.34693 155 185 186
0.58219 1.11809 0.32689 155 185 186
0.57917 1.13498 0.30602 155 185 186
0.57660 1.15374 0.28374 155 185 186
0.57893 1.16978 0.26265 184 61 50
0.58040 1.18147 0.23586 184 61 50
0.57806 1.19094 0.20862 184 61 50
0.57780 1.20424 0.18066 184 61 50
0.57920 1.21258 0.15506 184 61 50
0.58131 1.22228 0.12054 184 61 50
0.57828 1.22541 0.09537 184 61 50
0.58230 1.22994 0.06103 184 61 50
0.58004 1.23809 0.02879 184 61 50
0.57905 1.23324 -0.00111 184 61 50
0.58046 1.23498 -0.03216 184 61 50
0.58019 1.23289 -0.06190 184 61 50
0.57697 1.22685 -0.09133 184 61 50
0.57901 1.22096 -0.12253 184 61 50
0.57845 1.21248 -0.15338 184 61 50
0.57951 1.20518 -0.18292 184 61 50
0.57673 1.19472 -0.21096 184 61 50
0.58251 1.17997 -0.23389 184 61 50
0.58076 1.16808 -0.25744 184 61 50
0.57988 1.15104 -0.28174 155 185 186
0.58211 1.13438 -0.30401 155 185 186
0.58221 1.11796 -0.32352 155 185 186
0.57987 1.09638 -0.34305 155 185 186
0.58082 1.07618 -0.35798 155 185 186
0.57876 1.05910 -0.37754 155 185 186
0.58054 1.03621 -0.38940 155 185 186
0.57745 1.01572 -0.39538 155 185 186
0.57715 0.99228 -0.40419 155 185 186
0.57784 0.96865 -0.41156 184 61 50
0.57692 0.94316 -0.41265 184 61 50
0.58145 0.91776 -0.41781 184 61 50
0.59592 0.91829 0.41806 184 61 50
0.59534 0.94579 0.41227 184 61 50
0.59667 0.96395 0.41001 184 61 50
0.59988 0.98760 0.40433 155 185 186
0.59621 1.01053 0.39831 155 185 186
0.59922 1.03370 0.38853 155 185 186
0.60075 1.05204 0.37188 155 185 186
0.59635 1.07549 0.35918 155 185 186
0.59797 1.09556 0.34558 155 185 186
0.59857 1.11528 0.32491 155 185 186
0.60053 1.13391 0.30443 155 185 186
0.59969 1.15039 0.28070 155 185 186
0.59753 1.16624 0.25842 184 61 50
0.60047 1.17671 0.23117 184 61 50
0.60124 1.18885 0.20729 184 61 50
0.59727 1.19763 0.17962 184 61 50
0.60011 1.21210 0.15274 184 61 50
0.59687 1.22004 0.12483 184 61 50
0.59640 1.22253 0.09243 184 61 50
0.59627 1.22619 0.06082 184 61 50
0.59635 1.23310 0.02820 184 61 50
0.60046 1.23228 0.00066 184 61 50
0.59633 1.22983 -0.03209 184 61 50
0.59601 1.22740 -0.06136 184 61 50
0.59779 1.22049 -0.09169 184 61 50
0.59843 1.21476 -0.12323 184 61 50
0.59552 1.20881 -0.15263 184 61 50
0.59816 1.19987 -0.17907 184 61 50
0.59908 1.18885 -0.20765 184 61 50
0.59813 1.17657 -0.23235 184 61 50
0.59881 1.16587 -0.25669 184 61 50
0.60081 1.15055 -0.28406 155 185 186
0.59926 1.13341 -0.30694 155 185 186
0.59658 1.11625 -0.32604 155 185 186
0.59859 1.09405 -0.34366 155 185 186
0.60045 1.07794 -0.36189 155 185 186
0.59772 1.05636 -0.37166 155 185 186
0.59988 1.03358 -0.38668 155 185 186
0.59871 1.01454 -0.39774 155 185 186
0.59579 0.99152 -0.40508 155 185 186
0.60118 0.96645 -0.40907 184 61 50
0.59646 0.94156 -0.41582 184 61 50
0.59538 0.91932 -0.41263 184 61 50
0.61827 0.91861 0.41231 184 61 50
0.61829 0.94508 0.41517 184 61 50
0.61705 0.96356 0.40847 184 61 50
0.61772 0.99093 0.40373 155 185 186
0.61641 1.01183 0.39339 155 185 186
0.61905 1.02890 0.38312 155 185 186
0.61844 1.05393 0.37518 155 185 186
0.61913 1.07499 0.35812 155 185 186
0.62013 1.09495 0.34254 155 185 186
0.61523 1.11017 0.32275 155 185 186
0.61726 1.12989 0.30564 155 185 186
0.61562 1.14706 0.28134 155 185 186
0.61683 1.16005 0.25570 184 61 50
0.61756 1.17529 0.23115 184 61 50
0.61950 1.18403 0.20548 184 61 50
0.61697 1.19281 0.17889 184 61 50
0.61943 1.20641 0.14993 184 61 50
0.61986 1.21384 0.12161 184 61 50
0.61595 1.21845 0.09395 184 61 50
0.61475 1.22388 0.06129 184 61 50
0.61541 1.22717 0.03164 184 61 50
0.61716 1.22741 -0.00138 184 61 50
0.61473 1.22396 -0.03300 184 61 50
0.61642 1.22371 -0.06363 184 61 50
0.61982 1.22009 -0.09456 184 61 50
0.61680 1.21150 -0.12340 184 61 50
0.61569 1.20745 -0.15097 184 61 50
0.61836 1.19864 -0.17859 184 61 50
0.61608 1.18655 -0.20615 184 61 50
0.61835 1.17075 -0.23566 184 61 50
0.61668 1.15949 -0.25853 184 61 50
0.61971 1.14208 -0.27896 155 185 186
0.61868 1.13066 -0.30421 155 185 186
0.61639 1.11318 -0.32456 155 185 186
0.61568 1.09401 -0.33971 155 185 186
0.61710 1.07396 -0.35694 155 185 186
0.61779 1.05259 -0.37197 155 185 186
0.61419 1.02967 -0.38343 155 185 186
0.61485 1.01021 -0.39362 155 185 186
0.61628 0.98724 -0.40169 155 185 186
0.61570 0.96603 -0.40629 184 61 50
0.61829 0.94266 -0.41010 184 61 50
0.61436 0.92067 -0.41083 184 61 50
0.63741 0.92261 0.40905 184 61 50
0.63594 0.94202 0.41170 184 61 50
0.63869 0.96293 0.40817 184 61 50
0.63307 0.98877 0.40408 184 61 50
0.63718 1.00756 0.39334 184 61 50
0.63431 1.02919 0.38224 184 61 50
0.63596 1.05177 0.37148 184 61 50
0.63683 1.07063 0.35631 184 61 50
0.63593 1.08959 0.33813 184 61 50
0.63576 1.10537 0.31979 184 61 50
0.63722 1.12414 0.30090 184 61 50
0.63893 1.14319 0.27832 184 61 50
0.63748 1.15253 0.25711 184 61 50
0.63712 1.17117 0.22957 184 61 50
0.63300 1.17811 0.20569 184 61 50
0.63824 1.19331 0.18154 184 61 50
0.63598 1.20230 0.14924 184 61 50
0.63579 1.20992 0.12339 184 61 50
0.63296 1.21583 0.09103 184 61 50
0.63524 1.21439 0.06283 184 61 50
0.63873 1.22268 0.02801 184 61 50
0.63536 1.22033 -0.00054 184 61 50
0.63567 1.21740 -0.02837 184 61 50
0.63726 1.21962 -0.06098 184 61 50
0.63394 1.21226 -0.08963 184 61 50
0.63529 1.20738 -0.11918 184 61 50
0.63333 1.20185 -0.14899 184 61 50
0.63541 1.18944 -0.17962 184 61 50
0.63535 1.18254 -0.20462 184 61 50
0.63428 1.16732 -0.23133 184 61 50
0.63327 1.15344 -0.25536 184 61 50
0.63753 1.13918 -0.28123 184 61 50
0.63569 1.12328 -0.30116 184 61 50
0.63565 1.10893 -0.32151 184 61 50
0.63641 1.08894 -0.34308 184 61 50
0.63691 1.07286 -0.35724 184 61 50
0.63708 1.04889 -0.37028 184 61 50
0.63656 1.02691 -0.38481 184 61 50
0.63855 1.00829 -0.39177 184 61 50
0.63699 0.98516 -0.40220 184 61 50
0.63824 0.96416 -0.40729 184 61 50
0.63703 0.94142 -0.41078 184 61 50
0.63654 0.92028 -0.41411 184 61 50
0.65467 0.92209 0.41271 184 61 50
0.65741 0.94199 0.40954 184 61 50
0.65178 0.96483 0.40345 184 61 50
0.65216 0.98394 0.39932 184 61 50
0.65542 1.00799 0.39510 184 61 50
0.65413 1.02946 0.38330 184 61 50
0.65378 1.04778 0.36826 184 61 50
0.65479 1.06824 0.35566 184 61 50
0.65450 1.08444 0.33663 184 61 50
0.65594 1.10121 0.31919 184 61 50
0.65381 1.12174 0.30286 184 61 50
0.65306 1.13758 0.27888 184 61 50
0.65576 1.14984 0.25369 184 61 50
0.65388 1.16205 0.22972 184 61 50
0.65383 1.17570 0.20494 184 61 50
0.65732 1.18801 0.17964 184 61 50
0.65655 1.19233 0.15212 184 61 50
0.65692 1.20212 0.11851 184 61 50
0.65424 1.20819 0.09010 184 61 50
0.65696 1.21490 0.06114 184 61 50
0.65359 1.21296 0.03280 184 61 50
0.65442 1.21369 0.00008 184 61 50
0.65620 1.21604 -0.02877 184 61 50
0.65587 1.21182 -0.05871 184 61 50
0.65673 1.20701 -0.09216 184 61 50
0.65556 1.19913 -0.12062 184 61 50
0.65384 1.19531 -0.15142 184 61 50
0.65273 1.18473 -0.17740 184 61 50
0.65658 1.17554 -0.20245 184 61 50
0.65549 1.16421 -0.23088 184 61 50
0.65234 1.14843 -0.25333 184 61 50
0.65617 1.13920 -0.28206 184 61 50
0.65408 1.11909 -0.30371 184 61 50
0.65453 1.10237 -0.32108 184 61 50
0.65192 1.08547 -0.33990 184 61 50
0.65684 1.06488 -0.35782 184 61 50
0.65585 1.04958 -0.37273 184 61 50
0.65208 1.03034 -0.38150 184 61 50
0.65761 1.00761 -0.39371 184 61 50
0.65233 0.98319 -0.40014 184 61 50
0.65347 0.96632 -0.40571 184 61 50
0.65756 0.94283 -0.40916 184 61 50
0.65501 0.92083 -0.41264 184 61 50
0.67178 0.91816 0.41114 184 61 50
0.67144 0.94001 0.40632 184 61 50
0.67088 0.96344 0.40400 184 61 50
0.67267 0.98333 0.39590 184 61 50
0.67531 1.00358 0.39138 184 61 50
0.67497 1.02502 0.38173 184 61 50
0.67587 1.04690 0.36985 184 61 50
0.67428 1.06753 0.35597 184 61 50
0.67645 1.08211 0.33997 184 61 50
0.67371 1.09857 0.32019 184 61 50
0.67061 1.11537 0.30232 184 61 50
0.67090 1.13492 0.27689 184 61 50
0.67531 1.14607 0.25692 184 61 50
0.67530 1.15679 0.22983 184 61 50
0.67656 1.16842 0.20672 184 61 50
0.67091 1.17981 0.17657 184 61 50
0.67267 1.19188 0.14922 184 61 50
0.67480 1.19722 0.12013 184 61 50
0.67258 1.20247 0.09012 184 61 50
0.67188 1.20622 0.06207 184 61 50
0.67620 1.21088 0.02983 184 61 50
0.67525 1.21003 0.00111 184 61 50
0.67109 1.21068 -0.02823 184 61 50
0.67158 1.20875 -0.06152 184 61 50
0.67550 1.20129 -0.09353 184 61 50
0.67402 1.19944 -0.11893 184 61 50
0.67303 1.19208 -0.14682 184 61 50
0.67477 1.18358 -0.17734 184 61 50
0.67599 1.17142 -0.20387 184 61 50
0.67511 1.15732 -0.23077 184 61 50
0.67570 1.14580 -0.25591 184 61 50
0.67190 1.13367 -0.28027 184 61 50
0.67175 1.11603 -0.30056 184 61 50
0.67328 1.10300 -0.31683 184 61 50
0.67355 1.08054 -0.33970 184 61 50
0.67372 1.06212 -0.35346 184 61 50
0.67118 1.04384 -0.36900 184 61 50
0.67608 1.02718 -0.38070 184 61 50
0.67577 1.00319 -0.38855 184 61 50
0.67575 0.98372 -0.39990 184 61 50
0.67356 0.96033 -0.40234 184 61 50
0.67373 0.94414 -0.40569 184 61 50
0.67477 0.92269 -0.40907 184 61 50
0.69137 0.92242 0.40619 184 61 50
0.69326 0.94200 0.40753 184 61 50
0.68972 0.96088 0.40315 184 61 50
0.69234 0.98167 0.39766 184 61 50
0.69281 1.00459 0.38641 184 61 50
0.69484 1.02119 0.37741 184 61 50
0.69119 1.04604 0.36676 184 61 50
0.69470 1.05929 0.35160 184 61 50
0.69414 1.08093 0.33578 184 61 50
0.69106 1.09752 0.32112 184 61 50
0.69534 1.11404 0.29634 184 61 50
0.69443 1.12545 0.27751 184 61 50
0.68990 1.14047 0.25654 184 61 50
0.69369 1.15734 0.23174 184 61 50
0.68954 1.16461 0.20173 184 61 50
0.69322 1.17631 0.17907 184 61 50
0.68982 1.18288 0.15130 184 61 50
0.69125 1.19199 0.11905 184 61 50
0.68945 1.19592 0.08993 184 61 50
0.69357 1.19878 0.05926 184 61 50
0.69447 1.20308 0.03281 184 61 50
0.69082 1.20163 -0.00086 184 61 50
0.69017 1.20586 -0.03023 184 61 50
0.69049 1.20150 -0.06067 184 61 50
0.69087 1.19424 -0.09145 184 61 50
0.69270 1.19038 -0.12019 184 61 50
0.69120 1.18155 -0.15064 184 61 50
0.69214 1.17704 -0.17446 184 61 50
0.69197 1.16879 -0.20603 184 61 50
0.69399 1.15251 -0.22837 184 61 50
0.69341 1.14301 -0.25574 184 61 50
0.69134 1.12721 -0.27426 184 61 50
0.69391 1.11373 -0.29929 184 61 50
0.69096 1.09792 -0.31700 184 61 50
0.69176 1.07900 -0.33937 184 61 50
0.68986 1.06158 -0.35018 184 61 50
0.69531 1.04204 -0.36433 184 61 50
0.69243 1.02077 -0.37690 184 61 50
0.69396 1.00309 -0.38668 184 61 50
0.69175 0.98126 -0.39982 184 61 50
0.69430 0.96038 -0.40090 184 61 50
0.68985 0.94326 -0.40510 184 61 50
0.69299 0.91992 -0.40501 184 61 50
0.71418 0.92300 0.40628 184 61 50
0.71231 0.94203 0.40726 184 61 50
0.71126 0.95937 0.40062 184 61 50
0.70829 0.97926 0.39525 184 61 50
0.70925 0.99903 0.39037 184 61 50
0.71363 1.02238 0.37835 184 61 50
0.71390 1.04274 0.36553 184 61 50
0.71083 1.05607 0.34983 184 61 50
0.70867 1.07408 0.33311 184 61 50
0.70903 1.09504 0.31846 184 61 50
0.71190 1.11085 0.29768 184 61 50
0.71407 1.12227 0.27563 184 61 50
0.71331 1.13663 0.25391 184 61 50
0.70904 1.14675 0.23018 184 61 50
0.70873 1.16038 0.20249 184 61 50
0.70874 1.17020 0.17883 184 61 50
0.71155 1.17937 0.14799 184 61 50
0.71329 1.18371 0.12182 184 61 50
0.71054 1.18818 0.09268 184 61 50
0.71160 1.19702 0.06039 184 61 50
0.71383 1.19803 0.03029 184 61 50
0.71277 1.19630 -0.00125 184 61 50
0.71358 1.19629 -0.03152 184 61 50
0.71314 1.19206 -0.06168 184 61 50
0.71400 1.19341 -0.09099 184 61 50
0.71207 1.18414 -0.12242 184 61 50
0.70851 1.17605 -0.14642 184 61 50
0.71126 1.17241 -0.17329 184 61 50
0.70953 1.15867 -0.20302 184 61 50
0.71149 1.15116 -0.23096 184 61 50
0.71361 1.13744 -0.25109 184 61 50
0.71079 1.12266 -0.27442 184 61 50
0.70865 1.11168 -0.29918 184 61 50
0.70892 1.09503 -0.31620 184 61 50
0.71076 1.07561 -0.33375 184 61 50
0.71289 1.06084 -0.35437 184 61 50
0.71236 1.04071 -0.36393 184 61 50
0.70976 1.02061 -0.37480 184 61 50
0.71242 1.00054 -0.39010 184 61 50
0.71228 0.98455 -0.39801 184 61 50
0.71322 0.96117 -0.40364 184 61 50
0.70857 0.94177 -0.40694 184 61 50
0.71343 0.92205 -0.40369 184 61 50
0.72726 0.92212 0.40390 184 61 50
0.72997 0.94149 0.40094 184 61 50
0.72748 0.96175 0.39985 184 61 50
0.73245 0.98040 0.39174 184 61 50
0.73142 0.99909 0.38447 184 61 50
0.72887 1.01761 0.37637 184 61 50
0.73241 1.03847 0.36386 184 61 50
0.72832 1.05408 0.34844 184 61 50
0.72744 1.07083 0.33549 184 61 50
0.73207 1.08803 0.31529 184 61 50
0.72725 1.10293 0.29363 184 61 50
0.72733 1.12110 0.27220 184 61 50
0.73062 1.13108 0.24955 184 61 50
0.73069 1.14231 0.22880 184 61 50
0.72785 1.15652 0.20192 184 61 50
0.73127 1.16684 0.17562 184 61 50
0.72829 1.17294 0.15036 184 61 50
0.73293 1.17975 0.12051 184 61 50
0.72987 1.18425 0.09039 184 61 50
0.73044 1.19047 0.06211 184 61 50
0.73039 1.19202 0.03193 184 61 50
0.73212 1.19134 0.00300 184 61 50
0.73179 1.18966 -0.02946 184 61 50
0.73266 1.18701 -0.06134 184 61 50
0.73183 1.18395 -0.08958 184 61 50
0.72775 1.18087 -0.12003 184 61 50
0.72970 1.17580 -0.14647 184 61 50
0.73123 1.16251 -0.17563 184 61 50
0.73076 1.15397 -0.20323 184 61 50
0.72732 1.14721 -0.22777 184 61 50
0.73203 1.13252 -0.24938 184 61 50
0.73173 1.11650 -0.27514 184 61 50
0.73071 1.10281 -0.29587 184 61 50
0.72910 1.08787 -0.31452 184 61 50
0.72812 1.07187 -0.33334 184 61 50
0.72969 1.05757 -0.34942 184 61 50
0.73263 1.03670 -0.36367 184 61 50
0.72769 1.01766 -0.37786 184 61 50
0.73070 0.99771 -0.38349 184 61 50
0.72911 0.98016 -0.39297 184 61 50
0.72878 0.95956 -0.40069 184 61 50
0.73057 0.94259 -0.40488 184 61 50
0.73017 0.91761 -0.40152 184 61 50
-0.87002 0.93947 0.40115 155 185 186
-0.87076 0.93903 0.37678 155 185 186
-0.86930 0.94082 0.35523 155 185 186
-0.87056 0.93854 0.33200 155 185 186
-0.86881 0.93893 0.30977 155 185 186
-0.86911 0.94085 0.28577 155 185 186
-0.86983 0.94123 0.26193 155 185 186
-0.87043 0.93918 0.24093 155 185 186
-0.87103 0.94137 0.21680 155 185 186
-0.87052 0.93910 0.19353 155 185 186
-0.87046 0.93902 0.17217 155 185 186
-0.87039 0.93879 0.14868 155 185 186
-0.86916 0.94034 0.12636 155 185 186
-0.86904 0.94020 0.10152 155 185 186
-0.86957 0.93932 0.08112 155 185 186
-0.87141 0.93915 0.05759 155 185 186
-0.87050 0.94072 0.03301 155 185 186
-0.87026 0.93906 0.01137 155 185 186
-0.87131 0.93941 -0.01018 155 185 186
-0.86871 0.94089 -0.03511 155 185 186
-0.87028 0.93945 -0.05615 155 185 186
-0.87075 0.94055 -0.08132 155 185 186
-0.86877 0.94097 -0.10292 155 185 186
-0.86899 0.93876 -0.12659 155 185 186
-0.87028 0.94092 -0.14932 155 185 186
-0.86955 0.93913 -0.17289 155 185 186
-0.86965 0.94010 -0.19572 155 185 186
-0.87068 0.94108 -0.21634 155 185 186
-0.87108 0.94107 -0.24000 155 185 186
-0.86971 0.94065 -0.26199 155 185 186
-0.86852 0.93997 -0.28487 155 185 186
-0.87027 0.94144 -0.30861 155 185 186
-0.87085 0.94014 -0.33000 155 185 186
-0.86993 0.93934 -0.35461 155 185 186
-0.87065 0.94121 -0.37863 155 185 186
-0.87073 0.93852 -0.40039 155 185 186
-0.86377 0.94910 0.40134 155 185 186
-0.86330 0.95005 0.37730 155 185 186
-0.86444 0.94993 0.35430 155 185 186
-0.86403 0.95112 0.33187 155 185 186
-0.86165 0.95086 0.30859 155 185 186
-0.86371 0.94857 0.28628 155 185 186
-0.86208 0.94946 0.26285 155 185 186
-0.86234 0.95038 0.23969 155 185 186
-0.86182 0.95101 0.21811 155 185 186
-0.86216 0.95122 0.19482 155 185 186
-0.86252 0.94980 0.17229 155 185 186
-0.86212 0.94921 0.15000 155 185 186
-0.86392 0.95143 0.12643 155 185 186
-0.86329 0.94960 0.10273 155 185 186
-0.86321 0.95070 0.07923 155 185 186
-0.86440 0.94987 0.05649 155 185 186
-0.86454 0.95143 0.03469 155 185 186
-0.86238 0.94955 0.01120 155 185 186
-0.86182 0.95048 -0.01113 155 185 186
-0.86262 0.95075 -0.03338 155 185 186
-0.86239 0.94967 -0.05670 155 185 186
-0.86435 0.94922 -0.07953 155 185 186
-0.86243 0.94949 -0.10269 155 185 186
-0.86336 0.94934 -0.12575 155 185 186
-0.86402 0.95072 -0.14953 155 185 186
-0.86284 0.95045 -0.17011 155 185 186
-0.86430 0.94933 -0.19518 155 185 186
-0.86422 0.95140 -0.21729 155 185 186
-0.86312 0.94937 -0.23934 155 185 186
-0.86325 0.94923 -0.26255 155 185 186
-0.86316 0.95066 -0.28498 155 185 186
-0.86364 0.95030 -0.30875 155 185 186
-0.86235 0.94952 -0.32996 155 185 186
-0.86300 0.95040 -0.35523 155 185 186
-0.86212 0.94978 -0.37696 155 185 186
-0.86396 0.94856 -0.40099 155 185 186
-0.85586 0.95890 0.39967 155 185 186
-0.85679 0.95955 0.37831 155 185 186
-0.85517 0.95887 0.35443 155 185 186
-0.85742 0.95954 0.33127 155 185 186
-0.85591 0.95932 0.30936 155 185 186
-0.85765 0.96104 0.28684 155 185 186
-0.85489 0.95988 0.26375 155 185 186
-0.85503 0.95938 0.23874 155 185 186
-0.85692 0.96075 0.21708 155 185 186
-0.85669 0.96028 0.19380 155 185 186
-0.85748 0.96017 0.17166 155 185 186
-0.85708 0.96011 0.14904 155 185 186
-0.85722 0.96001 0.12664 155 185 186
-0.85730 0.95917 0.10262 155 185 186
-0.85656 0.95882 0.08038 155 185 186
-0.85613 0.95888 0.05591 155 185 186
-0.85583 0.96012 0.03470 155 185 186
-0.85567 0.96073 0.01272 155 185 186
-0.85598 0.95857 -0.01065 155 185 186
-0.85529 0.96147 -0.03281 155 185 186
-0.85665 0.96045 -0.05722 155 185 186
-0.85733 0.96088 -0.07892 155 185 186
-0.85705 0.96055 -0.10199 155 185 186
-0.85661 0.95995 -0.12464 155 185 186
-0.85524 0.96044 -0.14774 155 185 186
-0.85683 0.96150 -0.17070 155 185 186
-0.85536 0.96060 -0.19350 155 185 186
-0.85743 0.95850 -0.21842 155 185 186
-0.85621 0.95905 -0.23973 155 185 186
-0.85535 0.95957 -0.26197 155 185 186
-0.85616 0.95933 -0.28572 155 185 186
-0.85487 0.96047 -0.30792 155 185 186
-0.85512 0.95896 -0.33141 155 185 186
-0.85648 0.96056 -0.35310 155 185 186
-0.85732 0.95887 -0.37731 155 185 186
-0.85534 0.95857 -0.40096 155 185 186
-0.84999 0.97032 0.40123 155 185 186
-0.84807 0.96902 0.37668 155 185 186
-0.84987 0.97127 0.35536 155 185 186
-0.84920 0.97132 0.33176 155 185 186
-0.84909 0.96932 0.30880 155 185 186
-0.84782 0.97129 0.28565 155 185 186
-0.84784 0.96963 0.26219 155 185 186
-0.84910 0.96961 0.23898 155 185 186
-0.84896 0.97040 0.21726 155 185 186
-0.84865 0.97048 0.19295 155 185 186
-0.84926 0.97090 0.17089 155 185 186
-0.84914 0.96949 0.14718 155 185 186
-0.84927 0.97009 0.12515 155 185 186
-0.85038 0.96955 0.10283 155 185 186
-0.84911 0.96934 0.08090 155 185 186
-0.84936 0.97117 0.05681 155 185 186
-0.84865 0.96967 0.03393 155 185 186
-0.84988 0.96868 0.01252 155 185 186
-0.84813 0.96974 -0.01256 155 185 186
-0.85064 0.96912 -0.03283 155 185 186
-0.84793 0.97135 -0.05850 155 185 186
-0.84914 0.97073 -0.07915 155 185 186
-0.84814 0.97023 -0.10422 155 185 186
-0.84957 0.97049 -0.12510 155 185 186
-0.84804 0.97030 -0.14838 155 185 186
-0.85053 0.96896 -0.17287 155 185 186
-0.84790 0.97086 -0.19367 155 185 186
-0.85045 0.96856 -0.21604 155 185 186
-0.84838 0.96924 -0.23978 155 185 186
-0.84793 0.97085 -0.26139 155 185 186
-0.84862 0.96884 -0.28427 155 185 186
-0.84929 0.97054 -0.30907 155 185 186
-0.84882 0.97080 -0.33026 155 185 186
-0.85014 0.97126 -0.35570 155 185 186
-0.84787 0.97045 -0.37814 155 185 186
-0.84988 0.97142 -0.40011 155 185 186
-0.84230 0.97853 0.40018 155 185 186
-0.84224 0.98058 0.37706 155 185 186
-0.84230 0.97865 0.35563 155 185 186
-0.84204 0.98011 0.33244 155 185 186
-0.84264 0.97959 0.30787 155 185 186
-0.84377 0.97924 0.28597 155 185 186
-0.84146 0.98038 0.26346 155 185 186
-0.84354 0.98067 0.24105 155 185 186
-0.84362 0.98117 0.21568 155 185 186
-0.84264 0.98132 0.19354 155 185 186
-0.84288 0.97855 0.17022 155 185 186
-0.84175 0.97885 0.14722 155 185 186
-0.84198 0.97856 0.12466 155 185 186
-0.84239 0.98032 0.10293 155 185 186
-0.84112 0.97972 0.07858 155 185 186
-0.84275 0.97869 0.05669 155 185 186
-0.84119 0.98089 0.03486 155 185 186
-0.84089 0.98125 0.01277 155 185 186
-0.84160 0.97947 -0.01046 155 185 186
-0.84279 0.97937 -0.03575 155 185 186
-0.84185 0.98063 -0.05575 155 185 186
-0.84200 0.98074 -0.07930 155 185 186
-0.84299 0.98139 -0.10189 155 185 186
-0.84170 0.98029 -0.12584 155 185 186
-0.84162 0.97870 -0.14840 155 185 186
-0.84234 0.98044 -0.17079 155 185 186
-0.84117 0.97891 -0.19516 155 185 186
-0.84346 0.98024 -0.21593 155 185 186
-0.84163 0.98132 -0.23979 155 185 186
-0.84106 0.97961 -0.26400 155 185 186
-0.84273 0.98065 -0.28667 155 185 186
-0.84377 0.97983 -0.30772 155 185 186
-0.84158 0.98052 -0.33229 155 185 186
-0.84272 0.97984 -0.35525 155 185 186
-0.84303 0.98054 -0.37728 155 185 186
-0.84370 0.98110 -0.40150 155 185 186
-0.83439 0.99132 0.40052 155 185 186
-0.83429 0.99102 0.37720 155 185 186
-0.83391 0.99066 0.35288 155 185 186
-0.83444 0.99126 0.33290 155 185 186
-0.83606 0.98969 0.30808 155 185 186
-0.83484 0.99041 0.28536 155 185 186
-0.83459 0.98970 0.26233 155 185 186
-0.83684 0.98871 0.24027 155 185 186
-0.83484 0.99103 0.21647 155 185 186
-0.83605 0.99103 0.19476 155 185 186
-0.83586 0.99111 0.17166 155 185 186
-0.83463 0.98917 0.14926 155 185 186
-0.83423 0.98855 0.12454 155 185 186
-0.83502 0.98912 0.10350 155 185 186
-0.83512 0.98902 0.08024 155 185 186
-0.83605 0.99102 0.05840 155 185 186
-0.83490 0.99114 0.03312 155 185 186
-0.83452 0.98882 0.01015 155 185 186
-0.83433 0.98872 -0.01071 155 185 186
-0.83686 0.98887 -0.03406 155 185 186
-0.83610 0.99004 -0.05661 155 185 186
-0.83424 0.99008 -0.07894 155 185 186
-0.83642 0.98995 -0.10311 155 185 186
-0.83440 0.98923 -0.12682 155 185 186
-0.83465 0.99017 -0.14982 155 185 186
-0.83606 0.98868 -0.17274 155 185 186
-0.83636 0.98982 -0.19398 155 185 186
-0.83463 0.99045 -0.21572 155 185 186
-0.83642 0.98918 -0.23981 155 185 186
-0.83648 0.98853 -0.26228 155 185 186
-0.83668 0.99036 -0.28452 155 185 186
-0.83430 0.98982 -0.30947 155 185 186
-0.83553 0.99108 -0.33083 155 185 186
-0.83598 0.99008 -0.35396 155 185 186
-0.83659 0.98991 -0.37617 155 185 186
-0.83516 0.99083 -0.40100 155 185 186
-0.82899 0.99871 0.39886 155 185 186
-0.82861 1.00097 0.37652 155 185 186
-0.82980 1.00104 0.35399 155 185 186
-0.82932 0.99967 0.33255 155 185 186
-0.82766 0.99977 0.30861 155 185 186
-0.82828 0.99979 0.28522 155 185 186
-0.82844 0.99924 0.26166 155 185 186
-0.82723 0.99884 0.23892 155 185 186
-0.82853 1.00062 0.21852 155 185 186
-0.82774 1.00017 0.19522 155 185 186
-0.82732 1.00031 0.17009 155 185 186
-0.82758 1.00007 0.14890 155 185 186
-0.82970 1.00070 0.12590 155 185 186
-0.82907 0.99988 0.10261 155 185 186
-0.82906 1.00037 0.08030 155 185 186
-0.82845 1.00027 0.05730 155 185 186
-0.82939 1.00071 0.03399 155 185 186
-0.82937 1.00127 0.01127 155 185 186
-0.82905 1.00059 -0.01246 155 185 186
-0.82989 0.99982 -0.03428 155 185 186
-0.82946 0.99941 -0.05625 155 185 186
-0.82769 1.00081 -0.07984 155 185 186
-0.82897 0.99968 -0.10322 155 185 186
-0.82751 0.99893 -0.12518 155 185 186
-0.82737 1.00115 -0.14740 155 185 186
-0.82778 0.99983 -0.17184 155 185 186
-0.82990 0.99993 -0.19386 155 185 186
-0.82912 1.00027 -0.21793 155 185 186
-0.82985 1.00110 -0.23991 155 185 186
-0.82811 1.00049 -0.26175 155 185 186
-0.82891 1.00003 -0.28468 155 185 186
-0.82848 0.99973 -0.30904 155 185 186
-0.82800 0.99908 -0.33155 155 185 186
-0.82879 0.99887 -0.35386 155 185 186
-0.82824 0.99857 -0.37714 155 185 186
-0.82900 1.00140 -0.40144 155 185 186
-0.82016 1.01020 0.40108 155 185 186
-0.82175 1.00933 0.37827 155 185 186
-0.82019 1.00921 0.35333 155 185 186
-0.82072 1.00973 0.33251 155 185 186
-0.82183 1.00910 0.30752 155 185 186
-0.82052 1.00896 0.28485 155 185 186
-0.82207 1.00954 0.26202 155 185 186
-0.82085 1.01087 0.24003 155 185 186
-0.82200 1.00892 0.21603 155 185 186
-0.82288 1.00933 0.19399 155 185 186
-0.82160 1.00962 0.17229 155 185 186
-0.82021 1.00919 0.15000 155 185 186
-0.82127 1.00892 0.12555 155 185 186
-0.82078 1.01029 0.10370 155 185 186
-0.82197 1.01021 0.07916 155 185 186
-0.82196 1.00906 0.05793 155 185 186
-0.82088 1.00882 0.03380 155 185 186
-0.82274 1.01011 0.01154 155 185 186
-0.82302 1.00972 -0.01079 155 185 186
-0.82072 1.01067 -0.03340 155 185 186
-0.82227 1.00884 -0.05646 155 185 186
-0.82221 1.00870 -0.07911 155 185 186
-0.82171 1.00881 -0.10348 155 185 186
-0.82077 1.01120 -0.12670 155 185 186
-0.82115 1.01136 -0.14828 155 185 186
-0.82197 1.01101 -0.17128 155 185 186
-0.82232 1.01067 -0.19546 155 185 186
-0.82019 1.00905 -0.21647 155 185 186
-0.82018 1.00937 -0.23940 155 185 186
-0.82166 1.00975 -0.26331 155 185 186
-0.82012 1.01104 -0.28709 155 185 186
-0.82121 1.01135 -0.30889 155 185 186
-0.82121 1.00949 -0.33123 155 185 186
-0.82232 1.01011 -0.35324 155 185 186
-0.82163 1.01087 -0.37673 155 185 186
-0.82148 1.00861 -0.40027 155 185 186
-0.81411 1.01877 0.40099 155 185 186
-0.81405 1.01982 0.37606 155 185 186
-0.81349 1.01965 0.35374 155 185 186
-0.81558 1.01954 0.33083 155 185 186
-0.81583 1.01916 0.30969 155 185 186
-0.81544 1.01932 0.28694 155 185 186
-0.81458 1.01951 0.26419 155 185 186
-0.81516 1.02011 0.24054 155 185 186
-0.81378 1.01962 0.21798 155 185 186
-0.81572 1.02013 0.19398 155 185 186
-0.81439 1.01892 0.17190 155 185 186
-0.81390 1.02076 0.14978 155 185 186
-0.81500 1.01896 0.12595 155 185 186
-0.81527 1.02044 0.10197 155 185 186
-0.81422 1.02014 0.07869 155 185 186
-0.81485 1.01982 0.05706 155 185 186
-0.81323 1.02037 0.03534 155 185 186
-0.81559 1.01982 0.01244 155 185 186
-0.81333 1.02031 -0.01080 155 185 186
-0.81608 1.01909 -0.03489 155 185 186
-0.81456 1.01961 -0.05686 155 185 186
-0.81517 1.02121 -0.08102 155 185 186
-0.81460 1.01925 -0.10172 155 185 186
-0.81443 1.02061 -0.12490 155 185 186
-0.81560 1.01891 -0.14878 155 185 186
-0.81355 1.02100 -0.17121 155 185 186
-0.81568 1.01996 -0.19369 155 185 186
-0.81427 1.02069 -0.21681 155 185 186
-0.81514 1.01855 -0.24112 155 185 186
-0.81431 1.02038 -0.26414 155 185 186
-0.81575 1.01880 -0.28556 155 185 186
-0.81435 1.01900 -0.30838 155 185 186
-0.81451 1.01914 -0.33171 155 185 186
-0.81522 1.01882 -0.35557 155 185 186
-0.81387 1.02131 -0.37615 155 185 186
-0.81467 1.01896 -0.39878 155 185 186
-0.80844 1.02953 0.39882 155 185 186
-0.80850 1.02979 0.37583 155 185 186
-0.80692 1.03081 0.35566 155 185 186
-0.80653 1.02922 0.33218 155 185 186
-0.80822 1.02952 0.30892 155 185 186
-0.80871 1.02857 0.28447 155 185 186
-0.80772 1.03061 0.26363 155 185 186
-0.80825 1.03048 0.23899 155 185 186
-0.80812 1.03112 0.21758 155 185 186
-0.80758 1.03039 0.19279 155 185 186
-0.80653 1.02892 0.17030 155 185 186
-0.80670 1.03028 0.14738 155 185 186
-0.80660 1.02964 0.12510 155 185 186
-0.80900 1.02965 0.10313 155 185 186
-0.80828 1.02950 0.07850 155 185 186
-0.80915 1.03018 0.05618 155 185 186
-0.80849 1.03032 0.03415 155 185 186
-0.80758 1.03135 0.01130 155 185 186
-0.80879 1.02992 -0.01091 155 185 186
-0.80856 1.03102 -0.03519 155 185 186
-0.80769 1.03078 -0.05715 155 185 186
-0.80909 1.03074 -0.07931 155 185 186
-0.80847 1.02958 -0.10320 155 185 186
-0.80884 1.03136 -0.12561 155 185 186
-0.80635 1.02907 -0.14920 155 185 186
-0.80807 1.02910 -0.17107 155 185 186
-0.80857 1.03036 -0.19503 155 185 186
-0.80719 1.02919 -0.21762 155 185 186
-0.80767 1.03047 -0.23989 155 185 186
-0.80638 1.02878 -0.26216 155 185 186
-0.80799 1.02998 -0.28575 155 185 186
-0.80849 1.02973 -0.30854 155 185 186
-0.80626 1.02889 -0.33175 155 185 186
-0.80695 1.03138 -0.35503 155 185 186
-0.80669 1.02907 -0.37573 155 185 186
-0.80876 1.02950 -0.39994 155 185 186
-0.80213 1.03906 0.39980 155 185 186
-0.79952 1.04009 0.37828 155 185 186
-0.79966 1.04090 0.35301 155 185 186
-0.80078 1.04051 0.33003 155 185 186
-0.80183 1.04136 0.30981 155 185 186
-0.80121 1.03932 0.28609 155 185 186
-0.80018 1.04077 0.26392 155 185 186
-0.80133 1.04070 0.23953 155 185 186
-0.80198 1.04029 0.21666 155 185 186
-0.79978 1.04138 0.19401 155 185 186
-0.80029 1.04118 0.17150 155 185 186
-0.79933 1.03948 0.14892 155 185 186
-0.80056 1.03973 0.12531 155 185 186
-0.80129 1.03950 0.10269 155 185 186
-0.80114 1.03859 0.07926 155 185 186
-0.80223 1.04060 0.05852 155 185 186
-0.80111 1.03980 0.03575 155 185 186
-0.80018 1.04086 0.01137 155 185 186
-0.80029 1.03889 -0.01209 155 185 186
-0.80184 1.04003 -0.03492 155 185 186
-0.80052 1.04047 -0.05846 155 185 186
-0.80027 1.03901 -0.07909 155 185 186
-0.80141 1.03863 -0.10343 155 185 186
-0.80019 1.04119 -0.12717 155 185 186
-0.80124 1.04079 -0.14970 155 185 186
-0.80192 1.04028 -0.17262 155 185 186
-0.80064 1.04083 -0.19495 155 185 186
-0.80143 1.04024 -0.21702 155 185 186
-0.80022 1.03985 -0.23989 155 185 186
-0.80020 1.03952 -0.26404 155 185 186
-0.80044 1.03957 -0.28609 155 185 186
-0.79975 1.03865 -0.30834 155 185 186
-0.80222 1.03947 -0.33011 155 185 186
-0.80010 1.04097 -0.35559 155 185 186
-0.80006 1.03917 -0.37744 155 185 186
-0.79945 1.04093 -0.40072 155 185 186
-0.79394 1.04946 0.39850 155 185 186
-0.79397 1.05032 0.37569 155 185 186
-0.79462 1.04918 0.35414 155 185 186
-0.79406 1.05047 0.33018 155 185 186
-0.79524 1.05071 0.30861 155 185 186
-0.79350 1.04997 0.28687 155 185 186
-0.79435 1.04894 0.26402 155 185 186
-0.79422 1.04873 0.24048 155 185 186
-0.79365 1.05082 0.21793 155 185 186
-0.79469 1.05043 0.19394 155 185 186
-0.79320 1.05091 0.17184 155 185 186
-0.79430 1.05044 0.14788 155 185 186
-0.79378 1.05057 0.12497 155 185 186
-0.79297 1.05100 0.10357 155 185 186
-0.79521 1.05065 0.08089 155 185 186
-0.79242 1.05014 0.05634 155 185 186
-0.79360 1.04992 0.03485 155 185 186
-0.79284 1.05058 0.01053 155 185 186
-0.79488 1.04946 -0.01126 155 185 186
-0.79280 1.04877 -0.03546 155 185 186
-0.79521 1.04885 -0.05766 155 185 186
-0.79354 1.04862 -0.08029 155 185 186
-0.79494 1.05081 -0.10306 155 185 186
-0.79322 1.04959 -0.12519 155 185 186
-0.79523 1.04977 -0.14825 155 185 186
-0.79464 1.04937 -0.17140 155 185 186
-0.79475 1.04932 -0.19338 155 185 186
-0.79244 1.05114 -0.21638 155 185 186
-0.79368 1.04968 -0.24119 155 185 186
-0.79486 1.05122 -0.26380 155 185 186
-0.79426 1.04854 -0.28488 155 185 186
-0.79371 1.04952 -0.30759 155 185 186
-0.79446 1.04899 -0.33057 155 185 186
-0.79282 1.05126 -0.35467 155 185 186
-0.79250 1.05034 -0.37754 155 185 186
-0.79239 1.04975 -0.40008 155 185 186
-0.78748 1.06005 0.40028 155 185 186
-0.78600 1.06009 0.37827 155 185 186
-0.78572 1.05907 0.35564 155 185 186
-0.78566 1.06041 0.33177 155 185 186
-0.78691 1.06134 0.30808 155 185 186
-0.78838 1.06068 0.28656 155 185 186
-0.78573 1.06130 0.26161 155 185 186
-0.78591 1.05938 0.24025 155 185 186
-0.78587 1.05940 0.21827 155 185 186
-0.78684 1.05854 0.19479 155 185 186
-0.78754 1.05935 0.17176 155 185 186
-0.78798 1.05986 0.15003 155 185 186
-0.78679 1.06134 0.12621 155 185 186
-0.78696 1.05904 0.10323 155 185 186
-0.78581 1.06046 0.07871 155 185 186
-0.78670 1.06147 0.05682 155 185 186
-0.78580 1.06018 0.03442 155 185 186
-0.78720 1.05889 0.01025 155 185 186
-0.78725 1.06061 -0.01163 155 185 186
-0.78583 1.06066 -0.03326 155 185 186
-0.78558 1.05976 -0.05590 155 185 186
-0.78603 1.06085 -0.07973 155 185 186
-0.78551 1.05913 -0.10391 155 185 186
-0.78606 1.06018 -0.12681 155 185 186
-0.78774 1.05940 -0.14963 155 185 186
-0.78825 1.05858 -0.17285 155 185 186
-0.78761 1.05989 -0.19426 155 185 186
-0.78700 1.06085 -0.21570 155 185 186
-0.78586 1.06122 -0.24032 155 185 186
-0.78623 1.06074 -0.26396 155 185 186
-0.78693 1.05925 -0.28629 155 185 186
-0.78827 1.05944 -0.30734 155 185 186
-0.78596 1.06119 -0.33108 155 185 186
-0.78829 1.06121 -0.35435 155 185 186
-0.78781 1.05964 -0.37618 155 185 186
-0.78667 1.05877 -0.40139 155 185 186
-0.77872 1.06977 0.39855 155 185 186
-0.77921 1.07055 0.37683 155 185 186
-0.77877 1.07091 0.35313 155 185 186
-0.78043 1.07000 0.33178 155 185 186
-0.77979 1.06938 0.30919 155 185 186
-0.78044 1.07061 0.28626 155 185 186
-0.77983 1.06926 0.26329 155 185 186
-0.78020 1.07112 0.23974 155 185 186
-0.78054 1.07041 0.21787 155 185 186
-0.78005 1.06937 0.19323 155 185 186
-0.77929 1.06995 0.17045 155 185 186
-0.77984 1.06856 0.14975 155 185 186
-0.78049 1.06905 0.12553 155 185 186
-0.77909 1.07091 0.10420 155 185 186
-0.77921 1.06866 0.07854 155 185 186
-0.78049 1.07106 0.05630 155 185 186
-0.77976 1.06868 0.03283 155 185 186
-0.78135 1.06862 0.01213 155 185 186
-0.77989 1.07052 -0.01127 155 185 186
-0.77913 1.06873 -0.03561 155 185 186
-0.77894 1.06909 -0.05703 155 185 186
-0.78004 1.07058 -0.07962 155 185 186
-0.78079 1.06885 -0.10394 155 185 186
-0.78112 1.07122 -0.12658 155 185 186
-0.77964 1.06923 -0.14949 155 185 186
-0.77966 1.07110 -0.16994 155 185 186
-0.77904 1.07061 -0.19512 155 185 186
-0.77871 1.07118 -0.21852 155 185 186
-0.77946 1.06878 -0.23893 155 185 186
-0.78084 1.07051 -0.26421 155 185 186
-0.78053 1.06947 -0.28464 155 185 186
-0.77976 1.07080 -0.30789 155 185 186
-0.77963 1.07134 -0.32995 155 185 186
-0.77924 1.07107 -0.35511 155 185 186
-0.77851 1.06864 -0.37717 155 185 186
-0.78142 1.06965 -0.40053 155 185 186
-0.77421 1.08133 0.40100 155 185 186
-0.77166 1.08010 0.37697 155 185 186
-0.77388 1.07936 0.35298 155 185 186
-0.77198 1.08062 0.33182 155 185 186
-0.77455 1.07955 0.30984 155 185 186
-0.77178 1.08129 0.28448 155 185 186
-0.77365 1.08004 0.26270 155 185 186
-0.77240 1.08106 0.24114 155 185 186
-0.77402 1.07946 0.21838 155 185 186
-0.77369 1.07924 0.19547 155 185 186
-0.77168 1.08015 0.17040 155 185 186
-0.77165 1.07917 0.14778 155 185 186
-0.77353 1.07915 0.12639 155 185 186
-0.77183 1.08009 0.10306 155 185 186
-0.77228 1.07977 0.07971 155 185 186
-0.77241 1.08050 0.05596 155 185 186
-0.77306 1.07995 0.03576 155 185 186
-0.77224 1.08046 0.01076 155 185 186
-0.77373 1.08079 -0.01156 155 185 186
-0.77409 1.08069 -0.03501 155 185 186
-0.77362 1.07879 -0.05620 155 185 186
-0.77392 1.07945 -0.07878 155 185 186
-0.77430 1.08089 -0.10342 155 185 186
-0.77400 1.08137 -0.12492 155 185 186
-0.77375 1.08021 -0.14752 155 185 186
-0.77316 1.07895 -0.17239 155 185 186
-0.77278 1.08111 -0.19378 155 185 186
-0.77343 1.07925 -0.21641 155 185 186
-0.77269 1.08004 -0.23940 155 185 186
-0.77296 1.08104 -0.26275 155 185 186
-0.77263 1.08016 -0.28654 155 185 186
-0.77390 1.07941 -0.30731 155 185 186
-0.77397 1.08084 -0.33112 155 185 186
-0.77358 1.07963 -0.35320 155 185 186
-0.77169 1.07942 -0.37776 155 185 186
-0.77239 1.07877 -0.40148 155 185 186
-0.76477 1.08893 0.39985 155 185 186
-0.76707 1.08929 0.37569 155 185 186
-0.76649 1.09058 0.35494 155 185 186
-0.76682 1.08974 0.33256 155 185 186
-0.76635 1.09019 0.30743 155 185 186
-0.76569 1.09121 0.28474 155 185 186
-0.76477 1.08903 0.26165 155 185 186
-0.76505 1.09009 0.24022 155 185 186
-0.76491 1.08851 0.21596 155 185 186
-0.76595 1.09144 0.19572 155 185 186
-0.76533 1.08991 0.17095 155 185 186
-0.76588 1.09095 0.14742 155 185 186
-0.76616 1.09093 0.12564 155 185 186
-0.76612 1.09124 0.10288 155 185 186
-0.76563 1.08984 0.08005 155 185 186
-0.76621 1.09007 0.05599 155 185 186
-0.76487 1.09046 0.03316 155 185 186
-0.76605 1.08965 0.01010 155 185 186
-0.76543 1.09032 -0.01283 155 185 186
-0.76573 1.09018 -0.03510 155 185 186
-0.76694 1.08862 -0.05752 155 185 186
-0.76708 1.09122 -0.07932 155 185 186
-0.76581 1.08889 -0.10402 155 185 186
-0.76555 1.08962 -0.12606 155 185 186
-0.76696 1.08960 -0.14758 155 185 186
-0.76493 1.09000 -0.17044 155 185 186
-0.76583 1.08988 -0.19403 155 185 186
-0.76593 1.09111 -0.21605 155 185 186
-0.76539 1.09023 -0.23968 155 185 186
-0.76573 1.08960 -0.26404 155 185 186
-0.76571 1.08993 -0.28720 155 185 186
-0.76602 1.08976 -0.30961 155 185 186
-0.76531 1.08947 -0.33044 155 185 186
-0.76504 1.09058 -0.35353 155 185 186
-0.76757 1.08914 -0.37845 155 185 186
-0.76572 1.09113 -0.39953 155 185 186
-0.75972 1.10075 0.39990 155 185 186
-0.75805 1.09989 0.37644 155 185 186
-0.75787 1.09897 0.35375 155 185 186
-0.75966 1.10070 0.33040 155 185 186
-0.76016 1.10089 0.30847 155 185 186
-0.75947 1.09958 0.28450 155 185 186
-0.75794 1.09873 0.26211 155 185 186
-0.75881 1.09930 0.23901 155 185 186
-0.75951 1.09875 0.21626 155 185 186
-0.75921 1.10068 0.19313 155 185 186
-0.75791 1.09987 0.17175 155 185 186
-0.76000 1.10090 0.14714 155 185 186
-0.75872 1.09954 0.12498 155 185 186
-0.75836 1.10029 0.10404 155 185 186
-0.75938 1.09986 0.07875 155 185 186
-0.75970 1.10148 0.05813 155 185 186
-0.75937 1.09990 0.03416 155 185 186
-0.76068 1.10077 0.01230 155 185 186
-0.76013 1.09986 -0.01204 155 185 186
-0.75920 1.09913 -0.03516 155 185 186
-0.75781 1.09851 -0.05770 155 185 186
-0.75800 1.10123 -0.07891 155 185 186
-0.75814 1.09894 -0.10410 155 185 186
-0.75788 1.10135 -0.12463 155 185 186
-0.75782 1.09958 -0.14801 155 185 186
-0.75969 1.10114 -0.17118 155 185 186
-0.75942 1.09914 -0.19543 155 185 186
-0.76043 1.09951 -0.21581 155 185 186
-0.75978 1.09985 -0.23908 155 185 186
-0.75825 1.10116 -0.26327 155 185 186
-0.75913 1.10009 -0.28478 155 185 186
-0.75920 1.10051 -0.30936 155 185 186
-0.75954 1.10141 -0.33110 155 185 186
-0.75990 1.10110 -0.35312 155 185 186
-0.75951 1.10142 -0.37697 155 185 186
-0.76062 1.09862 -0.40099 155 185 186
-0.75279 1.10914 0.39962 155 185 186
-0.75337 1.11116 0.37655 155 185 186
-0.75127 1.11076 0.35363 155 185 186
-0.75269 1.10851 0.33174 155 185 186
-0.75367 1.10984 0.30904 155 185 186
-0.75126 1.11029 0.28461 155 185 186
-0.75125 1.10951 0.26220 155 185 186
-0.75125 1.10950 0.23991 155 185 186
-0.75374 1.11108 0.21738 155 185 186
-0.75239 1.11073 0.19311 155 185 186
-0.75338 1.11124 0.17118 155 185 186
-0.75198 1.11094 0.14771 155 185 186
-0.75366 1.10869 0.12537 155 185 186
-0.75130 1.11079 0.10352 155 185 186
-0.75246 1.10984 0.08024 155 185 186
-0.75374 1.10879 0.05568 155 185 186
-0.75190 1.10901 0.03381 155 185 186
-0.75128 1.10977 0.01187 155 185 186
-0.75184 1.10926 -0.01146 155 185 186
-0.75238 1.11046 -0.03315 155 185 186
-0.75291 1.10972 -0.05584 155 185 186
-0.75334 1.11013 -0.07861 155 185 186
-0.75162 1.10905 -0.10195 155 185 186
-0.75253 1.11072 -0.12575 155 185 186
-0.75180 1.10949 -0.14894 155 185 186
-0.75330 1.11073 -0.17243 155 185 186
-0.75243 1.10952 -0.19418 155 185 186
-0.75136 1.10990 -0.21595 155 185 186
-0.75268 1.11019 -0.24014 155 185 186
-0.75286 1.10941 -0.26429 155 185 186
-0.75372 1.10957 -0.28484 155 185 186
-0.75155 1.11121 -0.30996 155 185 186
-0.75148 1.10888 -0.33104 155 185 186
-0.75180 1.10862 -0.35511 155 185 186
-0.75264 1.10928 -0.37620 155 185 186
-0.75221 1.10929 -0.40150 155 185 186
-0.74542 1.11943 0.40012 155 185 186
-0.74430 1.11932 0.37820 155 185 186
-0.74559 1.12114 0.35378 155 185 186
-0.74400 1.11893 0.33053 155 185 186
-0.74475 1.11887 0.30921 155 185 186
-0.74594 1.12107 0.28615 155 185 186
-0.74389 1.12093 0.26207 155 185 186
-0.74688 1.12095 0.23933 155 185 186
-0.74565 1.11939 0.21769 155 185 186
-0.74451 1.11922 0.19314 155 185 186
-0.74482 1.12139 0.17165 155 185 186
-0.74475 1.12034 0.14965 155 185 186
-0.74610 1.12107 0.12526 155 185 186
-0.74613 1.12042 0.10266 155 185 186
-0.74545 1.12049 0.08093 155 185 186
-0.74532 1.11953 0.05600 155 185 186
-0.74558 1.11923 0.03487 155 185 186
-0.74684 1.11920 0.01039 155 185 186
-0.74639 1.11942 -0.01150 155 185 186
-0.74449 1.12081 -0.03533 155 185 186
-0.74632 1.11856 -0.05625 155 185 186
-0.74612 1.11979 -0.07929 155 185 186
-0.74507 1.12027 -0.10417 155 185 186
-0.74465 1.11907 -0.12674 155 185 186
-0.74605 1.11885 -0.14962 155 185 186
-0.74454 1.11915 -0.17024 155 185 186
-0.74454 1.11935 -0.19502 155 185 186
-0.74511 1.11859 -0.21734 155 185 186
-0.74639 1.12045 -0.24058 155 185 186
-0.74640 1.12010 -0.26210 155 185 186
-0.74485 1.12033 -0.28574 155 185 186
-0.74652 1.12010 -0.30947 155 185 186
-0.74674 1.11945 -0.33045 155 185 186
-0.74652 1.12078 -0.35337 155 185 186
-0.74403 1.11888 -0.37624 155 185 186
-0.74545 1.11997 -0.40088 155 185 186
-0.73783 1.12946 0.40012 155 185 186
-0.73907 1.12916 0.37775 155 185 186
-0.73861 1.12913 0.35577 155 185 186
-0.73898 1.12866 0.33045 155 185 186
-0.73945 1.13114 0.30747 155 185 186
-0.73915 1.13077 0.28671 155 185 186
-0.73844 1.12883 0.26175 155 185 186
-0.73909 1.13028 0.23864 155 185 186
-0.73955 1.12944 0.21570 155 185 186
-0.73718 1.12972 0.19499 155 185 186
-0.73974 1.13005 0.17088 155 185 186
-0.73782 1.13038 0.14721 155 185 186
-0.73901 1.13045 0.12589 155 185 186
-0.73957 1.12875 0.10232 155 185 186
-0.73802 1.13075 0.08095 155 185 186
-0.73771 1.13096 0.05731 155 185 186
-0.73854 1.13099 0.03447 155 185 186
-0.73788 1.12957 0.01259 155 185 186
-0.73987 1.12993 -0.01150 155 185 186
-0.73776 1.12855 -0.03342 155 185 186
-0.73888 1.12991 -0.05832 155 185 186
-0.73790 1.12938 -0.07857 155 185 186
-0.73733 1.13146 -0.10305 155 185 186
-0.73725 1.12964 -0.12632 155 185 186
-0.73872 1.12899 -0.14795 155 185 186
-0.73985 1.12953 -0.17289 155 185 186
-0.73974 1.12868 -0.19517 155 185 186
-0.73880 1.13016 -0.21779 155 185 186
-0.73906 1.12962 -0.23931 155 185 186
-0.73860 1.12944 -0.26200 155 185 186
-0.73716 1.12960 -0.28424 155 185 186
-0.73828 1.13121 -0.30790 155 185 186
-0.73922 1.13114 -0.33239 155 185 186
-0.73800 1.12960 -0.35363 155 185 186
-0.73944 1.12983 -0.37746 155 185 186
-0.73800 1.13098 -0.40062 155 185 186
-0.73243 1.14083 0.40079 155 185 186
-0.73030 1.13889 0.37853 155 185 186
-0.73082 1.13921 0.35388 155 185 186
-0.73085 1.13884 0.33031 155 185 186
-0.73063 1.13860 0.30795 155 185 186
-0.73027 1.14095 0.28512 155 185 186
-0.73175 1.13908 0.26292 155 185 186
-0.73025 1.13962 0.23962 155 185 186
-0.73261 1.14044 0.21676 155 185 186
-0.73018 1.13989 0.19541 155 185 186
-0.73207 1.14128 0.17216 155 185 186
-0.73286 1.14010 0.14876 155 185 186
-0.73190 1.13945 0.12547 155 185 186
-0.73201 1.13903 0.10344 155 185 186
-0.73294 1.13985 0.07879 155 185 186
-0.73162 1.13961 0.05808 155 185 186
-0.73265 1.14063 0.03574 155 185 186
-0.73216 1.13992 0.01292 155 185 186
-0.73073 1.14133 -0.01274 155 185 186
-0.73222 1.13896 -0.03338 155 185 186
-0.73097 1.13933 -0.05745 155 185 186
-0.73012 1.14058 -0.08033 155 185 186
-0.73244 1.13887 -0.10409 155 185 186
-0.73054 1.13942 -0.12544 155 185 186
-0.73285 1.14039 -0.14790 155 185 186
-0.73022 1.13980 -0.17043 155 185 186
-0.73259 1.13894 -0.19445 155 185 186
-0.73122 1.13892 -0.21789 155 185 186
-0.73065 1.13998 -0.24149 155 185 186
-0.73042 1.13876 -0.26318 155 185 186
-0.73275 1.13875 -0.28607 155 185 186
-0.73217 1.14054 -0.30920 155 185 186
-0.73109 1.13909 -0.33036 155 185 186
-0.73120 1.13976 -0.35319 155 185 186
-0.73163 1.14136 -0.37675 155 185 186
-0.73231 1.14002 -0.39877 155 185 186
-0.72598 1.15078 0.39956 155 185 186
-0.72453 1.14916 0.37608 155 185 186
-0.72375 1.14950 0.35335 155 185 186
-0.72525 1.15058 0.33009 155 185 186
-0.72505 1.15004 0.30775 155 185 186
-0.72556 1.14852 0.28566 155 185 186
-0.72436 1.15002 0.26263 155 185 186
-0.72384 1.15091 0.23938 155 185 186
-0.72611 1.14936 0.21675 155 185 186
-0.72518 1.15090 0.19421 155 185 186
-0.72560 1.14912 0.17144 155 185 186
-0.72343 1.15128 0.14859 155 185 186
-0.72508 1.14904 0.12625 155 185 186
-0.72576 1.15135 0.10414 155 185 186
-0.72560 1.15115 0.07886 155 185 186
-0.72447 1.15093 0.05676 155 185 186
-0.72490 1.15110 0.03336 155 185 186
-0.72345 1.14865 0.01148 155 185 186
-0.72337 1.15018 -0.01131 155 185 186
-0.72551 1.14859 -0.03368 155 185 186
-0.72491 1.14997 -0.05708 155 185 186
-0.72340 1.15111 -0.08081 155 185 186
-0.72424 1.14927 -0.10148 155 185 186
-0.72528 1.14919 -0.12564 155 185 186
-0.72587 1.14876 -0.14815 155 185 186
-0.72407 1.14972 -0.17092 155 185 186
-0.72492 1.15134 -0.19529 155 185 186
-0.72374 1.14976 -0.21847 155 185 186
-0.72346 1.15033 -0.23867 155 185 186
-0.72460 1.15133 -0.26396 155 185 186
-0.72602 1.14883 -0.28560 155 185 186
-0.72520 1.14956 -0.30874 155 185 186
-0.72342 1.14998 -0.33100 155 185 186
-0.72523 1.14914 -0.35422 155 185 186
-0.72419 1.15096 -0.37765 155 185 186
-0.72561 1.15134 -0.40060 155 185 186
-0.71723 1.16082 0.39988 155 185 186
-0.71686 1.16028 0.37580 155 185 186
-0.71893 1.15972 0.35363 155 185 186
-0.71881 1.16082 0.33025 155 185 186
-0.71710 1.16089 0.30905 155 185 186
-0.71632 1.15967 0.28660 155 185 186
-0.71845 1.16059 0.26293 155 185 186
-0.71863 1.16033 0.23966 155 185 186
-0.71916 1.15989 0.21670 155 185 186
-0.71642 1.15900 0.19578 155 185 186
-0.71907 1.16085 0.17246 155 185 186
-0.71672 1.15867 0.14916 155 185 186
-0.71852 1.15866 0.12465 155 185 186
-0.71633 1.15891 0.10217 155 185 186
-0.71817 1.15964 0.07908 155 185 186
-0.71770 1.15915 0.05699 155 185 186
-0.71727 1.16030 0.03307 155 185 186
-0.71641 1.16040 0.01148 155 185 186
-0.71730 1.16072 -0.01120 155 185 186
-0.71776 1.15980 -0.03418 155 185 186
-0.71894 1.16103 -0.05575 155 185 186
-0.71900 1.16035 -0.07928 155 185 186
-0.71766 1.15884 -0.10377 155 185 186
-0.71625 1.15877 -0.12498 155 185 186
-0.71756 1.16068 -0.14766 155 185 186
-0.71626 1.15931 -0.17106 155 185 186
-0.71915 1.16094 -0.19294 155 185 186
-0.71731 1.15996 -0.21854 155 185 186
-0.71722 1.15992 -0.23898 155 185 186
-0.71915 1.16042 -0.26155 155 185 186
-0.71700 1.16087 -0.28656 155 185 186
-0.71862 1.16075 -0.30835 155 185 186
-0.71626 1.15912 -0.33091 155 185 186
-0.71639 1.15953 -0.35353 155 185 186
-0.71701 1.16088 -0.37569 155 185 186
-0.71710 1.16102 -0.39962 155 185 186
-0.71209 1.16897 0.40088 155 185 186
-0.70960 1.16956 0.37707 155 185 186
-0.71133 1.16886 0.35350 155 185 186
-0.70991 1.17029 0.33061 155 185 186
-0.71112 1.16971 0.30829 155 185 186
-0.71009 1.17092 0.28626 155 185 186
-0.71049 1.17114 0.26350 155 185 186
-0.71096 1.17104 0.24058 155 185 186
-0.71210 1.16911 0.21736 155 185 186
-0.71050 1.17128 0.19514 155 185 186
-0.70974 1.17104 0.17275 155 185 186
-0.70937 1.17030 0.14985 155 185 186
-0.71123 1.17109 0.12618 155 185 186
-0.70978 1.17141 0.10280 155 185 186
-0.71021 1.17115 0.08029 155 185 186
-0.71119 1.16932 0.05722 155 185 186
-0.71220 1.16909 0.03307 155 185 186
-0.71149 1.16924 0.01008 155 185 186
-0.71195 1.17122 -0.01241 155 185 186
-0.70953 1.17149 -0.03354 155 185 186
-0.71074 1.17004 -0.05724 155 185 186
-0.71024 1.16913 -0.08020 155 185 186
-0.71152 1.16976 -0.10147 155 185 186
-0.71173 1.17145 -0.12650 155 185 186
-0.70970 1.16909 -0.14741 155 185 186
-0.71007 1.17029 -0.17249 155 185 186
-0.71213 1.17038 -0.19470 155 185 186
-0.71157 1.17138 -0.21689 155 185 186
-0.71071 1.17102 -0.23939 155 185 186
-0.71196 1.17043 -0.26138 155 185 186
-0.71033 1.16875 -0.28584 155 185 186
-0.71153 1.17043 -0.30793 155 185 186
-0.70944 1.17127 -0.33138 155 185 186
-0.70937 1.16954 -0.35402 155 185 186
-0.71025 1.17127 -0.37574 155 185 186
-0.71113 1.16942 -0.40134 155 185 186
-0.70243 1.17876 0.39999 155 185 186
-0.70297 1.18094 0.37776 155 185 186
-0.70449 1.18044 0.35418 155 185 186
-0.70240 1.17966 0.33158 155 185 186
-0.70514 1.18131 0.30717 155 185 186
-0.70395 1.18042 0.28554 155 185 186
-0.70525 1.17990 0.26412 155 185 186
-0.70502 1.17900 0.23988 155 185 186
-0.70433 1.17980 0.21768 155 185 186
-0.70326 1.17966 0.19327 155 185 186
-0.70364 1.17921 0.17162 155 185 186
-0.70435 1.18004 0.15004 155 185 186
-0.70422 1.18098 0.12544 155 185 186
-0.70311 1.17875 0.10224 155 185 186
-0.70498 1.18118 0.07865 155 185 186
-0.70264 1.18055 0.05779 155 185 186
-0.70261 1.17904 0.03342 155 185 186
-0.70388 1.18100 0.01267 155 185 186
-0.70287 1.18009 -0.01009 155 185 186
-0.70481 1.17904 -0.03323 155 185 186
-0.70449 1.17973 -0.05574 155 185 186
-0.70310 1.17980 -0.08102 155 185 186
-0.70286 1.18141 -0.10278 155 185 186
-0.70411 1.18058 -0.12634 155 185 186
-0.70316 1.18134 -0.14813 155 185 186
-0.70236 1.17884 -0.17162 155 185 186
-0.70461 1.18133 -0.19318 155 185 186
-0.70294 1.17874 -0.21719 155 185 186
-0.70400 1.18122 -0.23902 155 185 186
-0.70446 1.17935 -0.26301 155 185 186
-0.70269 1.18091 -0.28633 155 185 186
-0.70264 1.17976 -0.30966 155 185 186
-0.70375 1.18106 -0.33133 155 185 186
-0.70345 1.17963 -0.35565 155 185 186
-0.70287 1.18094 -0.37839 155 185 186
-0.70443 1.17890 -0.39943 155 185 186
-0.69640 1.18888 0.39953 155 185 186
-0.69690 1.19075 0.37827 155 185 186
-0.69607 1.18852 0.35436 155 185 186
-0.69641 1.18897 0.33185 155 185 186
-0.69636 1.19063 0.30970 155 185 186
-0.69588 1.19040 0.28676 155 185 186
-0.69753 1.19025 0.26218 155 185 186
-0.69828 1.18904 0.24049 155 185 186
-0.69581 1.19052 0.21724 155 185 186
-0.69765 1.18898 0.19403 155 185 186
-0.69624 1.19121 0.17002 155 185 186
-0.69691 1.19136 0.14871 155 185 186
-0.69803 1.18908 0.12593 155 185 186
-0.69677 1.18985 0.10336 155 185 186
-0.69821 1.18850 0.08001 155 185 186
-0.69814 1.19046 0.05845 155 185 186
-0.69548 1.18883 0.03434 155 185 186
-0.69660 1.19074 0.01063 155 185 186
-0.69671 1.19062 -0.01075 155 185 186
-0.69810 1.18943 -0.03308 155 185 186
-0.69753 1.18867 -0.05612 155 185 186
-0.69676 1.19042 -0.07851 155 185 186
-0.69791 1.18938 -0.10244 155 185 186
-0.69646 1.18937 -0.12629 155 185 186
-0.69565 1.18898 -0.14714 155 185 186
-0.69772 1.18947 -0.17104 155 185 186
-0.69618 1.19063 -0.19566 155 185 186
-0.69680 1.19108 -0.21564 155 185 186
-0.69821 1.18938 -0.23951 155 185 186
-0.69838 1.19132 -0.26158 155 185 186
-0.69790 1.18959 -0.28482 155 185 186
-0.69694 1.19088 -0.30769 155 185 186
-0.69683 1.19118 -0.33125 155 185 186
-0.69578 1.19143 -0.35289 155 185 186
-0.69781 1.18991 -0.37748 155 185 186
-0.69646 1.18866 -0.40060 155 185 186
-0.68936 1.19953 0.39915 155 185 186
-0.68890 1.20065 0.37587 155 185 186
-0.69106 1.20142 0.35511 155 185 186
-0.69026 1.20010 0.33155 155 185 186
-0.69006 1.20124 0.30807 155 185 186
-0.68916 1.20079 0.28604 155 185 186
-0.69042 1.19852 0.26306 155 185 186
-0.68988 1.20107 0.23965 155 185 186
-0.68909 1.19930 0.21663 155 185 186
-0.69073 1.20039 0.19441 155 185 186
-0.68977 1.20131 0.17142 155 185 186
-0.68956 1.19922 0.14944 155 185 186
-0.69081 1.20011 0.12490 155 185 186
-0.69119 1.19964 0.10398 155 185 186
-0.69145 1.20140 0.07918 155 185 186
-0.68867 1.19977 0.05829 155 185 186
-0.69099 1.20132 0.03544 155 185 186
-0.68854 1.19953 0.01245 155 185 186
-0.69053 1.19939 -0.01160 155 185 186
-0.69053 1.20051 -0.03338 155 185 186
-0.68858 1.20148 -0.05725 155 185 186
-0.69031 1.20111 -0.07865 155 185 186
-0.69055 1.20102 -0.10348 155 185 186
-0.68930 1.20090 -0.12598 155 185 186
-0.68896 1.19923 -0.14918 155 185 186
-0.68864 1.19907 -0.17046 155 185 186
-0.68987 1.20007 -0.19551 155 185 186
-0.68881 1.19946 -0.21628 155 185 186
-0.68982 1.20031 -0.23851 155 185 186
-0.69147 1.19938 -0.26183 155 185 186
-0.68950 1.19887 -0.28600 155 185 186
-0.69057 1.20030 -0.30850 155 185 186
-0.68855 1.19921 -0.33016 155 185 186
-0.68977 1.20116 -0.35389 155 185 186
-0.68959 1.20058 -0.37756 155 185 186
-0.68975 1.19880 -0.39891 155 185 186
0.75979 0.94143 -0.39867 155 185 186
0.76013 0.93977 -0.37768 155 185 186
0.76058 0.94008 -0.35471 155 185 186
0.75869 0.94057 -0.33104 155 185 186
0.76092 0.93959 -0.30855 155 185 186
0.75923 0.93906 -0.28529 155 185 186
0.75903 0.94057 -0.26427 155 185 186
0.76089 0.93854 -0.23859 155 185 186
0.76022 0.93906 -0.21854 155 185 186
0.75935 0.93980 -0.19328 155 185 186
0.75896 0.93892 -0.17130 155 185 186
0.76088 0.94119 -0.14726 155 185 186
0.76013 0.94039 -0.12536 155 185 186
0.76073 0.94031 -0.10324 155 185 186
0.76104 0.93961 -0.08091 155 185 186
0.76028 0.94109 -0.05616 155 185 186
0.75984 0.94139 -0.03567 155 185 186
0.76040 0.94027 -0.01150 155 185 186
0.76118 0.94043 0.01103 155 185 186
0.75900 0.94050 0.03399 155 185 186
0.75959 0.94087 0.05591 155 185 186
0.76063 0.93871 0.07988 155 185 186
0.75968 0.94081 0.10347 155 185 186
0.75881 0.94127 0.12678 155 185 186
0.76125 0.94115 0.14771 155 185 186
0.76019 0.94126 0.17260 155 185 186
0.76086 0.93993 0.19492 155 185 186
0.75890 0.94083 0.21759 155 185 186
0.75945 0.94012 0.23987 155 185 186
0.75866 0.94044 0.26304 155 185 186
0.76013 0.93937 0.28595 155 185 186
0.76139 0.94042 0.30744 155 185 186
0.75910 0.94016 0.33212 155 185 186
0.75860 0.94128 0.35351 155 185 186
0.76046 0.93861 0.37672 155 185 186
0.75966 0.93852 0.40128 155 185 186
0.75240 0.95060 -0.40033 155 185 186
0.75277 0.94906 -0.37771 155 185 186
0.75443 0.95110 -0.35439 155 185 186
0.75388 0.94942 -0.33209 155 185 186
0.75397 0.95092 -0.30972 155 185 186
0.75291 0.94926 -0.28683 155 185 186
0.75224 0.95108 -0.26304 155 185 186
0.75392 0.95102 -0.24142 155 185 186
0.75415 0.94970 -0.21824 155 185 186
0.75315 0.94865 -0.19499 155 185 186
0.75200 0.94905 -0.17270 155 185 186
0.75307 0.95078 -0.14856 155 185 186
0.75291 0.95113 -0.12512 155 185 186
0.75176 0.94965 -0.10277 155 185 186
0.75169 0.95095 -0.07897 155 185 186
0.75390 0.94890 -0.05794 155 185 186
0.75271 0.94933 -0.03295 155 185 186
0.75399 0.95081 -0.01049 155 185 186
0.75287 0.95102 0.01177 155 185 186
0.75444 0.94867 0.03405 155 185 186
0.75163 0.95028 0.05572 155 185 186
0.75297 0.94949 0.08073 155 185 186
0.75286 0.94936 0.10346 155 185 186
0.75421 0.95098 0.12499 155 185 186
0.75393 0.95047 0.14869 155 185 186
0.75346 0.95075 0.17036 155 185 186
0.75423 0.95015 0.19345 155 185 186
0.75220 0.94904 0.21581 155 185 186
0.75311 0.95022 0.23947 155 185 186
0.75453 0.94942 0.26232 155 185 186
0.75286 0.94958 0.28653 155 185 186
0.75180 0.95032 0.30760 155 185 186
0.75334 0.95070 0.33145 155 185 186
0.75418 0.95134 0.35326 155 185 186
0.75230 0.94946 0.37687 155 185 186
0.75165 0.95062 0.40082 155 185 186
0.74748 0.95968 -0.39874 155 185 186
0.74504 0.95980 -0.37862 155 185 186
0.74679 0.95854 -0.35300 155 185 186
0.74549 0.96035 -0.33184 155 185 186
0.74707 0.96083 -0.30775 155 185 186
0.74551 0.96018 -0.28594 155 185 186
0.74721 0.96045 -0.26287 155 185 186
0.74559 0.96002 -0.24091 155 185 186
0.74559 0.96088 -0.21657 155 185 186
0.74474 0.95976 -0.19375 155 185 186
0.74629 0.95943 -0.17127 155 185 186
0.74689 0.95888 -0.14876 155 185 186
0.74735 0.95938 -0.12715 155 185 186
0.74764 0.96069 -0.10402 155 185 186
0.74651 0.96062 -0.08133 155 185 186
0.74629 0.95978 -0.05815 155 185 186
0.74623 0.96109 -0.03432 155 185 186
0.74730 0.95923 -0.01210 155 185 186
0.74677 0.96020 0.00995 155 185 186
0.74626 0.95920 0.03335 155 185 186
0.74677 0.95921 0.05605 155 185 186
0.74729 0.95910 0.08126 155 185 186
0.74747 0.96005 0.10237 155 185 186
0.74532 0.96145 0.12620 155 185 186
0.74567 0.95915 0.14884 155 185 186
0.74578 0.96104 0.17217 155 185 186
0.74596 0.96021 0.19293 155 185 186
0.74747 0.96011 0.21722 155 185 186
0.74580 0.95906 0.24042 155 185 186
0.74476 0.95858 0.26144 155 185 186
0.74654 0.95898 0.28637 155 185 186
0.74551 0.95861 0.30932 155 185 186
0.74554 0.95906 0.33030 155 185 186
0.74506 0.96097 0.35573 155 185 186
0.74576 0.96071 0.37648 155 185 186
0.74739 0.96102 0.39972 155 185 186
0.73875 0.97010 -0.40110 155 185 186
0.73842 0.96929 -0.37859 155 185 186
0.74036 0.97133 -0.35539 155 185 186
0.73943 0.96999 -0.33136 155 185 186
0.73970 0.96857 -0.30852 155 185 186
0.73819 0.96880 -0.28498 155 185 186
0.73916 0.96945 -0.26264 155 185 186
0.73928 0.97096 -0.23916 155 185 186
0.73828 0.97052 -0.21648 155 185 186
0.73863 0.97041 -0.19330 155 185 186
0.73823 0.97031 -0.17140 155 185 186
0.73839 0.97147 -0.15002 155 185 186
0.73879 0.96867 -0.12446 155 185 186
0.73845 0.97039 -0.10247 155 185 186
0.74070 0.97024 -0.07992 155 185 186
0.73882 0.97071 -0.05708 155 185 186
0.73967 0.96904 -0.03439 155 185 186
0.73961 0.96924 -0.01089 155 185 186
0.73840 0.96996 0.01060 155 185 186
0.73823 0.97021 0.03331 155 185 186
0.74047 0.97125 0.05762 155 185 186
0.73906 0.96875 0.08141 155 185 186
0.73882 0.97147 0.10403 155 185 186
0.73784 0.96880 0.12532 155 185 186
0.73933 0.96855 0.14953 155 185 186
0.73937 0.96924 0.16999 155 185 186
0.74058 0.97070 0.19430 155 185 186
0.73929 0.96965 0.21795 155 185 186
0.73890 0.97056 0.24051 155 185 186
0.73925 0.97005 0.26377 155 185 186
0.73828 0.96975 0.28422 155 185 186
0.73939 0.96961 0.30967 155 185 186
0.73967 0.97061 0.33008 155 185 186
0.74014 0.97010 0.35415 155 185 186
0.73882 0.96992 0.37835 155 185 186
0.73787 0.96962 0.39954 155 185 186
0.73179 0.97885 -0.39873 155 185 186
0.73167 0.97876 -0.37625 155 185 186
0.73120 0.97938 -0.35511 155 185 186
0.73312 0.98042 -0.33207 155 185 186
0.73302 0.98002 -0.30798 155 185 186
0.73376 0.97981 -0.28515 155 185 186
0.73240 0.97852 -0.26221 155 185 186
0.73252 0.98136 -0.24104 155 185 186
0.73281 0.98090 -0.21601 155 185 186
0.73142 0.98065 -0.19525 155 185 186
0.73350 0.98100 -0.17174 155 185 186
0.73336 0.97947 -0.14829 155 185 186
0.73210 0.98043 -0.12422 155 185 186
0.73367 0.97969 -0.10297 155 185 186
0.73235 0.98149 -0.08023 155 185 186
0.73212 0.98063 -0.05838 155 185 186
0.73292 0.97957 -0.03307 155 185 186
0.73283 0.98089 -0.01089 155 185 186
0.73121 0.97909 0.01068 155 185 186
0.73286 0.98103 0.03386 155 185 186
0.73134 0.97983 0.05661 155 185 186
0.73166 0.98052 0.07998 155 185 186
0.73168 0.98045 0.10173 155 185 186
0.73364 0.97873 0.12611 155 185 186
0.73087 0.98041 0.14930 155 185 186
0.73244 0.98109 0.17139 155 185 186
0.73200 0.98055 0.19538 155 185 186
0.73179 0.97946 0.21774 155 185 186
0.73133 0.98017 0.24037 155 185 186
0.73295 0.97851 0.26256 155 185 186
0.73294 0.98123 0.28716 155 185 186
0.73314 0.97859 0.30942 155 185 186
0.73208 0.98116 0.33267 155 185 186
0.73244 0.97937 0.35324 155 185 186
0.73100 0.98130 0.37592 155 185 186
0.73216 0.97927 0.39919 155 185 186
0.72483 0.98891 -0.39892 155 185 186
0.72558 0.98945 -0.37664 155 185 186
0.72517 0.99044 -0.35383 155 185 186
0.72519 0.99081 -0.33292 155 185 186
0.72651 0.99137 -0.30955 155 185 186
0.72598 0.99142 -0.28555 155 185 186
0.72475 0.98877 -0.26434 155 185 186
0.72616 0.98918 -0.23852 155 185 186
0.72426 0.98856 -0.21730 155 185 186
0.72444 0.98971 -0.19413 155 185 186
0.72637 0.99102 -0.17073 155 185 186
0.72597 0.98976 -0.14964 155 185 186
0.72521 0.98991 -0.12436 155 185 186
0.72627 0.98858 -0.10189 155 185 186
0.72668 0.98852 -0.08051 155 185 186
0.72521 0.99020 -0.05748 155 185 186
0.72597 0.99127 -0.03373 155 185 186
0.72506 0.99035 -0.01281 155 185 186
0.72683 0.99078 0.01048 155 185 186
0.72397 0.99059 0.03396 155 185 186
0.72455 0.98859 0.05798 155 185 186
0.72626 0.98988 0.07935 155 185 186
0.72538 0.98979 0.10399 155 185 186
0.72572 0.98866 0.12457 155 185 186
0.72573 0.99037 0.14765 155 185 186
0.72662 0.99014 0.17224 155 185 186
0.72558 0.98901 0.19514 155 185 186
0.72400 0.99033 0.21626 155 185 186
0.72477 0.98967 0.24069 155 185 186
0.72471 0.99110 0.26250 155 185 186
0.72412 0.98905 0.28720 155 185 186
0.72610 0.99030 0.30747 155 185 186
0.72667 0.98894 0.33102 155 185 186
0.72628 0.99065 0.35577 155 185 186
0.72632 0.99002 0.37731 155 185 186
0.72663 0.98895 0.39924 155 185 186
0.71889 1.00045 -0.39889 155 185 186
0.71965 0.99886 -0.37671 155 185 186
0.71781 0.99957 -0.35281 155 185 186
0.71719 1.00133 -0.33128 155 185 186
0.71711 1.00140 -0.30772 155 185 186
0.71965 0.99930 -0.28574 155 185 186
0.71830 0.99868 -0.26376 155 185 186
0.71950 1.00140 -0.24050 155 185 186
0.71726 0.99982 -0.21664 155 185 186
0.71934 0.99866 -0.19400 155 185 186
0.71750 0.99999 -0.17119 155 185 186
0.71732 0.99947 -0.14825 155 185 186
0.71911 0.99902 -0.12517 155 185 186
0.71774 1.00044 -0.10282 155 185 186
0.71879 0.99901 -0.07986 155 185 186
0.71842 0.99872 -0.05759 155 185 186
0.71782 0.99885 -0.03440 155 185 186
0.71709 0.99895 -0.01083 155 185 186
0.71765 1.00086 0.01086 155 185 186
0.71704 0.99904 0.03454 155 185 186
0.71971 1.00053 0.05670 155 185 186
0.71876 0.99938 0.08067 155 185 186
0.71943 0.99977 0.10432 155 185 186
0.71806 1.00002 0.12488 155 185 186
0.71860 1.00130 0.14971 155 185 186
0.71725 0.99918 0.17084 155 185 186
0.71765 0.99923 0.19284 155 185 186
0.71717 1.00103 0.21794 155 185 186
0.71946 0.99964 0.24034 155 185 186
0.71909 0.99949 0.26178 155 185 186
0.71965 1.00093 0.28693 155 185 186
0.71800 0.99863 0.30951 155 185 186
0.71961 0.99925 0.33076 155 185 186
0.71760 0.99889 0.35452 155 185 186
0.71771 1.00120 0.37639 155 185 186
0.71713 0.99910 0.39956 155 185 186
0.71236 1.00966 -0.40082 155 185 186
0.71280 1.00923 -0.37845 155 185 186
0.71269 1.01134 -0.35543 155 185 186
0.71017 1.01112 -0.33024 155 185 186
0.71275 1.01059 -0.30952 155 185 186
0.71274 1.00974 -0.28591 155 185 186
0.71171 1.01147 -0.26224 155 185 186
0.71237 1.00973 -0.24027 155 185 186
0.71042 1.00898 -0.21761 155 185 186
0.71162 1.01023 -0.19575 155 185 186
0.71008 1.00921 -0.17197 155 185 186
0.71090 1.00936 -0.14987 155 185 186
0.71227 1.00966 -0.12501 155 185 186
0.71107 1.00859 -0.10288 155 185 186
0.71178 1.00893 -0.07947 155 185 186
0.71138 1.01020 -0.05622 155 185 186
0.71085 1.01074 -0.03296 155 185 186
0.71072 1.01037 -0.01090 155 185 186
0.71194 1.00874 0.01146 155 185 186
0.71165 1.00959 0.03490 155 185 186
0.71010 1.00873 0.05596 155 185 186
0.71262 1.00859 0.08147 155 185 186
0.71250 1.01019 0.10281 155 185 186
0.71044 1.00973 0.12468 155 185 186
0.71163 1.01127 0.14785 155 185 186
0.71170 1.00878 0.17243 155 185 186
0.71045 1.00862 0.19410 155 185 186
0.71100 1.01049 0.21828 155 185 186
0.71231 1.00963 0.24138 155 185 186
0.71101 1.00917 0.26356 155 185 186
0.71244 1.00918 0.28696 155 185 186
0.71063 1.01147 0.30928 155 185 186
0.71039 1.00977 0.33064 155 185 186
0.71103 1.01099 0.35371 155 185 186
0.71278 1.00863 0.37575 155 185 186
0.71212 1.01122 0.39947 155 185 186
0.70410 1.02128 -0.39888 155 185 186
0.70492 1.02116 -0.37851 155 185 186
0.70611 1.01868 -0.35382 155 185 186
0.70531 1.01962 -0.33158 155 185 186
0.70328 1.01879 -0.30721 155 185 186
0.70336 1.01992 -0.28454 155 185 186
0.70394 1.02019 -0.26178 155 185 186
0.70507 1.02052 -0.24047 155 185 186
0.70428 1.02026 -0.21630 155 185 186
0.70610 1.01986 -0.19377 155 185 186
0.70551 1.01890 -0.17071 155 185 186
0.70611 1.01947 -0.14783 155 185 186
0.70348 1.01882 -0.12704 155 185 186
0.70461 1.01898 -0.10349 155 185 186
0.70429 1.02094 -0.07994 155 185 186
0.70485 1.01873 -0.05635 155 185 186
0.70560 1.02037 -0.03455 155 185 186
0.70516 1.01905 -0.01066 155 185 186
0.70433 1.02102 0.01284 155 185 186
0.70571 1.02143 0.03449 155 185 186
0.70547 1.01885 0.05629 155 185 186
0.70567 1.01911 0.07865 155 185 186
0.70387 1.02127 0.10176 155 185 186
0.70518 1.01988 0.12684 155 185 186
0.70516 1.02120 0.14925 155 185 186
0.70356 1.02111 0.17218 155 185 186
0.70552 1.01880 0.19392 155 185 186
0.70386 1.02015 0.21649 155 185 186
0.70357 1.01996 0.24012 155 185 186
0.70447 1.02086 0.26291 155 185 186
0.70481 1.01892 0.28645 155 185 186
0.70447 1.01875 0.30815 155 185 186
0.70342 1.01867 0.33099 155 185 186
0.70500 1.02004 0.35387 155 185 186
0.70515 1.02009 0.37755 155 185 186
0.70473 1.01856 0.40035 155 185 186
0.69885 1.02983 -0.40138 155 185 186
0.69639 1.03046 -0.37639 155 185 186
0.69837 1.02851 -0.35346 155 185 186
0.69632 1.03093 -0.33224 155 185 186
0.69697 1.03064 -0.30997 155 185 186
0.69780 1.02853 -0.28573 155 185 186
0.69729 1.03042 -0.26282 155 185 186
0.69635 1.03093 -0.23967 155 185 186
0.69668 1.02935 -0.21852 155 185 186
0.69729 1.03085 -0.19436 155 185 186
0.69844 1.03011 -0.17160 155 185 186
0.69852 1.03086 -0.14775 155 185 186
0.69712 1.03040 -0.12709 155 185 186
0.69893 1.03105 -0.10383 155 185 186
0.69855 1.02857 -0.08058 155 185 186
0.69755 1.02990 -0.05706 155 185 186
0.69799 1.03015 -0.03390 155 185 186
0.69730 1.02878 -0.01289 155 185 186
0.69677 1.02983 0.01063 155 185 186
0.69780 1.02893 0.03423 155 185 186
0.69715 1.03132 0.05756 155 185 186
0.69876 1.03089 0.08001 155 185 186
0.69731 1.03009 0.10220 155 185 186
0.69682 1.02960 0.12669 155 185 186
0.69676 1.02917 0.14738 155 185 186
0.69879 1.02884 0.17060 155 185 186
0.69650 1.02935 0.19368 155 185 186
0.69686 1.03053 0.21862 155 185 186
0.69678 1.02932 0.24002 155 185 186
0.69909 1.03022 0.26311 155 185 186
0.69626 1.02992 0.28450 155 185 186
0.69624 1.02970 0.30727 155 185 186
0.69693 1.03125 0.33108 155 185 186
0.69879 1.03054 0.35410 155 185 186
0.69907 1.03048 0.37841 155 185 186
0.69674 1.03008 0.39860 155 185 186
0.69119 1.03853 -0.40095 155 185 186
0.69157 1.04015 -0.37726 155 185 186
0.68936 1.04092 -0.35499 155 185 186
0.68997 1.04042 -0.33035 155 185 186
0.69029 1.03866 -0.30863 155 185 186
0.68936 1.04037 -0.28602 155 185 186
0.69107 1.03976 -0.26151 155 185 186
0.69124 1.04116 -0.24047 155 185 186
0.68949 1.03975 -0.21715 155 185 186
0.68976 1.03981 -0.19560 155 185 186
0.68932 1.03942 -0.17122 155 185 186
0.69027 1.03866 -0.14764 155 185 186
0.68996 1.03867 -0.12448 155 185 186
0.68961 1.03987 -0.10376 155 185 186
0.68978 1.04099 -0.08086 155 185 186
0.68989 1.04050 -0.05678 155 185 186
0.69101 1.04110 -0.03576 155 185 186
0.69188 1.04142 -0.01254 155 185 186
0.69190 1.04082 0.01145 155 185 186
0.69026 1.03903 0.03416 155 185 186
0.69169 1.04011 0.05606 155 185 186
0.69046 1.03868 0.07915 155 185 186
0.68943 1.04078 0.10431 155 185 186
0.68975 1.03909 0.12561 155 185 186
0.69179 1.03853 0.14843 155 185 186
0.69181 1.04030 0.17040 155 185 186
0.69142 1.03914 0.19500 155 185 186
0.68992 1.04092 0.21621 155 185 186
0.68934 1.03995 0.23855 155 185 186
0.68964 1.03960 0.26152 155 185 186
0.69168 1.04118 0.28546 155 185 186
0.68938 1.04123 0.30799 155 185 186
0.68949 1.04141 0.33043 155 185 186
0.69146 1.03900 0.35380 155 185 186
0.69161 1.03853 0.37716 155 185 186
0.69051 1.04053 0.39911 155 185 186
0.68490 1.04984 -0.40082 155 185 186
0.68518 1.04867 -0.37723 155 185 186
0.68263 1.05114 -0.35292 155 185 186
0.68236 1.04857 -0.33191 155 185 186
0.68525 1.05008 -0.30849 155 185 186
0.68323 1.05031 -0.28574 155 185 186
0.68355 1.04893 -0.26411 155 185 186
0.68291 1.04900 -0.24019 155 185 186
0.68290 1.05069 -0.21650 155 185 186
0.68341 1.04921 -0.19478 155 185 186
0.68430 1.05017 -0.17051 155 185 186
0.68324 1.04922 -0.14864 155 185 186
0.68423 1.04940 -0.12601 155 185 186
0.68493 1.05036 -0.10434 155 185 186
0.68515 1.04954 -0.08089 155 185 186
0.68266 1.05141 -0.05712 155 185 186
0.68480 1.05023 -0.03544 155 185 186
0.68271 1.04890 -0.01132 155 185 186
0.68291 1.04885 0.01099 155 185 186
0.68436 1.04976 0.03359 155 185 186
0.68387 1.05134 0.05735 155 185 186
0.68461 1.04965 0.08081 155 185 186
0.68440 1.04946 0.10291 155 185 186
0.68373 1.05088 0.12612 155 185 186
0.68339 1.04955 0.14772 155 185 186
0.68453 1.05085 0.17278 155 185 186
0.68338 1.04940 0.19461 155 185 186
0.68481 1.04935 0.21820 155 185 186
0.68337 1.04953 0.23900 155 185 186
0.68453 1.04913 0.26173 155 185 186
0.68492 1.05118 0.28422 155 185 186
0.68452 1.04860 0.30888 155 185 186
0.68275 1.05070 0.33104 155 185 186
0.68479 1.05062 0.35386 155 185 186
0.68422 1.05024 0.37755 155 185 186
0.68488 1.04876 0.40115 155 185 186
0.67570 1.06082 -0.40111 155 185 186
0.67666 1.05928 -0.37631 155 185 186
0.67691 1.05918 -0.35451 155 185 186
0.67830 1.05993 -0.33089 155 185 186
0.67609 1.06123 -0.30724 155 185 186
0.67725 1.06035 -0.28603 155 185 186
0.67644 1.05958 -0.26436 155 185 186
0.67736 1.05944 -0.24007 155 185 186
0.67806 1.05883 -0.21678 155 185 186
0.67767 1.05913 -0.19349 155 185 186
0.67664 1.05853 -0.17066 155 185 186
0.67629 1.06144 -0.14839 155 185 186
0.67631 1.06073 -0.12495 155 185 186
0.67653 1.05875 -0.10295 155 185 186
0.67701 1.05893 -0.08089 155 185 186
0.67665 1.05959 -0.05821 155 185 186
0.67820 1.05855 -0.03437 155 185 186
0.67669 1.06135 -0.01181 155 185 186
0.67574 1.06036 0.01183 155 185 186
0.67635 1.05897 0.03369 155 185 186
0.67722 1.06146 0.05719 155 185 186
0.67788 1.05922 0.08069 155 185 186
0.67818 1.06072 0.10169 155 185 186
0.67545 1.05921 0.12639 155 185 186
0.67689 1.05887 0.14894 155 185 186
0.67632 1.05933 0.17017 155 185 186
0.67769 1.05951 0.19510 155 185 186
0.67702 1.05871 0.21645 155 185 186
0.67808 1.05984 0.23925 155 185 186
0.67718 1.05988 0.26428 155 185 186
0.67795 1.05982 0.28545 155 185 186
0.67680 1.05917 0.30808 155 185 186
0.67781 1.05914 0.33160 155 185 186
0.67805 1.06019 0.35427 155 185 186
0.67573 1.06004 0.37692 155 185 186
0.67792 1.06123 0.39868 155 185 186
0.66954 1.06904 -0.39924 155 185 186
0.67041 1.06863 -0.37684 155 185 186
0.66908 1.06914 -0.35570 155 185 186
0.66955 1.07030 -0.33203 155 185 186
0.67148 1.06976 -0.30787 155 185 186
0.67061 1.06989 -0.28634 155 185 186
0.66973 1.07081 -0.26194 155 185 186
0.67113 1.07059 -0.24014 155 185 186
0.67018 1.07058 -0.21857 155 185 186
0.67065 1.07125 -0.19412 155 185 186
0.66954 1.07114 -0.17121 155 185 186
0.66935 1.06938 -0.14983 155 185 186
0.66871 1.06971 -0.12708 155 185 186
0.67100 1.07027 -0.10389 155 185 186
0.66972 1.06906 -0.07989 155 185 186
0.67020 1.07136 -0.05763 155 185 186
0.66973 1.06881 -0.03371 155 185 186
0.67086 1.06943 -0.01221 155 185 186
0.66883 1.06945 0.01228 155 185 186
0.66944 1.07028 0.03347 155 185 186
0.67090 1.07016 0.05631 155 185 186
0.66923 1.06913 0.08063 155 185 186
0.66913 1.06993 0.10158 155 185 186
0.66989 1.06970 0.12620 155 185 186
0.66865 1.06957 0.14845 155 185 186
0.66989 1.06981 0.17136 155 185 186
0.67044 1.07038 0.19564 155 185 186
0.66964 1.07098 0.21660 155 185 186
0.67055 1.06896 0.23941 155 185 186
0.66938 1.07126 0.26273 155 185 186
0.66932 1.06907 0.28469 155 185 186
0.66923 1.07043 0.30813 155 185 186
0.67095 1.06966 0.33159 155 185 186
0.66986 1.06912 0.35410 155 185 186
0.66979 1.06955 0.37675 155 185 186
0.67074 1.06865 0.40112 155 185 186
0.66423 1.08029 -0.40134 155 185 186
0.66202 1.07955 -0.37649 155 185 186
0.66253 1.08117 -0.35506 155 185 186
0.66194 1.08107 -0.33212 155 185 186
0.66210 1.07947 -0.30965 155 185 186
0.66454 1.08116 -0.28548 155 185 186
0.66209 1.08036 -0.26207 155 185 186
0.66291 1.08068 -0.24053 155 185 186
0.66206 1.08012 -0.21743 155 185 186
0.66224 1.08100 -0.19408 155 185 186
0.66239 1.07952 -0.17013 155 185 186
0.66247 1.07993 -0.14965 155 185 186
0.66357 1.08050 -0.12489 155 185 186
0.66239 1.08090 -0.10262 155 185 186
0.66384 1.07965 -0.07931 155 185 186
0.66369 1.07981 -0.05589 155 185 186
0.66401 1.07889 -0.03309 155 185 186
0.66340 1.07883 -0.01060 155 185 186
0.66223 1.08061 0.01121 155 185 186
0.66275 1.08116 0.03425 155 185 186
0.66405 1.07998 0.05818 155 185 186
0.66428 1.07856 0.07935 155 185 186
0.66212 1.08018 0.10189 155 185 186
0.66273 1.08011 0.12629 155 185 186
0.66339 1.07897 0.14744 155 185 186
0.66315 1.08149 0.17214 155 185 186
0.66252 1.08065 0.19564 155 185 186
0.66420 1.07879 0.21737 155 185 186
0.66199 1.08034 0.24148 155 185 186
0.66256 1.07863 0.26323 155 185 186
0.66309 1.07924 0.28650 155 185 186
0.66288 1.08111 0.30821 155 185 186
0.66373 1.07928 0.33034 155 185 186
0.66384 1.07879 0.35405 155 185 186
0.66379 1.08114 0.37625 155 185 186
0.66313 1.07984 0.39954 155 185 186
0.65755 1.09085 -0.39979 155 185 186
0.65545 1.08997 -0.37690 155 185 186
0.65695 1.09122 -0.35483 155 185 186
0.65556 1.08982 -0.33185 155 185 186
0.65670 1.08883 -0.30728 155 185 186
0.65486 1.08991 -0.28632 155 185 186
0.65653 1.09048 -0.26205 155 185 186
0.65711 1.08934 -0.24043 155 185 186
0.65613 1.09117 -0.21849 155 185 186
0.65513 1.09085 -0.19547 155 185 186
0.65746 1.09013 -0.17199 155 185 186
0.65584 1.08880 -0.14828 155 185 186
0.65560 1.09029 -0.12469 155 185 186
0.65670 1.08946 -0.10352 155 185 186
0.65471 1.09045 -0.07972 155 185 186
0.65598 1.09042 -0.05651 155 185 186
0.65660 1.08889 -0.03429 155 185 186
0.65645 1.09101 -0.01277 155 185 186
0.65719 1.09120 0.01071 155 185 186
0.65617 1.08926 0.03451 155 185 186
0.65662 1.08857 0.05567 155 185 186
0.65668 1.09060 0.08046 155 185 186
0.65698 1.09085 0.10251 155 185 186
0.65666 1.09135 0.12423 155 185 186
0.65485 1.08909 0.15002 155 185 186
0.65696 1.09074 0.17034 155 185 186
0.65504 1.09041 0.19334 155 185 186
0.65541 1.09006 0.21637 155 185 186
0.65736 1.08934 0.24089 155 185 186
0.65597 1.08902 0.26147 155 185 186
0.65627 1.09001 0.28445 155 185 186
0.65710 1.09062 0.30787 155 185 186
0.65765 1.08994 0.33002 155 185 186
0.65727 1.08996 0.35534 155 185 186
0.65513 1.09010 0.37575 155 185 186
0.65618 1.08983 0.40129 155 185 186
0.64879 1.09862 -0.40078 155 185 186
0.64807 1.10008 -0.37776 155 185 186
0.64968 1.10139 -0.35502 155 185 186
0.64978 1.09899 -0.33028 155 185 186
0.64855 1.09921 -0.30994 155 185 186
0.64952 1.10021 -0.28598 155 185 186
0.65070 1.10047 -0.26395 155 185 186
0.65031 1.09899 -0.24055 155 185 186
0.64877 1.10136 -0.21719 155 185 186
0.64779 1.09983 -0.19435 155 185 186
0.64803 1.09910 -0.17116 155 185 186
0.65070 1.09857 -0.14846 155 185 186
0.64839 1.10089 -0.12493 155 185 186
0.64926 1.10078 -0.10225 155 185 186
0.64858 1.10020 -0.07963 155 185 186
0.64780 1.09884 -0.05764 155 185 186
0.64830 1.10095 -0.03514 155 185 186
0.64805 1.09906 -0.01060 155 185 186
0.64913 1.09952 0.01078 155 185 186
0.65016 1.09887 0.03328 155 185 186
0.64956 1.10070 0.05767 155 185 186
0.64936 1.10078 0.07911 155 185 186
0.64851 1.09999 0.10399 155 185 186
0.64861 1.10061 0.12464 155 185 186
0.64804 1.10083 0.14736 155 185 186
0.64886 1.09940 0.17127 155 185 186
0.65024 1.10080 0.19431 155 185 186
0.64778 1.09886 0.21824 155 185 186
0.64952 1.09868 0.23997 155 185 186
0.64890 1.10112 0.26413 155 185 186
0.64959 1.10011 0.28709 155 185 186
0.65064 1.09852 0.30717 155 185 186
0.64819 1.10006 0.33058 155 185 186
0.64873 1.09938 0.35503 155 185 186
0.65004 1.09947 0.37815 155 185 186
0.64986 1.09902 0.40110 155 185 186
0.64274 1.10976 -0.39989 155 185 186
0.64370 1.11068 -0.37758 155 185 186
0.64231 1.11097 -0.35559 155 185 186
0.64325 1.10987 -0.33179 155 185 186
0.64140 1.10981 -0.30852 155 185 186
0.64204 1.10946 -0.28457 155 185 186
0.64143 1.10998 -0.26232 155 185 186
0.64278 1.11045 -0.24021 155 185 186
0.64226 1.10930 -0.21797 155 185 186
0.64332 1.11128 -0.19460 155 185 186
0.64200 1.11069 -0.17013 155 185 186
0.64221 1.11004 -0.14831 155 185 186
0.64324 1.11102 -0.12650 155 185 186
0.64208 1.11110 -0.10158 155 185 186
0.64211 1.11026 -0.07932 155 185 186
0.64302 1.11089 -0.05617 155 185 186
0.64089 1.10867 -0.03435 155 185 186
0.64281 1.11080 -0.01204 155 185 186
0.64114 1.10867 0.01088 155 185 186
0.64351 1.10963 0.03282 155 185 186
0.64151 1.10887 0.05668 155 185 186
0.64376 1.10985 0.08085 155 185 186
0.64081 1.11130 0.10251 155 185 186
0.64191 1.10977 0.12491 155 185 186
0.64178 1.10979 0.14758 155 185 186
0.64272 1.11122 0.17169 155 185 186
0.64283 1.10913 0.19395 155 185 186
0.64333 1.11046 0.21835 155 185 186
0.64173 1.11143 0.24143 155 185 186
0.64370 1.10941 0.26168 155 185 186
0.64280 1.10870 0.28487 155 185 186
0.64367 1.11034 0.30919 155 185 186
0.64226 1.10972 0.33161 155 185 186
0.64353 1.10870 0.35288 155 185 186
0.64172 1.10969 0.37624 155 185 186
0.64148 1.10868 0.39953 155 185 186
0.63509 1.12015 -0.39888 155 185 186
0.63660 1.11864 -0.37791 155 185 186
0.63488 1.12124 -0.35466 155 185 186
0.63483 1.11965 -0.33263 155 185 186
0.63578 1.12021 -0.30787 155 185 186
0.63398 1.12062 -0.28559 155 185 186
0.63488 1.12091 -0.26401 155 185 186
0.63574 1.11879 -0.24091 155 185 186
0.63498 1.12046 -0.21616 155 185 186
0.63535 1.11970 -0.19528 155 185 186
0.63685 1.12141 -0.17282 155 185 186
0.63428 1.11967 -0.15005 155 185 186
0.63635 1.11927 -0.12709 155 185 186
0.63509 1.12063 -0.10393 155 185 186
0.63430 1.12089 -0.08078 155 185 186
0.63589 1.12073 -0.05857 155 185 186
0.63526 1.12132 -0.03547 155 185 186
0.63670 1.12104 -0.01165 155 185 186
0.63582 1.12004 0.01247 155 185 186
0.63499 1.12033 0.03487 155 185 186
0.63389 1.12071 0.05724 155 185 186
0.63599 1.11877 0.08115 155 185 186
0.63416 1.11880 0.10395 155 185 186
0.63547 1.11894 0.12431 155 185 186
0.63475 1.11879 0.14976 155 185 186
0.63535 1.11951 0.17012 155 185 186
0.63468 1.12080 0.19384 155 185 186
0.63608 1.11859 0.21579 155 185 186
0.63666 1.11972 0.23968 155 185 186
0.63483 1.12049 0.26373 155 185 186
0.63535 1.12145 0.28693 155 185 186
0.63481 1.11942 0.30711 155 185 186
0.63613 1.11860 0.33215 155 185 186
0.63628 1.12142 0.35450 155 185 186
0.63602 1.11878 0.37698 155 185 186
0.63417 1.11949 0.40001 155 185 186
0.62728 1.13144 -0.40036 155 185 186
0.62934 1.13069 -0.37622 155 185 186
0.62842 1.12987 -0.35478 155 185 186
0.62848 1.13077 -0.33208 155 185 186
0.62983 1.12869 -0.30712 155 185 186
0.62818 1.13058 -0.28474 155 185 186
0.62901 1.12907 -0.26198 155 185 186
0.62976 1.13024 -0.23855 155 185 186
0.62922 1.13052 -0.21782 155 185 186
0.62776 1.13085 -0.19363 155 185 186
0.62713 1.12984 -0.17105 155 185 186
0.62827 1.12929 -0.14824 155 185 186
0.62753 1.12878 -0.12665 155 185 186
0.62743 1.13137 -0.10434 155 185 186
0.62887 1.12931 -0.08066 155 185 186
0.62927 1.13124 -0.05612 155 185 186
0.62906 1.12964 -0.03489 155 185 186
0.62967 1.12903 -0.01264 155 185 186
0.62964 1.13149 0.01048 155 185 186
0.62902 1.13003 0.03327 155 185 186
0.62943 1.13094 0.05744 155 185 186
0.62888 1.12980 0.08019 155 185 186
0.62921 1.12923 0.10268 155 185 186
0.62878 1.12918 0.12659 155 185 186
0.62801 1.13115 0.14877 155 185 186
0.62795 1.13097 0.17064 155 185 186
0.62810 1.12982 0.19515 155 185 186
0.62857 1.13083 0.21695 155 185 186
0.62779 1.13116 0.24017 155 185 186
0.62886 1.13059 0.26173 155 185 186
0.62949 1.13127 0.28693 155 185 186
0.62806 1.13108 0.30963 155 185 186
0.62878 1.12857 0.33146 155 185 186
0.62720 1.13113 0.35310 155 185 186
0.62849 1.13031 0.37570 155 185 186
0.62819 1.13041 0.39912 155 185 186
0.62283 1.13888 -0.39864 155 185 186
0.62165 1.14123 -0.37725 155 185 186
0.62098 1.13908 -0.35331 155 185 186
0.62102 1.13938 -0.33209 155 185 186
0.62252 1.14118 -0.30907 155 185 186
0.62011 1.13977 -0.28647 155 185 186
0.62251 1.14146 -0.26221 155 185 186
0.62094 1.14043 -0.24016 155 185 186
0.62030 1.14061 -0.21667 155 185 186
0.62246 1.14001 -0.19456 155 185 186
0.62031 1.13912 -0.17195 155 185 186
0.62173 1.14096 -0.14855 155 185 186
0.62225 1.13855 -0.12590 155 185 186
0.62250 1.13900 -0.10206 155 185 186
0.62111 1.14131 -0.08031 155 185 186
0.62070 1.13852 -0.05779 155 185 186
0.62271 1.13942 -0.03291 155 185 186
0.62124 1.14112 -0.01054 155 185 186
0.62168 1.14022 0.01273 155 185 186
0.62118 1.13924 0.03303 155 185 186
0.62120 1.14017 0.05822 155 185 186
0.62104 1.13885 0.07917 155 185 186
0.62175 1.14110 0.10347 155 185 186
0.62191 1.13940 0.12698 155 185 186
0.62086 1.13955 0.14709 155 185 186
0.62066 1.13869 0.17116 155 185 186
0.62142 1.14011 0.19283 155 185 186
0.62229 1.14024 0.21746 155 185 186
0.62027 1.13994 0.24063 155 185 186
0.62030 1.13932 0.26314 155 185 186
0.62092 1.13974 0.28672 155 185 186
0.62262 1.13890 0.30884 155 185 186
0.62272 1.13897 0.33064 155 185 186
0.62151 1.13987 0.35550 155 185 186
0.62287 1.13904 0.37627 155 185 186
0.62229 1.14060 0.40050 155 185 186
0.61402 1.15077 -0.39964 155 185 186
0.61518 1.14947 -0.37801 155 185 186
0.61506 1.15042 -0.35282 155 185 186
0.61493 1.15100 -0.33152 155 185 186
0.61332 1.14893 -0.30761 155 185 186
0.61406 1.14988 -0.28493 155 185 186
0.61423 1.15028 -0.26172 155 185 186
0.61314 1.14870 -0.23917 155 185 186
0.61517 1.15014 -0.21815 155 185 186
0.61396 1.14944 -0.19375 155 185 186
0.61312 1.14916 -0.17054 155 185 186
0.61397 1.14898 -0.14815 155 185 186
0.61525 1.14852 -0.12691 155 185 186
0.61314 1.14907 -0.10372 155 185 186
0.61411 1.14873 -0.07989 155 185 186
0.61349 1.14970 -0.05768 155 185 186
0.61588 1.14965 -0.03488 155 185 186
0.61603 1.14957 -0.01040 155 185 186
0.61580 1.15037 0.01222 155 185 186
0.61474 1.15139 0.03285 155 185 186
0.61395 1.15126 0.05572 155 185 186
0.61482 1.14900 0.07904 155 185 186
0.61480 1.14946 0.10223 155 185 186
0.61349 1.14956 0.12564 155 185 186
0.61523 1.14961 0.14956 155 185 186
0.61393 1.14939 0.17200 155 185 186
0.61608 1.14941 0.19490 155 185 186
0.61504 1.15115 0.21652 155 185 186
0.61519 1.15061 0.24025 155 185 186
0.61348 1.15148 0.26201 155 185 186
0.61573 1.15029 0.28502 155 185 186
0.61579 1.14919 0.30757 155 185 186
0.61515 1.14955 0.33231 155 185 186
0.61469 1.14976 0.35376 155 185 186
0.61609 1.15119 0.37617 155 185 186
0.61593 1.14864 0.40104 155 185 186
0.60707 1.15859 -0.40077 155 185 186
0.60725 1.15865 -0.37729 155 185 186
0.60649 1.16130 -0.35557 155 185 186
0.60798 1.16044 -0.32997 155 185 186
0.60727 1.15885 -0.30723 155 185 186
0.60729 1.15887 -0.28458 155 185 186
0.60799 1.15965 -0.26157 155 185 186
0.60705 1.16071 -0.23933 155 185 186
0.60848 1.16031 -0.21744 155 185 186
0.60902 1.15902 -0.19427 155 185 186
0.60631 1.15949 -0.17232 155 185 186
0.60663 1.15918 -0.14962 155 185 186
0.60644 1.16025 -0.12668 155 185 186
0.60660 1.16033 -0.10301 155 185 186
0.60750 1.15942 -0.08052 155 185 186
0.60770 1.15877 -0.05702 155 185 186
0.60642 1.15953 -0.03338 155 185 186
0.60622 1.15957 -0.01159 155 185 186
0.60734 1.16123 0.01143 155 185 186
0.60804 1.15938 0.03404 155 185 186
0.60902 1.16142 0.05851 155 185 186
0.60719 1.16023 0.07868 155 185 186
0.60917 1.16132 0.10375 155 185 186
0.60853 1.16086 0.12553 155 185 186
0.60748 1.16024 0.15004 155 185 186
0.60782 1.15979 0.17210 155 185 186
0.60814 1.15892 0.19454 155 185 186
0.60825 1.16017 0.21579 155 185 186
0.60836 1.15856 0.24076 155 185 186
0.60633 1.16122 0.26308 155 185 186
0.60788 1.15993 0.28501 155 185 186
0.60662 1.16071 0.30712 155 185 186
0.60672 1.15921 0.33213 155 185 186
0.60870 1.16072 0.35311 155 185 186
0.60660 1.16148 0.37654 155 185 186
0.60644 1.16087 0.40065 155 185 186
0.60177 1.16891 -0.39999 155 185 186
0.60045 1.16953 -0.37671 155 185 186
0.59978 1.16916 -0.35402 155 185 186
0.60191 1.17076 -0.33212 155 185 186
0.60158 1.16857 -0.30863 155 185 186
0.60208 1.17106 -0.28537 155 185 186
0.60180 1.16896 -0.26397 155 185 186
0.59930 1.17009 -0.24009 155 185 186
0.60004 1.17035 -0.21859 155 185 186
0.60214 1.16907 -0.19385 155 185 186
0.60085 1.17084 -0.16993 155 185 186
0.60220 1.16930 -0.14849 155 185 186
0.60140 1.17034 -0.12489 155 185 186
0.59950 1.16919 -0.10297 155 185 186
0.60052 1.16907 -0.07954 155 185 186
0.60105 1.17079 -0.05670 155 185 186
0.60071 1.17095 -0.03448 155 185 186
0.59994 1.17148 -0.01109 155 185 186
0.60213 1.16922 0.01153 155 185 186
0.60093 1.17146 0.03395 155 185 186
0.60063 1.17102 0.05777 155 185 186
0.59959 1.17127 0.08147 155 185 186
0.59953 1.17078 0.10431 155 185 186
0.60022 1.17031 0.12674 155 185 186
0.60057 1.16954 0.14906 155 185 186
0.59933 1.16918 0.17047 155 185 186
0.60024 1.16959 0.19424 155 185 186
0.60022 1.17032 0.21760 155 185 186
0.60041 1.17114 0.23957 155 185 186
0.60208 1.16927 0.26319 155 185 186
0.60108 1.17084 0.28481 155 185 186
0.60064 1.17146 0.30950 155 185 186
0.60054 1.16925 0.33234 155 185 186
0.60212 1.17145 0.35435 155 185 186
0.60225 1.17082 0.37811 155 185 186
0.60218 1.16994 0.39933 155 185 186
0.59448 1.17985 -0.40086 155 185 186
0.59528 1.18004 -0.37642 155 185 186
0.59287 1.18036 -0.35348 155 185 186
0.59391 1.17959 -0.33165 155 185 186
0.59256 1.17909 -0.30829 155 185 186
0.59485 1.18050 -0.28638 155 185 186
0.59462 1.17892 -0.26244 155 185 186
0.59439 1.17946 -0.24062 155 185 186
0.59374 1.18142 -0.21677 155 185 186
0.59406 1.18039 -0.19358 155 185 186
0.59356 1.17940 -0.17287 155 185 186
0.59440 1.17962 -0.14820 155 185 186
0.59314 1.18053 -0.12464 155 185 186
0.59279 1.18051 -0.10283 155 185 186
0.59465 1.17961 -0.07973 155 185 186
0.59384 1.18112 -0.05637 155 185 186
0.59345 1.18088 -0.03507 155 185 186
0.59363 1.18115 -0.01042 155 185 186
0.59304 1.18047 0.01156 155 185 186
0.59303 1.18014 0.03373 155 185 186
0.59257 1.17901 0.05840 155 185 186
0.59372 1.17869 0.08035 155 185 186
0.59379 1.18086 0.10233 155 185 186
0.59474 1.18034 0.12627 155 185 186
0.59480 1.17951 0.14834 155 185 186
0.59259 1.18020 0.17021 155 185 186
0.59494 1.18017 0.19476 155 185 186
0.59528 1.18143 0.21668 155 185 186
0.59444 1.17958 0.23868 155 185 186
0.59492 1.17937 0.26224 155 185 186
0.59411 1.17951 0.28700 155 185 186
0.59449 1.17981 0.31001 155 185 186
0.59478 1.17945 0.33210 155 185 186
0.59323 1.18057 0.35375 155 185 186
0.59448 1.17867 0.37813 155 185 186
0.59459 1.17857 0.39976 155 185 186
0.58666 1.18937 -0.39866 155 185 186
0.58663 1.19105 -0.37729 155 185 186
0.58830 1.19074 -0.35471 155 185 186
0.58718 1.18950 -0.33177 155 185 186
0.58806 1.19127 -0.30919 155 185 186
0.58702 1.19048 -0.28714 155 185 186
0.58645 1.19036 -0.26403 155 185 186
0.58770 1.19146 -0.24134 155 185 186
0.58689 1.19023 -0.21843 155 185 186
0.58710 1.19145 -0.19528 155 185 186
0.58718 1.19074 -0.17029 155 185 186
0.58660 1.18877 -0.14882 155 185 186
0.58548 1.19149 -0.12624 155 185 186
0.58652 1.19141 -0.10337 155 185 186
0.58660 1.18933 -0.07973 155 185 186
0.58572 1.19092 -0.05717 155 185 186
0.58586 1.19026 -0.03523 155 185 186
0.58731 1.18958 -0.01109 155 185 186
0.58691 1.18918 0.01146 155 185 186
0.58596 1.19140 0.03366 155 185 186
0.58739 1.18915 0.05711 155 185 186
0.58822 1.19119 0.08132 155 185 186
0.58702 1.19099 0.10382 155 185 186
0.58585 1.19073 0.12619 155 185 186
0.58686 1.19036 0.14931 155 185 186
0.58600 1.19082 0.16993 155 185 186
0.58760 1.18984 0.19413 155 185 186
0.58696 1.18967 0.21826 155 185 186
0.58705 1.18943 0.23966 155 185 186
0.58655 1.18899 0.26153 155 185 186
0.58657 1.18861 0.28498 155 185 186
0.58841 1.18867 0.30736 155 185 186
0.58664 1.18883 0.33098 155 185 186
0.58708 1.19093 0.35433 155 185 186
0.58608 1.18911 0.37718 155 185 186
0.58815 1.19042 0.40034 155 185 186
0.58072 1.19912 -0.39860 155 185 186
0.57927 1.20047 -0.37764 155 185 186
0.57989 1.20087 -0.35371 155 185 186
0.58133 1.20065 -0.33024 155 185 186
0.58029 1.20089 -0.30959 155 185 186
0.57896 1.20020 -0.28647 155 185 186
0.58090 1.19861 -0.26262 155 185 186
0.57929 1.20010 -0.24006 155 185 186
0.58004 1.19927 -0.21574 155 185 186
0.57856 1.19878 -0.19341 155 185 186
0.57886 1.19946 -0.17083 155 185 186
0.58110 1.19870 -0.14815 155 185 186
0.57973 1.20128 -0.12614 155 185 186
0.57862 1.19943 -0.10393 155 185 186
0.57875 1.19974 -0.08140 155 185 186
0.57942 1.19886 -0.05594 155 185 186
0.57940 1.19970 -0.03466 155 185 186
0.57975 1.20064 -0.01060 155 185 186
0.57994 1.19960 0.01015 155 185 186
0.58058 1.20007 0.03379 155 185 186
0.58101 1.19979 0.05738 155 185 186
0.57936 1.19903 0.08130 155 185 186
0.57978 1.20119 0.10190 155 185 186
0.57858 1.19958 0.12631 155 185 186
0.58041 1.19957 0.14955 155 185 186
0.58134 1.20142 0.17260 155 185 186
0.57960 1.19963 0.19355 155 185 186
0.58100 1.19931 0.21670 155 185 186
0.57982 1.19885 0.23951 155 185 186
0.57976 1.20108 0.26156 155 185 186
0.58111 1.19959 0.28634 155 185 186
0.57884 1.20095 0.30715 155 185 186
0.57876 1.20095 0.33016 155 185 186
0.57938 1.19918 0.35555 155 185 186
0.57929 1.20058 0.37797 155 185 186
0.58034 1.20127 0.39960 155 185 186
-0.70044 0.93072 -0.47005 244 217 170
-0.69922 0.94113 -0.46660 244 217 170
-0.70088 0.95240 -0.46463 244 217 170
-0.70021 0.96431 -0.46114 244 217 170
-0.70061 0.97642 -0.45785 244 217 170
-0.69949 0.98752 -0.45403 244 217 170
-0.70056 0.99969 -0.45114 244 217 170
-0.69956 1.01026 -0.44888 244 217 170
-0.69926 1.02287 -0.44518 244 217 170
-0.70007 1.03355 -0.44244 244 217 170
-0.70061 1.04503 -0.43999 244 217 170
-0.70046 1.05748 -0.43677 244 217 170
-0.70016 1.06746 -0.43381 244 217 170
-0.69959 1.08049 -0.43002 244 217 170
-0.69937 1.09088 -0.42781 244 217 170
-0.69973 1.10370 -0.42442 244 217 170
-0.70082 1.11450 -0.42072 244 217 170
-0.69958 1.12618 -0.41744 244 217 170
-0.69906 1.13816 -0.41527 244 217 170
-0.70068 1.14946 -0.41165 244 217 170
-0.70088 1.16105 -0.40763 244 217 170
-0.69900 1.17211 -0.40636 244 217 170
-0.70081 1.18316 -0.40275 244 217 170
-0.70087 1.19580 -0.39956 244 217 170
-0.70072 1.20598 -0.39579 244 217 170
-0.70020 1.21859 -0.39215 244 217 170
-0.70000 1.22966 -0.38938 244 217 170
-0.04916 0.93040 -0.46914 244 217 170
-0.05059 0.94054 -0.46729 244 217 170
-0.05013 0.95250 -0.46426 244 217 170
-0.05004 0.96455 -0.46051 244 217 170
-0.05022 0.97559 -0.45685 244 217 170
-0.05002 0.98778 -0.45441 244 217 170
-0.04907 0.99883 -0.45138 244 217 170
-0.05047 1.01033 -0.44919 244 217 170
-0.05037 1.02315 -0.44532 244 217 170
-0.04966 1.03372 -0.44295 244 217 170
-0.05064 1.04505 -0.43993 244 217 170
-0.04952 1.05734 -0.43581 244 217 170
-0.05080 1.06850 -0.43366 244 217 170
-0.04943 1.08098 -0.43037 244 217 170
-0.04917 1.09089 -0.42601 244 217 170
-0.05091 1.10245 -0.42433 244 217 170
-0.05017 1.11542 -0.42158 244 217 170
-0.04915 1.12594 -0.41853 244 217 170
-0.05057 1.13861 -0.41519 244 217 170
-0.04917 1.14925 -0.41122 244 217 170
-0.05057 1.16044 -0.40872 244 217 170
-0.04940 1.17242 -0.40479 244 217 170
-0.05040 1.18290 -0.40158 244 217 170
-0.04926 1.19487 -0.39880 244 217 170
-0.05087 1.20727 -0.39644 244 217 170
-0.05091 1.21866 -0.39252 244 217 170
-0.04948 1.23096 -0.38925 244 217 170
0.59948 0.93040 -0.47095 244 217 170
0.60052 0.94188 -0.46703 244 217 170
0.59979 0.95370 -0.46399 244 217 170
0.59927 0.96510 -0.46117 244 217 170
0.60088 0.97607 -0.45685 244 217 170
0.59960 0.98742 -0.45386 244 217 170
0.60028 0.99874 -0.45131 244 217 170
0.60046 1.01118 -0.44904 244 217 170
0.59922 1.02230 -0.44485 244 217 170
0.59930 1.03379 -0.44277 244 217 170
0.59983 1.04614 -0.43945 244 217 170
0.60066 1.05783 -0.43634 244 217 170
0.60012 1.06910 -0.43291 244 217 170
0.60061 1.08081 -0.43099 244 217 170
0.60058 1.09097 -0.42594 244 217 170
0.59931 1.10311 -0.42298 244 217 170
0.60099 1.11502 -0.41990 244 217 170
0.60037 1.12577 -0.41785 244 217 170
0.60032 1.13798 -0.41531 244 217 170
0.60030 1.14967 -0.41165 244 217 170
0.59919 1.16073 -0.40910 244 217 170
0.59966 1.17269 -0.40481 244 217 170
0.60097 1.18323 -0.40174 244 217 170
0.60024 1.19553 -0.39958 244 217 170
0.59977 1.20770 -0.39710 244 217 170
0.60087 1.21764 -0.39378 244 217 170
0.60060 1.23085 -0.38926 244 217 170
0.07925 0.38945 -0.64961 244 217 170
0.08082 0.40791 -0.65028 244 217 170
0.07929 0.42354 -0.64916 244 217 170
0.07914 0.44172 -0.64942 244 217 170
0.08044 0.45788 -0.65067 244 217 170
0.08047 0.47499 -0.65010 244 217 170
0.07944 0.49224 -0.65034 244 217 170
0.07966 0.50913 -0.64932 244 217 170
0.08001 0.52567 -0.65015 244 217 170
0.07955 0.54244 -0.65020 244 217 170
0.07993 0.55898 -0.64965 244 217 170
0.07935 0.57630 -0.65067 244 217 170
0.07995 0.59276 -0.64965 244 217 170
0.07978 0.61044 -0.64909 244 217 170
0.07903 0.62815 -0.65025 244 217 170
0.08000 0.64382 -0.64914 244 217 170
0.07939 0.66229 -0.64938 244 217 170
0.07968 0.67836 -0.64975 244 217 170
0.08079 0.69482 -0.64930 244 217 170
0.08029 0.71300 -0.64929 244 217 170
0.08056 0.73014 -0.65007 244 217 170
0.08006 0.74619 -0.65085 244 217 170
0.07983 0.76293 -0.65061 244 217 170
0.07950 0.77946 -0.65095 244 217 170
0.07938 0.79663 -0.64927 244 217 170
0.07911 0.81513 -0.64926 244 217 170
0.08073 0.83143 -0.64960 244 217 170
0.07900 0.84772 -0.65091 244 217 170
0.08068 0.86429 -0.65009 244 217 170
0.07920 0.88127 -0.64992 244 217 170
0.08008 0.89870 -0.65073 244 217 170
0.07930 0.91697 -0.65007 244 217 170
0.08003 0.93376 -0.65020 244 217 170
0.07920 0.95042 -0.64919 244 217 170
0.15913 0.73004 -0.65524 244 217 170
0.17170 0.73000 -0.65585 244 217 170
0.18221 0.73097 -0.65535 244 217 170
0.19352 0.73021 -0.65549 244 217 170
0.20303 0.73025 -0.65524 244 217 170
0.21467 0.72916 -0.65608 244 217 170
0.22631 0.72904 -0.65511 244 217 170
0.23769 0.73075 -0.65529 244 217 170
0.24878 0.73024 -0.65626 244 217 170
0.25969 0.72938 -0.65620 244 217 170
0.26943 0.73075 -0.65511 244 217 170
0.28163 0.72923 -0.65658 244 217 170
0.29173 0.73005 -0.65611 244 217 170
0.30289 0.73069 -0.65587 244 217 170
0.31301 0.73096 -0.65560 244 217 170
0.32452 0.72911 -0.65564 244 217 170
-0.69927 0.93081 0.46985 244 217 170
-0.69980 0.94095 0.46597 244 217 170
-0.70016 0.95320 0.46347 244 217 170
-0.70070 0.96519 0.46159 244 217 170
-0.70005 0.97596 0.45682 244 217 170
-0.69986 0.98846 0.45379 244 217 170
-0.70040 1.00022 0.45143 244 217 170
-0.69924 1.01086 0.44858 244 217 170
-0.70079 1.02201 0.44540 244 217 170
-0.69971 1.03434 0.44316 244 217 170
-0.70091 1.04470 0.43921 244 217 170
-0.70066 1.05606 0.43684 244 217 170
-0.70093 1.06841 0.43238 244 217 170
-0.70066 1.07957 0.43007 244 217 170
-0.70091 1.09242 0.42696 244 217 170
-0.69956 1.10308 0.42362 244 217 170
-0.69956 1.11481 0.42022 244 217 170
-0.70026 1.12629 0.41670 244 217 170
-0.70019 1.13815 0.41373 244 217 170
-0.69952 1.14996 0.41133 244 217 170
-0.69910 1.16070 0.40796 244 217 170
-0.70094 1.17279 0.40451 244 217 170
-0.69905 1.18285 0.40273 244 217 170
-0.70054 1.19462 0.39853 244 217 170
-0.70043 1.20717 0.39570 244 217 170
-0.69912 1.21770 0.39209 244 217 170
-0.69952 1.23098 0.39005 244 217 170
-0.05076 0.93045 0.47057 244 217 170
-0.04937 0.94115 0.46780 244 217 170
-0.05063 0.95363 0.46462 244 217 170
-0.05007 0.96432 0.46025 244 217 170
-0.05057 0.97683 0.45752 244 217 170
-0.05050 0.98763 0.45432 244 217 170
-0.05051 0.99978 0.45253 244 217 170
-0.04963 1.01175 0.44804 244 217 170
-0.04918 1.02135 0.44543 244 217 170
-0.05039 1.03445 0.44288 244 217 170
-0.04926 1.04619 0.43971 244 217 170
-0.04902 1.05762 0.43649 244 217 170
-0.04943 1.06850 0.43355 244 217 170
-0.05021 1.08077 0.42929 244 217 170
-0.04934 1.09253 0.42741 244 217 170
-0.04968 1.10372 0.42397 244 217 170
-0.04908 1.11390 0.42142 244 217 170
-0.04968 1.12582 0.41729 244 217 170
-0.05013 1.13835 0.41424 244 217 170
-0.04990 1.14965 0.41221 244 217 170
-0.05041 1.16104 0.40767 244 217 170
-0.05045 1.17141 0.40479 244 217 170
-0.04929 1.18391 0.40171 244 217 170
-0.05031 1.19490 0.39884 244 217 170
-0.05029 1.20729 0.39529 244 217 170
-0.05081 1.21853 0.39375 244 217 170
-0.05038 1.23026 0.39036 244 217 170
0.59921 0.92944 0.47064 244 217 170
0.59953 0.94143 0.46670 244 217 170
0.60024 0.95255 0.46471 244 217 170
0.59900 0.96480 0.46162 244 217 170
0.59921 0.97616 0.45705 244 217 170
0.59961 0.98796 0.45403 244 217 170
0.59948 1.00021 0.45167 244 217 170
0.60085 1.01170 0.44893 244 217 170
0.59906 1.02209 0.44608 244 217 170
0.59969 1.03326 0.44281 244 217 170
0.60064 1.04540 0.43923 244 217 170
0.59986 1.05604 0.43619 244 217 170
0.59985 1.06910 0.43302 244 217 170
0.59922 1.08013 0.42949 244 217 170
0.60018 1.09238 0.42671 244 217 170
0.60031 1.10251 0.42413 244 217 170
0.60006 1.11499 0.42027 244 217 170
0.59945 1.12585 0.41694 244 217 170
0.59967 1.13751 0.41518 244 217 170
0.60043 1.14950 0.41065 244 217 170
0.59970 1.16031 0.40755 244 217 170
0.59919 1.17290 0.40564 244 217 170
0.60084 1.18458 0.40311 244 217 170
0.60051 1.19584 0.39875 244 217 170
0.59919 1.20727 0.39594 244 217 170
0.60018 1.21877 0.39329 244 217 170
0.59925 1.23030 0.38960 244 217 170
0.08055 0.38916 0.65009 244 217 170
0.08083 0.40670 0.64951 244 217 170
0.08007 0.42419 0.65045 244 217 170
0.08051 0.44066 0.64956 244 217 170
0.07959 0.45879 0.65018 244 217 170
0.08086 0.47531 0.65024 244 217 170
0.07908 0.49173 0.65085 244 217 170
0.07923 0.50936 0.64931 244 217 170
0.08063 0.52548 0.64968 244 217 170
0.08020 0.54325 0.65081 244 217 170
0.08021 0.55966 0.64947 244 217 170
0.08054 0.57704 0.64958 244 217 170
0.07920 0.59400 0.64941 244 217 170
0.07979 0.61105 0.64936 244 217 170
0.07912 0.62823 0.65074 244 217 170
0.08023 0.64539 0.65096 244 217 170
0.07953 0.66223 0.65018 244 217 170
0.08051 0.67940 0.64936 244 217 170
0.07962 0.69468 0.65028 244 217 170
0.07953 0.71229 0.64931 244 217 170
0.08038 0.72873 0.65039 244 217 170
0.07986 0.74677 0.64934 244 217 170
0.08083 0.76384 0.65043 244 217 170
0.08051 0.78007 0.65071 244 217 170
0.08043 0.79734 0.65036 244 217 170
0.07908 0.81521 0.65016 244 217 170
0.07987 0.83181 0.65028 244 217 170
0.08013 0.84781 0.65009 244 217 170
0.07942 0.86493 0.64919 244 217 170
0.07903 0.88230 0.64996 244 217 170
0.08026 0.89879 0.65038 244 217 170
0.08086 0.91589 0.64951 244 217 170
0.08072 0.93233 0.65031 244 217 170
0.08070 0.94915 0.65072 244 217 170
0.15991 0.73004 0.65615 244 217 170
0.17098 0.73058 0.65598 244 217 170
0.18175 0.72937 0.65565 244 217 170
0.19319 0.73071 0.65643 244 217 170
0.20477 0.72901 0.65576 244 217 170
0.21448 0.73072 0.65699 244 217 170
0.22584 0.72984 0.65637 244 217 170
0.23755 0.72972 0.65693 244 217 170
0.24802 0.72929 0.65677 244 217 170
0.25956 0.73052 0.65563 244 217 170
0.26982 0.72990 0.65629 244 217 170
0.28103 0.72944 0.65530 244 217 170
0.29299 0.73022 0.65536 244 217 170
0.30382 0.73071 0.65532 244 217 170
0.31319 0.72947 0.65592 244 217 170
0.32407 0.73013 0.65696 244 217 170
-0.70556 0.33036 -0.68485 135 155 144
-0.69433 0.32930 -0.70385 135 155 144
-0.68233 0.32954 -0.72168 135 155 144
-0.67325 0.32950 -0.73073 135 155 144
-0.66156 0.33067 -0.73427 135 155 144
-0.65110 0.33004 -0.73259 135 155 144
-0.64126 0.33094 -0.71985 135 155 144
-0.62944 0.33055 -0.70550 135 155 144
-0.62121 0.32898 -0.68501 135 155 144
-0.76882 0.32933 -0.74286 244 217 170
-0.88878 0.32993 -0.74444 244 217 170
-0.70433 0.34524 -0.68461 135 155 144
-0.69434 0.34686 -0.70444 135 155 144
-0.68400 0.34709 -0.72167 135 155 144
-0.67495 0.34869 -0.73146 135 155 144
-0.66422 0.34868 -0.73557 135 155 144
-0.65234 0.34866 -0.73251 135 155 144
-0.64303 0.35053 -0.72005 135 155 144
-0.63225 0.34881 -0.70363 135 155 144
-0.62071 0.34992 -0.68362 135 155 144
-0.76959 0.34058 -0.74180 244 217 170
-0.88770 0.33297 -0.74449 244 217 170
-0.70821 0.35921 -0.68456 135 155 144
-0.69670 0.36101 -0.70303 135 155 144
-0.68514 0.36424 -0.72058 135 155 144
-0.67425 0.36580 -0.73237 135 155 144
-0.66399 0.36489 -0.73459 135 155 144
-0.65406 0.36616 -0.72990 135 155 144
-0.64514 0.36968 -0.72078 135 155 144
-0.63406 0.37097 -0.70367 135 155 144
-0.62268 0.37176 -0.68461 135 155 144
-0.76972 0.35142 -0.74162 244 217 170
-0.88911 0.33635 -0.74591 244 217 170
-0.70867 0.37612 -0.68505 135 155 144
-0.69830 0.37820 -0.70523 135 155 144
-0.68829 0.37930 -0.72131 135 155 144
-0.67936 0.38201 -0.73064 135 155 144
-0.66729 0.38489 -0.73572 135 155 144
-0.65601 0.38723 -0.73168 135 155 144
-0.64745 0.38780 -0.72015 135 155 144
-0.63674 0.38927 -0.70536 135 155 144
-0.62691 0.39140 -0.68483 135 155 144
-0.77323 0.36407 -0.74191 244 217 170
-0.88892 0.34020 -0.74473 244 217 170
-0.71365 0.38990 -0.68642 135 155 144
-0.70340 0.39435 -0.70275 135 155 144
-0.69197 0.39725 -0.71906 135 155 144
-0.68077 0.39969 -0.73255 135 155 144
-0.67197 0.40243 -0.73383 135 155 144
-0.66110 0.40546 -0.73263 135 155 144
-0.65117 0.40715 -0.71993 135 155 144
-0.64191 0.40996 -0.70429 135 155 144
-0.63125 0.41250 -0.68441 135 155 144
-0.77486 0.37354 -0.74102 244 217 170
-0.88997 0.34373 -0.74567 244 217 170
-0.71719 0.40472 -0.68541 135 155 144
-0.70782 0.40963 -0.70455 135 155 144
-0.69595 0.41308 -0.72073 135 155 144
-0.68743 0.41584 -0.73259 135 155 144
-0.67847 0.41917 -0.73373 135 155 144
-0.66750 0.42292 -0.73172 135 155 144
-0.65747 0.42481 -0.72085 135 155 144
-0.64737 0.42854 -0.70310 135 155 144
-0.63812 0.43157 -0.68535 135 155 144
-0.77871 0.38505 -0.74210 244 217 170
-0.89026 0.34738 -0.74431 244 217 170
-0.72267 0.42140 -0.68476 135 155 144
-0.71397 0.42384 -0.70422 135 155 144
-0.70379 0.42809 -0.72102 135 155 144
-0.69458 0.43155 -0.73058 135 155 144
-0.68425 0.43542 -0.73574 135 155 144
-0.67514 0.43928 -0.73107 135 155 144
-0.66520 0.44356 -0.72017 135 155 144
-0.65557 0.44770 -0.70461 135 155 144
-0.64350 0.45309 -0.68396 135 155 144
-0.78293 0.39505 -0.74193 244 217 170
-0.89256 0.34924 -0.74576 244 217 170
-0.72958 0.43432 -0.68516 135 155 144
-0.72090 0.43870 -0.70386 135 155 144
-0.70898 0.44467 -0.71953 135 155 144
-0.70149 0.44920 -0.73264 135 155 144
-0.69101 0.45194 -0.73532 135 155 144
-0.68088 0.45790 -0.73109 135 155 144
-0.67125 0.46310 -0.72025 135 155 144
-0.66117 0.46589 -0.70554 135 155 144
-0.65212 0.47231 -0.68500 135 155 144
-0.78743 0.40469 -0.74215 244 217 170
-0.89321 0.35387 -0.74507 244 217 170
-0.73636 0.44800 -0.68510 135 155 144
-0.72834 0.45315 -0.70541 135 155 144
-0.71710 0.45697 -0.71909 135 155 144
-0.70832 0.46273 -0.73030 135 155 144
-0.70001 0.46992 -0.73576 135 155 144
-0.69090 0.47538 -0.73176 135 155 144
-0.68035 0.47833 -0.72154 135 155 144
-0.67090 0.48479 -0.70451 135 155 144
-0.66164 0.48881 -0.68546 135 155 144
-0.79220 0.41584 -0.74110 244 217 170
-0.89566 0.35676 -0.74540 244 217 170
-0.74401 0.45926 -0.68499 135 155 144
-0.73696 0.46657 -0.70411 135 155 144
-0.72569 0.47277 -0.71947 135 155 144
-0.71695 0.47941 -0.73204 135 155 144
-0.70792 0.48464 -0.73474 135 155 144
-0.69916 0.48929 -0.73179 135 155 144
-0.69100 0.49672 -0.72182 135 155 144
-0.68292 0.50168 -0.70441 135 155 144
-0.67323 0.50791 -0.68466 135 155 144
-0.79792 0.42500 -0.74204 244 217 170
-0.89664 0.35836 -0.74548 244 217 170
-0.75477 0.47450 -0.68645 135 155 144
-0.74479 0.47931 -0.70435 135 155 144
-0.73551 0.48694 -0.71994 135 155 144
-0.72917 0.49381 -0.73085 135 155 144
-0.72134 0.49780 -0.73388 135 155 144
-0.71236 0.50557 -0.73024 135 155 144
-0.70318 0.51169 -0.72122 135 155 144
-0.69576 0.51901 -0.70461 135 155 144
-0.68688 0.52388 -0.68391 135 155 144
-0.80349 0.43485 -0.74215 244 217 170
-0.89816 0.36159 -0.74450 244 217 170
-0.76242 0.48589 -0.68524 135 155 144
-0.75500 0.49158 -0.70369 135 155 144
-0.74778 0.49811 -0.72046 135 155 144
-0.73874 0.50600 -0.73104 135 155 144
-0.73148 0.51259 -0.73364 135 155 144
-0.72450 0.51971 -0.73071 135 155 144
-0.71526 0.52730 -0.72114 135 155 144
-0.70845 0.53523 -0.70396 135 155 144
-0.69856 0.53956 -0.68553 135 155 144
-0.81140 0.44346 -0.74210 244 217 170
-0.90014 0.36441 -0.74500 244 217 170
-0.77403 0.49630 -0.68469 135 155 144
-0.76733 0.50352 -0.70500 135 155 144
-0.75909 0.51234 -0.72096 135 155 144
-0.75220 0.51874 -0.73093 135 155 144
-0.74517 0.52512 -0.73365 135 155 144
-0.73703 0.53247 -0.73150 135 155 144
-0.72923 0.54176 -0.72127 135 155 144
-0.72220 0.54800 -0.70441 135 155 144
-0.71431 0.55541 -0.68606 135 155 144
-0.81864 0.45162 -0.74223 244 217 170
-0.90297 0.36651 -0.74584 244 217 170
-0.78624 0.50650 -0.68589 135 155 144
-0.77665 0.51485 -0.70500 135 155 144
-0.77104 0.52411 -0.71935 135 155 144
-0.76548 0.53083 -0.73139 135 155 144
-0.75587 0.53784 -0.73605 135 155 144
-0.75028 0.54589 -0.73241 135 155 144
-0.74415 0.55570 -0.71941 135 155 144
-0.73713 0.56221 -0.70513 135 155 144
-0.72923 0.57175 -0.68424 135 155 144
-0.82654 0.45811 -0.74204 244 217 170
-0.90562 0.37000 -0.74426 244 217 170
-0.79619 0.51515 -0.68409 135 155 144
-0.79111 0.52481 -0.70537 135 155 144
-0.78481 0.53372 -0.71914 135 155 144
-0.77838 0.54262 -0.73007 135 155 144
-0.76975 0.54952 -0.73646 135 155 144
-0.76405 0.55916 -0.73032 135 155 144
-0.75675 0.56603 -0.72136 135 155 144
-0.75175 0.57415 -0.70342 135 155 144
-0.74396 0.58462 -0.68519 135 155 144
-0.83538 0.46591 -0.74112 244 217 170
-0.90830 0.37177 -0.74590 244 217 170
-0.81033 0.52596 -0.68384 135 155 144
-0.80272 0.53456 -0.70321 135 155 144
-0.79848 0.54369 -0.71981 135 155 144
-0.79083 0.55096 -0.73152 135 155 144
-0.78459 0.56221 -0.73473 135 155 144
-0.78135 0.56906 -0.73141 135 155 144
-0.77489 0.57889 -0.71972 135 155 144
-0.76875 0.58755 -0.70437 135 155 144
-0.76365 0.59754 -0.68629 135 155 144
-0.84412 0.47142 -0.74119 244 217 170
-0.91089 0.37326 -0.74490 244 217 170
-0.82371 0.53335 -0.68519 135 155 144
-0.81719 0.54316 -0.70429 135 155 144
-0.81136 0.55322 -0.72109 135 155 144
-0.80652 0.56162 -0.73081 135 155 144
-0.80058 0.57178 -0.73414 135 155 144
-0.79495 0.57881 -0.73125 135 155 144
-0.79130 0.58740 -0.72104 135 155 144
-0.78642 0.59665 -0.70501 135 155 144
-0.77932 0.60700 -0.68599 135 155 144
-0.85497 0.47888 -0.74273 244 217 170
-0.91413 0.37450 -0.74554 244 217 170
-0.83474 0.54056 -0.68627 135 155 144
-0.83250 0.55085 -0.70494 135 155 144
-0.82693 0.56086 -0.71902 135 155 144
-0.82316 0.56885 -0.72997 135 155 144
-0.81825 0.57873 -0.73620 135 155 144
-0.81213 0.58789 -0.73121 135 155 144
-0.80905 0.59714 -0.72122 135 155 144
-0.80211 0.60793 -0.70290 135 155 144
-0.79815 0.61607 -0.68486 135 155 144
-0.86372 0.48368 -0.74184 244 217 170
-0.91674 0.37678 -0.74401 244 217 170
-0.85113 0.54769 -0.68559 135 155 144
-0.84546 0.55684 -0.70490 135 155 144
-0.84094 0.56799 -0.71955 135 155 144
-0.83874 0.57651 -0.72994 135 155 144
-0.83432 0.58656 -0.73479 135 155 144
-0.82851 0.59560 -0.73102 135 155 144
-0.82663 0.60517 -0.71933 135 155 144
-0.82052 0.61560 -0.70322 135 155 144
-0.81759 0.62688 -0.68390 135 155 144
-0.87434 0.48785 -0.74269 244 217 170
-0.92066 0.37712 -0.74547 244 217 170
-0.86445 0.55247 -0.68619 135 155 144
-0.86228 0.56245 -0.70380 135 155 144
-0.85626 0.57391 -0.72003 135 155 144
-0.85436 0.58193 -0.73074 135 155 144
-0.85099 0.59201 -0.73608 135 155 144
-0.84745 0.60134 -0.73161 135 155 144
-0.84446 0.61373 -0.71949 135 155 144
-0.84013 0.62345 -0.70388 135 155 144
-0.83841 0.63375 -0.68598 135 155 144
-0.88580 0.49119 -0.74296 244 217 170
-0.92426 0.37963 -0.74580 244 217 170
-0.87838 0.55644 -0.68440 135 155 144
-0.87774 0.56701 -0.70480 135 155 144
-0.87304 0.57710 -0.72083 135 155 144
-0.87208 0.58865 -0.73122 135 155 144
-0.86741 0.59677 -0.73614 135 155 144
-0.86506 0.60737 -0.73263 135 155 144
-0.86390 0.61978 -0.71951 135 155 144
-0.85863 0.62871 -0.70474 135 155 144
-0.85850 0.64052 -0.68596 135 155 144
-0.89617 0.49528 -0.74107 244 217 170
-0.92567 0.38122 -0.74480 244 217 170
-0.89411 0.55979 -0.68376 135 155 144
-0.89357 0.56963 -0.70422 135 155 144
-0.88886 0.58219 -0.71895 135 155 144
-0.88850 0.59254 -0.73166 135 155 144
-0.88557 0.60340 -0.73579 135 155 144
-0.88230 0.61363 -0.73206 135 155 144
-0.88052 0.62202 -0.72087 135 155 144
-0.87815 0.63399 -0.70386 135 155 144
-0.87655 0.64305 -0.68360 135 155 144
-0.90660 0.49706 -0.74121 244 217 170
-0.93069 0.38058 -0.74460 244 217 170
-0.90887 0.56324 -0.68639 135 155 144
-0.90837 0.57295 -0.70358 135 155 144
-0.90526 0.58516 -0.72097 135 155 144
-0.90543 0.59429 -0.73017 135 155 144
-0.90295 0.60421 -0.73387 135 155 144
-0.90213 0.61596 -0.73041 135 155 144
-0.90222 0.62703 -0.71964 135 155 144
-0.90004 0.63784 -0.70505 135 155 144
-0.89827 0.64666 -0.68495 135 155 144
-0.91776 0.49884 -0.74286 244 217 170
-0.93257 0.38146 -0.74453 244 217 170
-0.92475 0.56497 -0.68577 135 155 144
-0.92506 0.57487 -0.70392 135 155 144
-0.92211 0.58682 -0.72028 135 155 144
-0.92375 0.59589 -0.73007 135 155 144
-0.92272 0.60798 -0.73443 135 155 144
-0.92074 0.61629 -0.73209 135 155 144
-0.92045 0.62920 -0.72061 135 155 144
-0.92073 0.63928 -0.70539 135 155 144
-0.91979 0.64883 -0.68507 135 155 144
-0.92819 0.50091 -0.74148 244 217 170
-0.93583 0.38254 -0.74487 244 217 170
-0.94023 0.56553 -0.68608 135 155 144
-0.93871 0.57530 -0.70390 135 155 144
-0.94060 0.58652 -0.71971 135 155 144
-0.93894 0.59687 -0.73184 135 155 144
-0.94147 0.60760 -0.73478 135 155 144
-0.94138 0.61812 -0.73079 135 155 144
-0.94013 0.62911 -0.71901 135 155 144
-0.94066 0.63847 -0.70509 135 155 144
-0.94025 0.65125 -0.68414 135 155 144
-0.94092 0.50024 -0.74224 244 217 170
-0.93901 0.38108 -0.74539 244 217 170
-0.95657 0.56421 -0.68436 135 155 144
-0.95533 0.57653 -0.70391 135 155 144
-0.95684 0.58586 -0.71917 135 155 144
-0.95759 0.59745 -0.73118 135 155 144
-0.95761 0.60656 -0.73462 135 155 144
-0.95787 0.61881 -0.73001 135 155 144
-0.95884 0.62927 -0.71986 135 155 144
-0.96027 0.63874 -0.70469 135 155 144
-0.96098 0.65060 -0.68606 135 155 144
-0.95184 0.50015 -0.74100 244 217 170
-0.94414 0.38280 -0.74510 244 217 170
-0.96936 0.56399 -0.68624 135 155 144
-0.97339 0.57234 -0.70555 135 155 144
-0.97277 0.58373 -0.71937 135 155 144
-0.97542 0.59436 -0.72974 135 155 144
-0.97548 0.60380 -0.73476 135 155 144
-0.97812 0.61446 -0.73155 135 155 144
-0.97931 0.62479 -0.71956 135 155 144
-0.97918 0.63787 -0.70426 135 155 144
-0.98121 0.64874 -0.68624 135 155 144
-0.96290 0.49876 -0.74234 244 217 170
-0.94686 0.38252 -0.74467 244 217 170
-0.98555 0.55908 -0.68401 135 155 144
-0.98683 0.57223 -0.70294 135 155 144
-0.98998 0.58076 -0.72037 135 155 144
-0.99133 0.59194 -0.73202 135 155 144
-0.99433 0.60345 -0.73361 135 155 144
-0.99745 0.61153 -0.73251 135 155 144
-0.99928 0.62410 -0.72114 135 155 144
-1.00007 0.63371 -0.70372 135 155 144
-1.00261 0.64317 -0.68486 135 155 144
-0.97236 0.49829 -0.74209 244 217 170
-0.94949 0.38003 -0.74441 244 217 170
-1.00013 0.55825 -0.68471 135 155 144
-1.00330 0.56812 -0.70308 135 155 144
-1.00765 0.57769 -0.72132 135 155 144
-1.00860 0.58696 -0.73227 135 155 144
-1.01084 0.59809 -0.73479 135 155 144
-1.01586 0.60876 -0.73184 135 155 144
-1.01787 0.61944 -0.72109 135 155 144
-1.01998 0.62854 -0.70340 135 155 144
-1.02138 0.63805 -0.68524 135 155 144
-0.98355 0.49609 -0.74146 244 217 170
-0.95446 0.37952 -0.74471 244 217 170
-1.01548 0.55147 -0.68630 135 155 144
-1.01764 0.56291 -0.70470 135 155 144
-1.02210 0.57206 -0.71905 135 155 144
-1.02450 0.58388 -0.73099 135 155 144
-1.02865 0.59158 -0.73376 135 155 144
-1.03360 0.60276 -0.72979 135 155 144
-1.03513 0.61257 -0.72159 135 155 144
-1.03880 0.62349 -0.70518 135 155 144
-1.04387 0.63256 -0.68470 135 155 144
-0.99449 0.49192 -0.74263 244 217 170
-0.95693 0.37963 -0.74588 244 217 170
-1.02898 0.54852 -0.68539 135 155 144
-1.03361 0.55799 -0.70294 135 155 144
-1.03665 0.56669 -0.71973 135 155 144
-1.04214 0.57573 -0.73028 135 155 144
-1.04662 0.58772 -0.73557 135 155 144
-1.04881 0.59473 -0.73018 135 155 144
-1.05288 0.60684 -0.72065 135 155 144
-1.05810 0.61522 -0.70310 135 155 144
-1.06158 0.62425 -0.68422 135 155 144
-1.00558 0.48740 -0.74245 244 217 170
-0.95896 0.37764 -0.74455 244 217 170
-1.04250 0.54058 -0.68496 135 155 144
-1.04902 0.55171 -0.70538 135 155 144
-1.05238 0.55975 -0.72090 135 155 144
-1.05852 0.56834 -0.73111 135 155 144
-1.06273 0.57821 -0.73644 135 155 144
-1.06769 0.58816 -0.73140 135 155 144
-1.07270 0.59706 -0.72027 135 155 144
-1.07643 0.60836 -0.70514 135 155 144
-1.08103 0.61716 -0.68553 135 155 144
-1.01580 0.48271 -0.74252 244 217 170
-0.96325 0.37746 -0.74408 244 217 170
-1.05812 0.53415 -0.68379 135 155 144
-1.06429 0.54174 -0.70321 135 155 144
-1.06682 0.55319 -0.72163 135 155 144
-1.07472 0.55982 -0.72972 135 155 144
-1.07961 0.57110 -0.73449 135 155 144
-1.08317 0.57899 -0.73030 135 155 144
-1.08992 0.58892 -0.71957 135 155 144
-1.09419 0.59645 -0.70265 135 155 144
-1.10117 0.60861 -0.68624 135 155 144
-1.02639 0.47834 -0.74129 244 217 170
-0.96653 0.37418 -0.74432 244 217 170
-1.07041 0.52655 -0.68414 135 155 144
-1.07583 0.53299 -0.70317 135 155 144
-1.08124 0.54279 -0.71914 135 155 144
-1.08976 0.55327 -0.73175 135 155 144
-1.09428 0.56127 -0.73375 135 155 144
-1.09930 0.56893 -0.73186 135 155 144
-1.10727 0.57989 -0.72133 135 155 144
-1.11109 0.58650 -0.70337 135 155 144
-1.11914 0.59548 -0.68423 135 155 144
-1.03439 0.47313 -0.74187 244 217 170
-0.96967 0.37239 -0.74412 244 217 170
-1.08327 0.51528 -0.68451 135 155 144
-1.08890 0.52555 -0.70441 135 155 144
-1.09494 0.53407 -0.71950 135 155 144
-1.10277 0.54060 -0.73245 135 155 144
-1.10900 0.55139 -0.73594 135 155 144
-1.11459 0.55772 -0.73147 135 155 144
-1.12102 0.56586 -0.71988 135 155 144
-1.12731 0.57661 -0.70424 135 155 144
-1.13471 0.58526 -0.68614 135 155 144
-1.04315 0.46576 -0.74245 244 217 170
-0.97147 0.37155 -0.74514 244 217 170
-1.09423 0.50807 -0.68612 135 155 144
-1.10113 0.51542 -0.70488 135 155 144
-1.10967 0.52245 -0.71933 135 155 144
-1.11601 0.53171 -0.73236 135 155 144
-1.12151 0.53827 -0.73571 135 155 144
-1.13101 0.54745 -0.72976 135 155 144
-1.13580 0.55555 -0.72064 135 155 144
-1.14338 0.56252 -0.70560 135 155 144
-1.15073 0.56998 -0.68636 135 155 144
-1.05289 0.45938 -0.74245 244 217 170
-0.97359 0.36889 -0.74460 244 217 170
-1.10694 0.49590 -0.68467 135 155 144
-1.11375 0.50442 -0.70489 135 155 144
-1.11971 0.51077 -0.71901 135 155 144
-1.12845 0.51765 -0.73066 135 155 144
-1.13668 0.52532 -0.73433 135 155 144
-1.14323 0.53349 -0.73066 135 155 144
-1.15113 0.54020 -0.72120 135 155 144
-1.16006 0.54984 -0.70535 135 155 144
-1.16533 0.55492 -0.68358 135 155 144
-1.06052 0.45100 -0.74215 244 217 170
-0.97672 0.36623 -0.74480 244 217 170
-1.11781 0.48594 -0.68374 135 155 144
-1.12584 0.49176 -0.70382 135 155 144
-1.13302 0.49988 -0.71908 135 155 144
-1.14079 0.50464 -0.73236 135 155 144
-1.14979 0.51312 -0.73485 135 155 144
-1.15716 0.51928 -0.73099 135 155 144
-1.16338 0.52656 -0.71939 135 155 144
-1.17124 0.53497 -0.70326 135 155 144
-1.17929 0.54093 -0.68398 135 155 144
-1.06778 0.44298 -0.74106 244 217 170
-0.97965 0.36497 -0.74467 244 217 170
-1.12582 0.47219 -0.68498 135 155 144
-1.13555 0.48068 -0.70282 135 155 144
-1.14422 0.48747 -0.71955 135 155 144
-1.15109 0.49253 -0.73145 135 155 144
-1.16123 0.49946 -0.73615 135 155 144
-1.16931 0.50610 -0.72982 135 155 144
-1.17589 0.51097 -0.71930 135 155 144
-1.18622 0.51821 -0.70348 135 155 144
-1.19244 0.52443 -0.68380 135 155 144
-1.07596 0.43441 -0.74215 244 217 170
-0.98209 0.36216 -0.74525 244 217 170
-1.13552 0.46134 -0.68626 135 155 144
-1.14406 0.46670 -0.70462 135 155 144
-1.15279 0.47372 -0.72018 135 155 144
-1.16210 0.47929 -0.73139 135 155 144
-1.17085 0.48525 -0.73422 135 155 144
-1.18106 0.49066 -0.73216 135 155 144
-1.18950 0.49657 -0.72071 135 155 144
-1.19623 0.50301 -0.70545 135 155 144
-1.20544 0.50902 -0.68490 135 155 144
-1.08279 0.42564 -0.74135 244 217 170
-0.98402 0.35964 -0.74478 244 217 170
-1.14471 0.44776 -0.68500 135 155 144
-1.15324 0.45189 -0.70485 135 155 144
-1.16184 0.45927 -0.72170 135 155 144
-1.17023 0.46373 -0.73160 135 155 144
-1.18061 0.46929 -0.73404 135 155 144
-1.18906 0.47439 -0.73194 135 155 144
-1.19864 0.47886 -0.71887 135 155 144
-1.20912 0.48425 -0.70349 135 155 144
-1.21714 0.48871 -0.68397 135 155 144
-1.08880 0.41497 -0.74210 244 217 170
-0.98556 0.35578 -0.74501 244 217 170
-1.15118 0.43355 -0.68647 135 155 144
-1.15941 0.43911 -0.70450 135 155 144
-1.16963 0.44469 -0.72057 135 155 144
-1.17953 0.44920 -0.73050 135 155 144
-1.18907 0.45422 -0.73639 135 155 144
-1.19917 0.45799 -0.73046 135 155 144
-1.20791 0.46092 -0.72122 135 155 144
-1.21689 0.46719 -0.70510 135 155 144
-1.22809 0.47049 -0.68351 135 155 144
-1.09436 0.40593 -0.74169 244 217 170
-0.98719 0.35243 -0.74422 244 217 170
-1.15811 0.41936 -0.68393 135 155 144
-1.16555 0.42512 -0.70486 135 155 144
-1.17542 0.42890 -0.72075 135 155 144
-1.18581 0.43326 -0.73251 135 155 144
-1.19701 0.43498 -0.73375 135 155 144
-1.20731 0.44140 -0.72977 135 155 144
-1.21465 0.44300 -0.72129 135 155 144
-1.22623 0.44845 -0.70545 135 155 144
-1.23647 0.45283 -0.68489 135 155 144
-1.09707 0.39487 -0.74203 244 217 170
-0.98890 0.35059 -0.74553 244 217 170
-1.16295 0.40520 -0.68634 135 155 144
-1.17363 0.40941 -0.70534 135 155 144
-1.18261 0.41382 -0.72031 135 155 144
-1.19294 0.41433 -0.73096 135 155 144
-1.20396 0.41928 -0.73387 135 155 144
-1.21327 0.42192 -0.73050 135 155 144
-1.22260 0.42478 -0.72119 135 155 144
-1.23159 0.43005 -0.70373 135 155 144
-1.24319 0.43383 -0.68427 135 155 144
-1.10269 0.38522 -0.74276 244 217 170
-0.99014 0.34587 -0.74595 244 217 170
-1.16847 0.39104 -0.68374 135 155 144
-1.17758 0.39246 -0.70343 135 155 144
-1.18763 0.39567 -0.71993 135 155 144
-1.19824 0.39776 -0.73187 135 155 144
-1.20750 0.40238 -0.73626 135 155 144
-1.21936 0.40439 -0.73238 135 155 144
-1.22812 0.40597 -0.71937 135 155 144
-1.23875 0.41051 -0.70352 135 155 144
-1.25050 0.41401 -0.68576 135 155 144
-1.10531 0.37352 -0.74216 244 217 170
-0.99013 0.34341 -0.74575 244 217 170
-1.17072 0.37720 -0.68435 135 155 144
-1.18225 0.37894 -0.70346 135 155 144
-1.19252 0.37928 -0.72041 135 155 144
-1.20093 0.38302 -0.72979 135 155 144
-1.21307 0.38480 -0.73508 135 155 144
-1.22259 0.38607 -0.72982 135 155 144
-1.23411 0.38961 -0.72166 135 155 144
-1.24297 0.39077 -0.70516 135 155 144
-1.25468 0.39227 -0.68409 135 155 144
-1.10770 0.36255 -0.74134 244 217 170
-0.99029 0.34066 -0.74498 244 217 170
-1.17443 0.36188 -0.68472 135 155 144
-1.18436 0.36231 -0.70288 135 155 144
-1.19547 0.36251 -0.72105 135 155 144
-1.20447 0.36411 -0.73251 135 155 144
-1.21427 0.36685 -0.73574 135 155 144
-1.22483 0.36860 -0.72990 135 155 144
-1.23747 0.36887 -0.72135 135 155 144
-1.24732 0.37045 -0.70540 135 155 144
-1.25767 0.37182 -0.68489 135 155 144
-1.11034 0.35221 -0.74257 244 217 170
-0.99098 0.33723 -0.74473 244 217 170
-1.17516 0.34614 -0.68646 135 155 144
-1.18398 0.34750 -0.70293 135 155 144
-1.19671 0.34725 -0.72020 135 155 144
-1.20690 0.34660 -0.73121 135 155 144
-1.21795 0.34960 -0.73578 135 155 144
-1.22851 0.34829 -0.73024 135 155 144
-1.23930 0.34845 -0.72159 135 155 144
-1.24890 0.35034 -0.70504 135 155 144
-1.25787 0.35176 -0.68451 135 155 144
-1.11027 0.34071 -0.74295 244 217 170
-0.99096 0.33334 -0.74574 244 217 170
-1.17592 0.32878 -0.68363 135 155 144
-1.18614 0.32871 -0.70513 135 155 144
-1.19747 0.33024 -0.72154 135 155 144
-1.20618 0.33087 -0.73052 135 155 144
-1.21881 0.32899 -0.73580 135 155 144
-1.22744 0.32854 -0.73014 135 155 144
-1.23794 0.32882 -0.72069 135 155 144
-1.24879 0.32973 -0.70542 135 155 144
-1.26105 0.32991 -0.68487 135 155 144
-1.11114 0.33082 -0.74282 244 217 170
-0.99285 0.32981 -0.74574 244 217 170
-1.17562 0.31472 -0.68431 135 155 144
-1.18626 0.31353 -0.70396 135 155 144
-1.19572 0.31234 -0.72059 135 155 144
-1.20653 0.31391 -0.73252 135 155 144
-1.21768 0.31035 -0.73452 135 155 144
-1.22628 0.31129 -0.73112 135 155 144
-1.23912 0.31050 -0.72120 135 155 144
-1.24953 0.31094 -0.70518 135 155 144
-1.25924 0.30808 -0.68633 135 155 144
-1.11095 0.31848 -0.74101 244 217 170
-0.99174 0.32719 -0.74562 244 217 170
-1.17274 0.29886 -0.68401 135 155 144
-1.18412 0.29874 -0.70264 135 155 144
-1.19415 0.29666 -0.71920 135 155 144
-1.20377 0.29506 -0.73061 135 155 144
-1.21421 0.29322 -0.73540 135 155 144
-1.22508 0.29353 -0.72989 135 155 144
-1.23547 0.29208 -0.71943 135 155 144
-1.24814 0.29014 -0.70306 135 155 144
-1.25640 0.28705 -0.68449 135 155 144
-1.10890 0.30859 -0.74111 244 217 170
-0.99247 0.32395 -0.74447 244 217 170
-1.17051 0.28445 -0.68494 135 155 144
-1.18203 0.28160 -0.70455 135 155 144
-1.19174 0.28120 -0.71935 135 155 144
-1.20181 0.27807 -0.73233 135 155 144
-1.21331 0.27681 -0.73360 135 155 144
-1.22374 0.27387 -0.73223 135 155 144
-1.23325 0.27084 -0.72172 135 155 144
-1.24195 0.26922 -0.70296 135 155 144
-1.25245 0.26821 -0.68499 135 155 144
-1.10770 0.29602 -0.74189 244 217 170
-0.99066 0.31925 -0.74526 244 217 170
-1.16600 0.27058 -0.68539 135 155 144
-1.17653 0.26790 -0.70316 135 155 144
-1.18867 0.26387 -0.71918 135 155 144
-1.19671 0.26019 -0.73125 135 155 144
-1.20727 0.25788 -0.73642 135 155 144
-1.21769 0.25459 -0.73212 135 155 144
-1.22942 0.25370 -0.71999 135 155 144
-1.23857 0.24898 -0.70483 135 155 144
-1.25018 0.24833 -0.68426 135 155 144
-1.10443 0.28563 -0.74211 244 217 170
-0.98972 0.31555 -0.74403 244 217 170
-1.16271 0.25475 -0.68650 135 155 144
-1.17169 0.25001 -0.70447 135 155 144
-1.18263 0.24873 -0.71944 135 155 144
-1.19302 0.24332 -0.72988 135 155 144
-1.20316 0.24044 -0.73565 135 155 144
-1.21217 0.23710 -0.73084 135 155 144
-1.22144 0.23422 -0.72037 135 155 144
-1.23343 0.23111 -0.70430 135 155 144
-1.24310 0.22625 -0.68394 135 155 144
-1.10186 0.27551 -0.74279 244 217 170
-0.98844 0.31309 -0.74563 244 217 170
-1.15859 0.23952 -0.68644 135 155 144
-1.16546 0.23485 -0.70519 135 155 144
-1.17576 0.23103 -0.71892 135 155 144
-1.18648 0.22841 -0.73203 135 155 144
-1.19646 0.22424 -0.73456 135 155 144
-1.20560 0.21880 -0.73050 135 155 144
-1.21667 0.21537 -0.71993 135 155 144
-1.22556 0.21093 -0.70350 135 155 144
-1.23484 0.20764 -0.68363 135 155 144
-1.09786 0.26399 -0.74200 244 217 170
-0.98789 0.31042 -0.74425 244 217 170
-1.15131 0.22614 -0.68535 135 155 144
-1.15889 0.22089 -0.70336 135 155 144
-1.16914 0.21666 -0.71972 135 155 144
-1.18031 0.21266 -0.73194 135 155 144
-1.18777 0.20671 -0.73569 135 155 144
-1.19965 0.20318 -0.73014 135 155 144
-1.20702 0.19841 -0.71935 135 155 144
-1.21633 0.19198 -0.70304 135 155 144
-1.22848 0.18746 -0.68587 135 155 144
-1.09275 0.25503 -0.74265 244 217 170
-0.98666 0.30724 -0.74563 244 217 170
-1.14454 0.21351 -0.68533 135 155 144
-1.15390 0.20697 -0.70515 135 155 144
-1.16342 0.20151 -0.72109 135 155 144
-1.17122 0.19622 -0.73143 135 155 144
-1.18064 0.19266 -0.73522 135 155 144
-1.18952 0.18603 -0.73174 135 155 144
-1.20000 0.18192 -0.71896 135 155 144
-1.20747 0.17453 -0.70324 135 155 144
-1.21611 0.17005 -0.68598 135 155 144
-1.08885 0.24404 -0.74289 244 217 170
-0.98580 0.30494 -0.74478 244 217 170
-1.13466 0.20020 -0.68569 135 155 144
-1.14438 0.19499 -0.70439 135 155 144
-1.15331 0.18668 -0.71986 135 155 144
-1.16075 0.18159 -0.73179 135 155 144
-1.17203 0.17715 -0.73534 135 155 144
-1.17958 0.16985 -0.73027 135 155 144
-1.18791 0.16540 -0.71909 135 155 144
-1.19709 0.15949 -0.70360 135 155 144
-1.20531 0.15209 -0.68640 135 155 144
-1.08119 0.23471 -0.74201 244 217 170
-0.98324 0.30201 -0.74507 244 217 170
-1.12697 0.18650 -0.68379 135 155 144
-1.13572 0.18167 -0.70286 135 155 144
-1.14186 0.17396 -0.72177 135 155 144
-1.15069 0.16821 -0.72977 135 155 144
-1.15912 0.15980 -0.73352 135 155 144
-1.16724 0.15340 -0.72977 135 155 144
-1.17693 0.14957 -0.72010 135 155 144
-1.18671 0.14214 -0.70515 135 155 144
-1.19418 0.13650 -0.68510 135 155 144
-1.07540 0.22603 -0.74212 244 217 170
-0.98092 0.29852 -0.74493 244 217 170
-1.11649 0.17546 -0.68472 135 155 144
-1.12334 0.16803 -0.70479 135 155 144
-1.13249 0.16224 -0.71919 135 155 144
-1.14205 0.15432 -0.73187 135 155 144
-1.14869 0.14788 -0.73554 135 155 144
-1.15526 0.13862 -0.73237 135 155 144
-1.16507 0.13257 -0.71892 135 155 144
-1.17293 0.12538 -0.70436 135 155 144
-1.17922 0.11830 -0.68565 135 155 144
-1.06939 0.21628 -0.74119 244 217 170
-0.98005 0.29547 -0.74591 244 217 170
-1.10489 0.16234 -0.68564 135 155 144
-1.11366 0.15529 -0.70383 135 155 144
-1.12080 0.14790 -0.71944 135 155 144
-1.12921 0.14074 -0.73113 135 155 144
-1.13657 0.13444 -0.73454 135 155 144
-1.14278 0.12589 -0.73090 135 155 144
-1.15037 0.11797 -0.72092 135 155 144
-1.15892 0.10992 -0.70525 135 155 144
-1.16481 0.10292 -0.68380 135 155 144
-1.06027 0.20940 -0.74162 244 217 170
-0.97619 0.29403 -0.74435 244 217 170
-1.09367 0.15439 -0.68370 135 155 144
-1.10284 0.14639 -0.70434 135 155 144
-1.11027 0.13771 -0.72162 135 155 144
-1.11521 0.13021 -0.73133 135 155 144
-1.12440 0.12027 -0.73600 135 155 144
-1.13059 0.11407 -0.73152 135 155 144
-1.13720 0.10655 -0.72118 135 155 144
-1.14416 0.09797 -0.70513 135 155 144
-1.15165 0.08911 -0.68383 135 155 144
-1.05238 0.20178 -0.74159 244 217 170
-0.97501 0.29037 -0.74562 244 217 170
-1.08219 0.14342 -0.68580 135 155 144
-1.08963 0.13417 -0.70422 135 155 144
-1.09700 0.12692 -0.72046 135 155 144
-1.10371 0.11934 -0.73049 135 155 144
-1.10979 0.10958 -0.73350 135 155 144
-1.11453 0.10013 -0.73019 135 155 144
-1.12076 0.09260 -0.72016 135 155 144
-1.12841 0.08509 -0.70483 135 155 144
-1.13389 0.07587 -0.68366 135 155 144
-1.04418 0.19495 -0.74183 244 217 170
-0.97246 0.28897 -0.74458 244 217 170
-1.06977 0.13517 -0.68473 135 155 144
-1.07718 0.12539 -0.70535 135 155 144
-1.08226 0.11667 -0.71919 135 155 144
-1.08696 0.10817 -0.73062 135 155 144
-1.09288 0.09894 -0.73516 135 155 144
-1.09949 0.09016 -0.73058 135 155 144
-1.10720 0.08128 -0.72124 135 155 144
-1.11128 0.07335 -0.70560 135 155 144
-1.11911 0.06330 -0.68373 135 155 144
-1.03558 0.18790 -0.74245 244 217 170
-0.96845 0.28584 -0.74438 244 217 170
-1.05851 0.12586 -0.68412 135 155 144
-1.06368 0.11710 -0.70383 135 155 144
-1.06871 0.10937 -0.71918 135 155 144
-1.07405 0.09956 -0.73229 135 155 144
-1.07834 0.09071 -0.73646 135 155 144
-1.08363 0.07913 -0.73094 135 155 144
-1.09057 0.07194 -0.71933 135 155 144
-1.09586 0.06160 -0.70286 135 155 144
-1.09900 0.05318 -0.68635 135 155 144
-1.02586 0.18130 -0.74244 244 217 170
-0.96628 0.28477 -0.74483 244 217 170
-1.04462 0.11991 -0.68589 135 155 144
-1.04847 0.10953 -0.70402 135 155 144
-1.05269 0.10024 -0.72168 135 155 144
-1.05856 0.09144 -0.73266 135 155 144
-1.06286 0.08018 -0.73632 135 155 144
-1.06834 0.07110 -0.73107 135 155 144
-1.07067 0.06074 -0.71990 135 155 144
-1.07716 0.05219 -0.70562 135 155 144
-1.08019 0.04182 -0.68582 135 155 144
-1.01655 0.17646 -0.74294 244 217 170
-0.96319 0.28257 -0.74515 244 217 170
-1.02976 0.11357 -0.68543 135 155 144
-1.03259 0.10329 -0.70415 135 155 144
-1.03837 0.09331 -0.71979 135 155 144
-1.04327 0.08229 -0.73140 135 155 144
-1.04559 0.07435 -0.73367 135 155 144
-1.05058 0.06257 -0.72993 135 155 144
-1.05424 0.05374 -0.71886 135 155 144
-1.05917 0.04490 -0.70480 135 155 144
-1.06189 0.03310 -0.68574 135 155 144
-1.00503 0.17171 -0.74125 244 217 170
-0.96009 0.28195 -0.74463 244 217 170
-1.01636 0.10849 -0.68404 135 155 144
-1.01964 0.09844 -0.70501 135 155 144
-1.02302 0.08603 -0.71929 135 155 144
-1.02649 0.07593 -0.73137 135 155 144
-1.02897 0.06756 -0.73451 135 155 144
-1.03174 0.05835 -0.73179 135 155 144
-1.03742 0.04822 -0.72135 135 155 144
-1.03802 0.03595 -0.70277 135 155 144
-1.04178 0.02780 -0.68513 135 155 144
-0.99452 0.16857 -0.74290 244 217 170
-0.95710 0.28034 -0.74524 244 217 170
-1.00162 0.10449 -0.68562 135 155 144
-1.00499 0.09363 -0.70553 135 155 144
-1.00778 0.08102 -0.71956 135 155 144
-1.01029 0.07290 -0.73088 135 155 144
-1.01165 0.06049 -0.73482 135 155 144
-1.01591 0.05083 -0.73168 135 155 144
-1.01811 0.04110 -0.72000 135 155 144
-1.01970 0.03143 -0.70389 135 155 144
-1.02404 0.02018 -0.68389 135 155 144
-0.98346 0.16579 -0.74266 244 217 170
-0.95335 0.27927 -0.74594 244 217 170
-0.98680 0.09921 -0.68471 135 155 144
-0.98866 0.08936 -0.70366 135 155 144
-0.98920 0.07992 -0.71958 135 155 144
-0.99206 0.06904 -0.73157 135 155 144
-0.99473 0.05640 -0.73592 135 155 144
-0.99734 0.04685 -0.73184 135 155 144
-0.99782 0.03596 -0.72150 135 155 144
-1.00011 0.02682 -0.70561 135 155 144
-1.00323 0.01747 -0.68442 135 155 144
-0.97288 0.16211 -0.74112 244 217 170
-0.95055 0.27951 -0.74549 244 217 170
-0.97021 0.09586 -0.68482 135 155 144
-0.97132 0.08672 -0.70397 135 155 144
-0.97452 0.07539 -0.71915 135 155 144
-0.97539 0.06472 -0.73226 135 155 144
-0.97720 0.05437 -0.73469 135 155 144
-0.97840 0.04495 -0.73117 135 155 144
-0.97980 0.03315 -0.72168 135 155 144
-0.97960 0.02310 -0.70398 135 155 144
-0.98267 0.01165 -0.68471 135 155 144
-0.96304 0.16121 -0.74192 244 217 170
-0.94685 0.27800 -0.74445 244 217 170
-0.95410 0.09685 -0.68455 135 155 144
-0.95680 0.08443 -0.70521 135 155 144
-0.95623 0.07575 -0.71988 135 155 144
-0.95782 0.06360 -0.73249 135 155 144
-0.95819 0.05216 -0.73510 135 155 144
-0.95744 0.04141 -0.73101 135 155 144
-0.95840 0.03285 -0.72037 135 155 144
-0.95920 0.02056 -0.70540 135 155 144
-0.95953 0.00967 -0.68614 135 155 144
-0.95109 0.15875 -0.74141 244 217 170
-0.94245 0.27857 -0.74459 244 217 170
-0.94076 0.09613 -0.68390 135 155 144
-0.94005 0.08406 -0.70297 135 155 144
-0.94136 0.07299 -0.72008 135 155 144
-0.94144 0.06260 -0.73215 135 155 144
-0.94036 0.05266 -0.73489 135 155 144
-0.93902 0.04316 -0.73249 135 155 144
-0.94006 0.03081 -0.72175 135 155 144
-0.93873 0.01984 -0.70536 135 155 144
-0.94084 0.00921 -0.68461 135 155 144
-0.93928 0.15872 -0.74164 244 217 170
-0.93958 0.27818 -0.74530 244 217 170
-0.92401 0.09693 -0.68438 135 155 144
-0.92401 0.08605 -0.70298 135 155 144
-0.92413 0.07576 -0.71899 135 155 144
-0.92357 0.06340 -0.73250 135 155 144
-0.92297 0.05403 -0.73628 135 155 144
-0.91977 0.04190 -0.73194 135 155 144
-0.92116 0.03324 -0.71992 135 155 144
-0.92019 0.02122 -0.70430 135 155 144
-0.91876 0.01139 -0.68511 135 155 144
-0.92825 0.15952 -0.74244 244 217 170
-0.93647 0.27811 -0.74571 244 217 170
-0.91000 0.09608 -0.68573 135 155 144
-0.90813 0.08642 -0.70364 135 155 144
-0.90703 0.07453 -0.71954 135 155 144
-0.90562 0.06475 -0.73137 135 155 144
-0.90386 0.05518 -0.73391 135 155 144
-0.90282 0.04469 -0.73249 135 155 144
-0.90212 0.03460 -0.71956 135 155 144
-0.89940 0.02392 -0.70313 135 155 144
-0.89953 0.01137 -0.68473 135 155 144
-0.91791 0.16080 -0.74185 244 217 170
-0.93348 0.27897 -0.74434 244 217 170
-0.89519 0.09928 -0.68491 135 155 144
-0.89200 0.08827 -0.70433 135 155 144
-0.89150 0.07828 -0.72095 135 155 144
-0.88810 0.06841 -0.73066 135 155 144
-0.88575 0.05842 -0.73354 135 155 144
-0.88457 0.04875 -0.73244 135 155 144
-0.88133 0.03816 -0.72146 135 155 144
-0.88071 0.02635 -0.70537 135 155 144
-0.87728 0.01489 -0.68615 135 155 144
-0.90575 0.16198 -0.74252 244 217 170
-0.93001 0.27838 -0.74592 244 217 170
-0.87850 0.10220 -0.68615 135 155 144
-0.87543 0.09414 -0.70481 135 155 144
-0.87244 0.08315 -0.72112 135 155 144
-0.87128 0.07198 -0.73196 135 155 144
-0.86732 0.06259 -0.73448 135 155 144
-0.86428 0.05102 -0.73246 135 155 144
-0.86412 0.04266 -0.72168 135 155 144
-0.85910 0.03079 -0.70505 135 155 144
-0.85583 0.02073 -0.68544 135 155 144
-0.89604 0.16425 -0.74296 244 217 170
-0.92644 0.27924 -0.74501 244 217 170
-0.86338 0.10601 -0.68554 135 155 144
-0.86144 0.09672 -0.70377 135 155 144
-0.85629 0.08598 -0.71914 135 155 144
-0.85308 0.07876 -0.73026 135 155 144
-0.84948 0.06585 -0.73454 135 155 144
-0.84881 0.05681 -0.73182 135 155 144
-0.84266 0.04855 -0.72150 135 155 144
-0.83933 0.03720 -0.70382 135 155 144
-0.83650 0.02717 -0.68588 135 155 144
-0.88431 0.16884 -0.74238 244 217 170
-0.92249 0.27998 -0.74470 244 217 170
-0.85041 0.11429 -0.68350 135 155 144
-0.84467 0.10394 -0.70499 135 155 144
-0.84128 0.09469 -0.71921 135 155 144
-0.83692 0.08302 -0.72971 135 155 144
-0.83242 0.07264 -0.73602 135 155 144
-0.82987 0.06472 -0.73228 135 155 144
-0.82696 0.05451 -0.71921 135 155 144
-0.82176 0.04444 -0.70312 135 155 144
-0.81870 0.03505 -0.68612 135 155 144
-0.87474 0.17183 -0.74195 244 217 170
-0.91989 0.28112 -0.74483 244 217 170
-0.83743 0.11972 -0.68490 135 155 144
-0.83031 0.10871 -0.70277 135 155 144
-0.82540 0.10167 -0.71988 135 155 144
-0.82175 0.08995 -0.73055 135 155 144
-0.81771 0.08160 -0.73520 135 155 144
-0.81331 0.07263 -0.73223 135 155 144
-0.80642 0.06219 -0.72180 135 155 144
-0.80169 0.05300 -0.70326 135 155 144
-0.79714 0.04183 -0.68649 135 155 144
-0.86375 0.17644 -0.74206 244 217 170
-0.91663 0.28358 -0.74486 244 217 170
-0.82207 0.12501 -0.68403 135 155 144
-0.81614 0.11661 -0.70335 135 155 144
-0.81168 0.10888 -0.71906 135 155 144
-0.80574 0.09862 -0.73015 135 155 144
-0.80013 0.09107 -0.73572 135 155 144
-0.79587 0.08059 -0.73264 135 155 144
-0.79180 0.07192 -0.72103 135 155 144
-0.78530 0.06059 -0.70303 135 155 144
-0.78085 0.05175 -0.68554 135 155 144
-0.85531 0.18254 -0.74210 244 217 170
-0.91436 0.28398 -0.74475 244 217 170
-0.80852 0.13449 -0.68400 135 155 144
-0.80250 0.12650 -0.70394 135 155 144
-0.79630 0.11562 -0.72049 135 155 144
-0.79024 0.10686 -0.73118 135 155 144
-0.78503 0.09821 -0.73446 135 155 144
-0.77902 0.09171 -0.73015 135 155 144
-0.77372 0.08252 -0.72077 135 155 144
-0.76894 0.07225 -0.70512 135 155 144
-0.76241 0.06265 -0.68532 135 155 144
-0.84586 0.18766 -0.74195 244 217 170
-0.91024 0.28733 -0.74519 244 217 170
-0.79655 0.14463 -0.68573 135 155 144
-0.78923 0.13443 -0.70506 135 155 144
-0.78421 0.12815 -0.72182 135 155 144
-0.77701 0.11855 -0.73106 135 155 144
-0.77144 0.11114 -0.73438 135 155 144
-0.76371 0.10066 -0.73127 135 155 144
-0.75909 0.09229 -0.71994 135 155 144
-0.75245 0.08444 -0.70535 135 155 144
-0.74664 0.07730 -0.68633 135 155 144
-0.83513 0.19444 -0.74179 244 217 170
-0.90816 0.28839 -0.74436 244 217 170
-0.78397 0.15189 -0.68605 135 155 144
-0.77904 0.14577 -0.70562 135 155 144
-0.77181 0.13673 -0.72034 135 155 144
-0.76477 0.12970 -0.73108 135 155 144
-0.75838 0.12050 -0.73397 135 155 144
-0.74868 0.11420 -0.73183 135 155 144
-0.74285 0.10642 -0.72168 135 155 144
-0.73699 0.09777 -0.70525 135 155 144
-0.72943 0.08838 -0.68532 135 155 144
-0.82770 0.20067 -0.74119 244 217 170
-0.90514 0.29093 -0.74535 244 217 170
-0.77315 0.16239 -0.68529 135 155 144
-0.76646 0.15539 -0.70267 135 155 144
-0.75748 0.14730 -0.71999 135 155 144
-0.75228 0.14077 -0.73098 135 155 144
-0.74410 0.13342 -0.73633 135 155 144
-0.73630 0.12751 -0.73129 135 155 144
-0.72863 0.12019 -0.71952 135 155 144
-0.72120 0.11237 -0.70528 135 155 144
-0.71424 0.10365 -0.68525 135 155 144
-0.81840 0.20865 -0.74136 244 217 170
-0.90389 0.29255 -0.74508 244 217 170
-0.76247 0.17415 -0.68356 135 155 144
-0.75463 0.16688 -0.70426 135 155 144
-0.74853 0.16196 -0.72036 135 155 144
-0.73798 0.15275 -0.72990 135 155 144
-0.73271 0.14775 -0.73544 135 155 144
-0.72476 0.14022 -0.73211 135 155 144
-0.71568 0.13387 -0.72026 135 155 144
-0.70767 0.12488 -0.70447 135 155 144
-0.69881 0.11864 -0.68388 135 155 144
-0.81064 0.21732 -0.74235 244 217 170
-0.90181 0.29591 -0.74505 244 217 170
-0.75335 0.18722 -0.68633 135 155 144
-0.74365 0.18049 -0.70345 135 155 144
-0.73818 0.17458 -0.72118 135 155 144
-0.72830 0.16631 -0.73225 135 155 144
-0.71842 0.16024 -0.73477 135 155 144
-0.71018 0.15363 -0.73108 135 155 144
-0.70231 0.14893 -0.72111 135 155 144
-0.69433 0.14314 -0.70506 135 155 144
-0.68631 0.13466 -0.68444 135 155 144
-0.80467 0.22554 -0.74280 244 217 170
-0.89873 0.29780 -0.74538 244 217 170
-0.74575 0.19913 -0.68513 135 155 144
-0.73532 0.19344 -0.70487 135 155 144
-0.72687 0.18913 -0.71919 135 155 144
-0.71917 0.18171 -0.73017 135 155 144
-0.70836 0.17533 -0.73598 135 155 144
-0.70024 0.17075 -0.73089 135 155 144
-0.69038 0.16480 -0.72059 135 155 144
-0.68172 0.15879 -0.70266 135 155 144
-0.67433 0.15183 -0.68362 135 155 144
-0.79756 0.23539 -0.74274 244 217 170
-0.89736 0.30014 -0.74520 244 217 170
-0.73770 0.21152 -0.68593 135 155 144
-0.72838 0.20656 -0.70374 135 155 144
-0.71713 0.20161 -0.72098 135 155 144
-0.70792 0.19662 -0.73063 135 155 144
-0.70016 0.19003 -0.73650 135 155 144
-0.68948 0.18697 -0.73027 135 155 144
-0.68139 0.18146 -0.71937 135 155 144
-0.67173 0.17642 -0.70543 135 155 144
-0.66291 0.16916 -0.68565 135 155 144
-0.79147 0.24457 -0.74224 244 217 170
-0.89416 0.30464 -0.74525 244 217 170
-0.72801 0.22488 -0.68392 135 155 144
-0.72055 0.22225 -0.70357 135 155 144
-0.71151 0.21667 -0.71966 135 155 144
-0.69923 0.21290 -0.73170 135 155 144
-0.69002 0.20681 -0.73556 135 155 144
-0.68275 0.20162 -0.73137 135 155 144
-0.67098 0.19767 -0.71945 135 155 144
-0.66324 0.19437 -0.70546 135 155 144
-0.65404 0.18850 -0.68405 135 155 144
-0.78647 0.25342 -0.74207 244 217 170
-0.89241 0.30714 -0.74405 244 217 170
-0.72372 0.23947 -0.68527 135 155 144
-0.71178 0.23471 -0.70280 135 155 144
-0.70292 0.23330 -0.71953 135 155 144
-0.69352 0.22860 -0.73044 135 155 144
-0.68498 0.22246 -0.73486 135 155 144
-0.67492 0.22096 -0.73184 135 155 144
-0.66450 0.21687 -0.72114 135 155 144
-0.65464 0.21161 -0.70488 135 155 144
-0.64459 0.20705 -0.68627 135 155 144
-0.78285 0.26394 -0.74282 244 217 170
-0.89219 0.31095 -0.74480 244 217 170
-0.71742 0.25381 -0.68493 135 155 144
-0.70883 0.25062 -0.70411 135 155 144
-0.69755 0.24716 -0.71955 135 155 144
-0.68848 0.24464 -0.73013 135 155 144
-0.67817 0.24129 -0.73450 135 155 144
-0.66599 0.23828 -0.73267 135 155 144
-0.65753 0.23266 -0.72146 135 155 144
-0.64694 0.22964 -0.70294 135 155 144
-0.63717 0.22757 -0.68420 135 155 144
-0.77799 0.27562 -0.74202 244 217 170
-0.89149 0.31311 -0.74498 244 217 170
-0.71385 0.27003 -0.68492 135 155 144
-0.70359 0.26501 -0.70368 135 155 144
-0.69105 0.26378 -0.71890 135 155 144
-0.68081 0.26229 -0.73078 135 155 144
-0.67097 0.25898 -0.73432 135 155 144
-0.66143 0.25647 -0.73138 135 155 144
-0.65161 0.25231 -0.72077 135 155 144
-0.64206 0.25132 -0.70444 135 155 144
-0.63059 0.24668 -0.68566 135 155 144
-0.77522 0.28645 -0.74117 244 217 170
-0.89076 0.31664 -0.74534 244 217 170
-0.70875 0.28477 -0.68555 135 155 144
-0.69880 0.28272 -0.70358 135 155 144
-0.68810 0.27869 -0.71967 135 155 144
-0.67974 0.27762 -0.73038 135 155 144
-0.66649 0.27666 -0.73371 135 155 144
-0.65669 0.27522 -0.73153 135 155 144
-0.64588 0.27135 -0.72073 135 155 144
-0.63743 0.26874 -0.70455 135 155 144
-0.62583 0.26740 -0.68371 135 155 144
-0.77187 0.29639 -0.74234 244 217 170
-0.88950 0.31940 -0.74597 244 217 170
-0.70579 0.29951 -0.68485 135 155 144
-0.69659 0.29707 -0.70523 135 155 144
-0.68562 0.29582 -0.71945 135 155 144
-0.67580 0.29519 -0.73242 135 155 144
-0.66433 0.29335 -0.73411 135 155 144
-0.65309 0.29162 -0.73191 135 155 144
-0.64388 0.29113 -0.71999 135 155 144
-0.63473 0.29102 -0.70330 135 155 144
-0.62385 0.28740 -0.68598 135 155 144
-0.77136 0.30867 -0.74196 244 217 170
-0.88826 0.32373 -0.74479 244 217 170
-0.70492 0.31462 -0.68588 135 155 144
-0.69556 0.31433 -0.70496 135 155 144
-0.68575 0.31427 -0.72178 135 155 144
-0.67337 0.31300 -0.73159 135 155 144
-0.66343 0.31288 -0.73484 135 155 144
-0.65126 0.31125 -0.73211 135 155 144
-0.64137 0.31139 -0.71886 135 155 144
-0.63139 0.30923 -0.70433 135 155 144
-0.62030 0.30949 -0.68383 135 155 144
-0.76915 0.31888 -0.74196 244 217 170
-0.88791 0.32622 -0.74437 244 217 170
-0.89068 0.33095 -0.74470 244 217 170
-0.88255 0.32994 -0.74425 244 217 170
-0.87629 0.33030 -0.74465 244 217 170
-0.87024 0.32905 -0.74433 244 217 170
-0.86375 0.32938 -0.74415 244 217 170
-0.85709 0.33092 -0.74549 244 217 170
-0.84917 0.33031 -0.74541 244 217 170
-0.84396 0.33049 -0.74590 244 217 170
-0.83678 0.33057 -0.74547 244 217 170
-0.82983 0.33098 -0.74563 244 217 170
-0.82429 0.33085 -0.74474 244 217 170
-0.81618 0.32975 -0.74485 244 217 170
-0.81027 0.32944 -0.74572 244 217 170
-0.80326 0.33080 -0.74534 244 217 170
-0.79756 0.33079 -0.74535 244 217 170
-0.78996 0.33088 -0.74420 244 217 170
-0.78237 0.33015 -0.74568 244 217 170
-0.77665 0.33062 -0.74438 244 217 170
-0.76993 0.32915 -0.74508 244 217 170
-0.91538 0.37363 -0.74401 244 217 170
-0.91231 0.37823 -0.74594 244 217 170
-0.90843 0.38584 -0.74408 244 217 170
-0.90516 0.39083 -0.74402 244 217 170
-0.90257 0.39562 -0.74555 244 217 170
-0.89844 0.40161 -0.74424 244 217 170
-0.89574 0.40751 -0.74427 244 217 170
-0.89092 0.41349 -0.74521 244 217 170
-0.88928 0.41933 -0.74593 244 217 170
-0.88536 0.42507 -0.74431 244 217 170
-0.88119 0.43119 -0.74447 244 217 170
-0.87759 0.43740 -0.74455 244 217 170
-0.87533 0.44268 -0.74497 244 217 170
-0.87147 0.44771 -0.74401 244 217 170
-0.86781 0.45390 -0.74558 244 217 170
-0.86479 0.46071 -0.74416 244 217 170
-0.86130 0.46592 -0.74456 244 217 170
-0.85846 0.47048 -0.74484 244 217 170
-0.85563 0.47714 -0.74585 244 217 170
-0.96463 0.37296 -0.74512 244 217 170
-0.96834 0.37871 -0.74433 244 217 170
-0.97227 0.38519 -0.74491 244 217 170
-0.97597 0.39048 -0.74525 244 217 170
-0.97895 0.39658 -0.74555 244 217 170
-0.98198 0.40186 -0.74575 244 217 170
-0.98568 0.40712 -0.74517 244 217 170
-0.98915 0.41392 -0.74426 244 217 170
-0.99169 0.41867 -0.74409 244 217 170
-0.99469 0.42615 -0.74452 244 217 170
-0.99736 0.43179 -0.74508 244 217 170
-1.00219 0.43726 -0.74497 244 217 170
-1.00419 0.44271 -0.74473 244 217 170
-1.00775 0.44833 -0.74542 244 217 170
-1.01255 0.45382 -0.74568 244 217 170
-1.01459 0.46060 -0.74459 244 217 170
-1.01897 0.46506 -0.74507 244 217 170
-1.02193 0.47067 -0.74551 244 217 170
-1.02482 0.47645 -0.74595 244 217 170
-0.98912 0.32956 -0.74534 244 217 170
-0.99613 0.32945 -0.74588 244 217 170
-1.00242 0.32986 -0.74566 244 217 170
-1.00988 0.32950 -0.74464 244 217 170
-1.01635 0.33011 -0.74469 244 217 170
-1.02253 0.32931 -0.74411 244 217 170
-1.03089 0.32965 -0.74453 244 217 170
-1.03674 0.32905 -0.74540 244 217 170
-1.04386 0.32998 -0.74598 244 217 170
-1.04997 0.32999 -0.74519 244 217 170
-1.05691 0.33050 -0.74486 244 217 170
-1.06256 0.32937 -0.74533 244 217 170
-1.07017 0.32963 -0.74547 244 217 170
-1.07577 0.32917 -0.74479 244 217 170
-1.08342 0.33027 -0.74418 244 217 170
-1.08931 0.33057 -0.74488 244 217 170
-1.09707 0.33065 -0.74566 244 217 170
-1.10336 0.33095 -0.74591 244 217 170
-1.10981 0.33073 -0.74585 244 217 170
-0.96598 0.28698 -0.74516 244 217 170
-0.96794 0.28121 -0.74509 244 217 170
-0.97126 0.27590 -0.74535 244 217 170
-0.97589 0.26895 -0.74454 244 217 170
-0.97799 0.26313 -0.74455 244 217 170
-0.98115 0.25784 -0.74442 244 217 170
-0.98479 0.25136 -0.74555 244 217 170
-0.98806 0.24684 -0.74400 244 217 170
-0.99153 0.24033 -0.74479 244 217 170
-0.99415 0.23502 -0.74500 244 217 170
-0.99812 0.22875 -0.74582 244 217 170
-1.00163 0.22305 -0.74531 244 217 170
-1.00496 0.21683 -0.74436 244 217 170
-1.00896 0.21104 -0.74568 244 217 170
-1.01207 0.20600 -0.74495 244 217 170
-1.01515 0.20053 -0.74537 244 217 170
-1.01767 0.19487 -0.74527 244 217 170
-1.02133 0.18898 -0.74413 244 217 170
-1.02590 0.18310 -0.74514 244 217 170
-0.91574 0.28730 -0.74592 244 217 170
-0.91153 0.28086 -0.74522 244 217 170
-0.90832 0.27557 -0.74441 244 217 170
-0.90516 0.26839 -0.74542 244 217 170
-0.90222 0.26430 -0.74480 244 217 170
-0.89813 0.25818 -0.74514 244 217 170
-0.89588 0.25156 -0.74501 244 217 170
-0.89195 0.24537 -0.74429 244 217 170
-0.88885 0.24034 -0.74568 244 217 170
-0.88500 0.23403 -0.74410 244 217 170
-0.88182 0.22930 -0.74521 244 217 170
-0.87888 0.22363 -0.74588 244 217 170
-0.87585 0.21831 -0.74408 244 217 170
-0.87230 0.21250 -0.74559 244 217 170
-0.86884 0.20543 -0.74585 244 217 170
-0.86464 0.19997 -0.74540 244 217 170
-0.86126 0.19382 -0.74588 244 217 170
-0.85842 0.18916 -0.74518 244 217 170
-0.85423 0.18218 -0.74444 244 217 170
-0.70566 0.33016 0.68352 135 155 144
-0.69516 0.32882 0.70555 135 155 144
-0.68436 0.32965 0.71952 135 155 144
-0.67213 0.32911 0.73165 135 155 144
-0.66107 0.32987 0.73513 135 155 144
-0.65250 0.33125 0.72980 135 155 144
-0.63979 0.33044 0.72045 135 155 144
-0.63061 0.33044 0.70506 135 155 144
-0.62031 0.32905 0.68468 135 155 144
-0.76875 0.32981 0.74228 244 217 170
-0.88892 0.32929 0.74514 244 217 170
-0.70610 0.34525 0.68413 135 155 144
-0.69365 0.34646 0.70466 135 155 144
-0.68532 0.34641 0.71963 135 155 144
-0.67232 0.34806 0.73073 135 155 144
-0.66459 0.34729 0.73451 135 155 144
-0.65224 0.34821 0.73263 135 155 144
-0.64267 0.34985 0.71974 135 155 144
-0.63040 0.35089 0.70367 135 155 144
-0.62078 0.35006 0.68560 135 155 144
-0.76871 0.34134 0.74200 244 217 170
-0.88857 0.33367 0.74545 244 217 170
-0.70695 0.35921 0.68532 135 155 144
-0.69604 0.36262 0.70307 135 155 144
-0.68449 0.36412 0.72031 135 155 144
-0.67507 0.36584 0.73140 135 155 144
-0.66576 0.36542 0.73368 135 155 144
-0.65313 0.36622 0.73262 135 155 144
-0.64337 0.36810 0.71886 135 155 144
-0.63228 0.36998 0.70317 135 155 144
-0.62416 0.37278 0.68414 135 155 144
-0.77011 0.35155 0.74277 244 217 170
-0.88783 0.33725 0.74403 244 217 170
-0.71030 0.37519 0.68445 135 155 144
-0.70037 0.37827 0.70299 135 155 144
-0.68900 0.38034 0.72098 135 155 144
-0.67724 0.38317 0.73200 135 155 144
-0.66712 0.38465 0.73369 135 155 144
-0.65599 0.38716 0.73170 135 155 144
-0.64622 0.38825 0.72183 135 155 144
-0.63728 0.38920 0.70413 135 155 144
-0.62760 0.39354 0.68514 135 155 144
-0.77264 0.36391 0.74143 244 217 170
-0.88933 0.33999 0.74470 244 217 170
-0.71347 0.39116 0.68480 135 155 144
-0.70423 0.39428 0.70399 135 155 144
-0.69116 0.39534 0.72032 135 155 144
-0.68247 0.39885 0.73168 135 155 144
-0.67193 0.40159 0.73388 135 155 144
-0.66112 0.40597 0.73081 135 155 144
-0.65015 0.40820 0.72129 135 155 144
-0.64198 0.40980 0.70282 135 155 144
-0.63083 0.41224 0.68381 135 155 144
-0.77541 0.37428 0.74295 244 217 170
-0.88970 0.34424 0.74533 244 217 170
-0.71759 0.40667 0.68576 135 155 144
-0.70719 0.40789 0.70501 135 155 144
-0.69801 0.41098 0.72168 135 155 144
-0.68623 0.41461 0.73131 135 155 144
-0.67851 0.41974 0.73542 135 155 144
-0.66845 0.42368 0.73213 135 155 144
-0.65583 0.42580 0.72119 135 155 144
-0.64761 0.43072 0.70291 135 155 144
-0.63715 0.43375 0.68574 135 155 144
-0.77844 0.38577 0.74206 244 217 170
-0.89072 0.34646 0.74475 244 217 170
-0.72143 0.42058 0.68546 135 155 144
-0.71212 0.42313 0.70406 135 155 144
-0.70183 0.42771 0.72171 135 155 144
-0.69448 0.43075 0.73103 135 155 144
-0.68295 0.43574 0.73650 135 155 144
-0.67508 0.44127 0.73170 135 155 144
-0.66446 0.44471 0.72167 135 155 144
-0.65479 0.44913 0.70475 135 155 144
-0.64561 0.45197 0.68492 135 155 144
-0.78141 0.39545 0.74195 244 217 170
-0.89206 0.34974 0.74540 244 217 170
-0.72840 0.43472 0.68632 135 155 144
-0.72100 0.43888 0.70383 135 155 144
-0.70964 0.44191 0.71897 135 155 144
-0.69930 0.44877 0.73161 135 155 144
-0.69235 0.45159 0.73594 135 155 144
-0.68098 0.45781 0.73214 135 155 144
-0.67299 0.46152 0.71886 135 155 144
-0.66145 0.46564 0.70405 135 155 144
-0.65154 0.47159 0.68514 135 155 144
-0.78684 0.40573 0.74204 244 217 170
-0.89312 0.35295 0.74561 244 217 170
-0.73778 0.44715 0.68560 135 155 144
-0.72756 0.45223 0.70374 135 155 144
-0.71916 0.45764 0.72014 135 155 144
-0.70916 0.46264 0.73214 135 155 144
-0.69913 0.46824 0.73456 135 155 144
-0.68983 0.47394 0.73210 135 155 144
-0.68132 0.48055 0.71958 135 155 144
-0.67132 0.48333 0.70344 135 155 144
-0.66379 0.49009 0.68373 135 155 144
-0.79246 0.41589 0.74251 244 217 170
-0.89523 0.35606 0.74487 244 217 170
-0.74435 0.46077 0.68353 135 155 144
-0.73600 0.46792 0.70421 135 155 144
-0.72819 0.47271 0.72015 135 155 144
-0.71740 0.47716 0.73131 135 155 144
-0.70828 0.48283 0.73365 135 155 144
-0.70095 0.48932 0.72985 135 155 144
-0.69185 0.49720 0.71895 135 155 144
-0.68135 0.50262 0.70492 135 155 144
-0.67249 0.50882 0.68634 135 155 144
-0.79769 0.42422 0.74246 244 217 170
-0.89610 0.35914 0.74459 244 217 170
-0.75462 0.47418 0.68621 135 155 144
-0.74368 0.48084 0.70561 135 155 144
-0.73545 0.48705 0.72087 135 155 144
-0.72917 0.49247 0.73223 135 155 144
-0.72108 0.49804 0.73527 135 155 144
-0.71159 0.50564 0.73030 135 155 144
-0.70300 0.51061 0.72088 135 155 144
-0.69375 0.51797 0.70360 135 155 144
-0.68692 0.52628 0.68593 135 155 144
-0.80508 0.43503 0.74126 244 217 170
-0.89818 0.36083 0.74435 244 217 170
-0.76310 0.48538 0.68464 135 155 144
-0.75579 0.49336 0.70498 135 155 144
-0.74640 0.50034 0.72032 135 155 144
-0.73948 0.50689 0.73118 135 155 144
-0.73231 0.51372 0.73483 135 155 144
-0.72194 0.52090 0.73005 135 155 144
-0.71566 0.52822 0.72065 135 155 144
-0.70870 0.53346 0.70396 135 155 144
-0.69868 0.54193 0.68441 135 155 144
-0.81083 0.44209 0.74164 244 217 170
-0.90110 0.36433 0.74522 244 217 170
-0.77390 0.49746 0.68404 135 155 144
-0.76686 0.50293 0.70422 135 155 144
-0.75808 0.51059 0.72050 135 155 144
-0.75085 0.51946 0.73147 135 155 144
-0.74478 0.52700 0.73481 135 155 144
-0.73602 0.53369 0.73174 135 155 144
-0.72762 0.54026 0.72111 135 155 144
-0.72153 0.54977 0.70379 135 155 144
-0.71432 0.55774 0.68355 135 155 144
-0.81853 0.45137 0.74167 244 217 170
-0.90378 0.36627 0.74416 244 217 170
-0.78427 0.50618 0.68439 135 155 144
-0.77755 0.51491 0.70451 135 155 144
-0.77243 0.52358 0.72166 135 155 144
-0.76468 0.53139 0.73154 135 155 144
-0.75756 0.53779 0.73528 135 155 144
-0.75048 0.54696 0.72974 135 155 144
-0.74160 0.55330 0.72016 135 155 144
-0.73628 0.56254 0.70390 135 155 144
-0.72984 0.56935 0.68595 135 155 144
-0.82767 0.45788 0.74186 244 217 170
-0.90551 0.36870 0.74554 244 217 170
-0.79546 0.51581 0.68617 135 155 144
-0.79063 0.52451 0.70535 135 155 144
-0.78364 0.53397 0.71995 135 155 144
-0.77732 0.54273 0.73014 135 155 144
-0.77116 0.54868 0.73478 135 155 144
-0.76467 0.55917 0.73008 135 155 144
-0.75717 0.56628 0.72082 135 155 144
-0.75101 0.57558 0.70300 135 155 144
-0.74630 0.58535 0.68476 135 155 144
-0.83640 0.46496 0.74267 244 217 170
-0.90801 0.37167 0.74570 244 217 170
-0.80820 0.52401 0.68500 135 155 144
-0.80283 0.53344 0.70427 135 155 144
-0.79795 0.54394 0.71888 135 155 144
-0.79309 0.55095 0.73250 135 155 144
-0.78660 0.56179 0.73372 135 155 144
-0.77856 0.56814 0.73079 135 155 144
-0.77298 0.57728 0.72081 135 155 144
-0.76809 0.58757 0.70357 135 155 144
-0.76229 0.59679 0.68390 135 155 144
-0.84477 0.47150 0.74151 244 217 170
-0.91071 0.37351 0.74594 244 217 170
-0.82188 0.53206 0.68399 135 155 144
-0.81608 0.54415 0.70508 135 155 144
-0.81109 0.55264 0.72075 135 155 144
-0.80676 0.56087 0.73074 135 155 144
-0.80102 0.56979 0.73369 135 155 144
-0.79660 0.58039 0.73049 135 155 144
-0.79051 0.58881 0.72034 135 155 144
-0.78558 0.59890 0.70324 135 155 144
-0.78028 0.60789 0.68631 135 155 144
-0.85436 0.47866 0.74216 244 217 170
-0.91330 0.37572 0.74461 244 217 170
-0.83543 0.54005 0.68517 135 155 144
-0.83092 0.55107 0.70364 135 155 144
-0.82710 0.55982 0.72070 135 155 144
-0.82079 0.56801 0.73004 135 155 144
-0.81795 0.58022 0.73503 135 155 144
-0.81232 0.58851 0.73267 135 155 144
-0.80926 0.59930 0.72053 135 155 144
-0.80337 0.60775 0.70292 135 155 144
-0.79897 0.61783 0.68495 135 155 144
-0.86379 0.48250 0.74245 244 217 170
-0.91768 0.37628 0.74469 244 217 170
-0.84869 0.54736 0.68439 135 155 144
-0.84688 0.55629 0.70341 135 155 144
-0.84218 0.56764 0.72076 135 155 144
-0.83906 0.57698 0.73229 135 155 144
-0.83351 0.58781 0.73583 135 155 144
-0.83020 0.59652 0.73230 135 155 144
-0.82631 0.60688 0.72070 135 155 144
-0.82302 0.61601 0.70264 135 155 144
-0.81646 0.62504 0.68352 135 155 144
-0.87408 0.48804 0.74157 244 217 170
-0.91952 0.37804 0.74437 244 217 170
-0.86534 0.55163 0.68488 135 155 144
-0.86187 0.56383 0.70448 135 155 144
-0.85730 0.57303 0.72157 135 155 144
-0.85392 0.58144 0.73156 135 155 144
-0.85049 0.59137 0.73483 135 155 144
-0.84744 0.60402 0.73097 135 155 144
-0.84416 0.61265 0.72146 135 155 144
-0.84144 0.62226 0.70388 135 155 144
-0.83621 0.63406 0.68377 135 155 144
-0.88415 0.49177 0.74263 244 217 170
-0.92376 0.37949 0.74436 244 217 170
-0.87988 0.55803 0.68360 135 155 144
-0.87712 0.56807 0.70498 135 155 144
-0.87393 0.57833 0.72001 135 155 144
-0.87138 0.58766 0.73162 135 155 144
-0.86746 0.59840 0.73646 135 155 144
-0.86443 0.60786 0.73035 135 155 144
-0.86404 0.61957 0.72170 135 155 144
-0.86104 0.63032 0.70447 135 155 144
-0.85605 0.64059 0.68421 135 155 144
-0.89553 0.49559 0.74165 244 217 170
-0.92573 0.37967 0.74563 244 217 170
-0.89430 0.56079 0.68515 135 155 144
-0.89066 0.56978 0.70528 135 155 144
-0.89117 0.58201 0.72179 135 155 144
-0.88807 0.59308 0.73089 135 155 144
-0.88683 0.60193 0.73469 135 155 144
-0.88233 0.61283 0.73021 135 155 144
-0.88082 0.62258 0.72040 135 155 144
-0.87882 0.63378 0.70311 135 155 144
-0.87889 0.64515 0.68580 135 155 144
-0.90578 0.49795 0.74269 244 217 170
-0.92923 0.38184 0.74419 244 217 170
-0.90893 0.56222 0.68591 135 155 144
-0.90659 0.57370 0.70543 135 155 144
-0.90784 0.58554 0.72113 135 155 144
-0.90632 0.59464 0.73225 135 155 144
-0.90419 0.60540 0.73604 135 155 144
-0.90299 0.61523 0.73164 135 155 144
-0.90249 0.62576 0.72135 135 155 144
-0.89845 0.63670 0.70516 135 155 144
-0.89812 0.64598 0.68491 135 155 144
-0.91867 0.50001 0.74253 244 217 170
-0.93332 0.38089 0.74466 244 217 170
-0.92523 0.56582 0.68603 135 155 144
-0.92400 0.57431 0.70471 135 155 144
-0.92316 0.58507 0.72086 135 155 144
-0.92128 0.59549 0.73095 135 155 144
-0.92184 0.60634 0.73634 135 155 144
-0.92100 0.61845 0.73222 135 155 144
-0.92092 0.62851 0.72043 135 155 144
-0.92062 0.63945 0.70286 135 155 144
-0.92045 0.64791 0.68634 135 155 144
-0.92919 0.50021 0.74172 244 217 170
-0.93610 0.38158 0.74469 244 217 170
-0.93953 0.56634 0.68431 135 155 144
-0.94008 0.57484 0.70433 135 155 144
-0.94023 0.58503 0.72159 135 155 144
-0.93889 0.59826 0.73226 135 155 144
-0.94087 0.60687 0.73496 135 155 144
-0.94031 0.61823 0.73116 135 155 144
-0.94029 0.62818 0.72124 135 155 144
-0.94119 0.63793 0.70319 135 155 144
-0.94038 0.64913 0.68517 135 155 144
-0.93958 0.50164 0.74139 244 217 170
-0.94060 0.38293 0.74535 244 217 170
-0.95449 0.56351 0.68460 135 155 144
-0.95482 0.57494 0.70498 135 155 144
-0.95755 0.58483 0.72072 135 155 144
-0.95732 0.59743 0.73164 135 155 144
-0.95888 0.60653 0.73540 135 155 144
-0.95923 0.61876 0.73090 135 155 144
-0.95910 0.62951 0.72072 135 155 144
-0.96124 0.63744 0.70433 135 155 144
-0.96214 0.64817 0.68518 135 155 144
-0.95135 0.49994 0.74169 244 217 170
-0.94305 0.38197 0.74450 244 217 170
-0.96992 0.56381 0.68570 135 155 144
-0.97099 0.57424 0.70560 135 155 144
-0.97491 0.58355 0.71981 135 155 144
-0.97427 0.59502 0.73224 135 155 144
-0.97535 0.60630 0.73614 135 155 144
-0.97622 0.61647 0.73201 135 155 144
-0.97945 0.62712 0.71938 135 155 144
-0.98033 0.63642 0.70553 135 155 144
-0.98274 0.64628 0.68486 135 155 144
-0.96136 0.49930 0.74170 244 217 170
-0.94646 0.38113 0.74528 244 217 170
-0.98542 0.56065 0.68365 135 155 144
-0.98747 0.57193 0.70332 135 155 144
-0.99086 0.58245 0.71918 135 155 144
-0.99116 0.59168 0.73061 135 155 144
-0.99361 0.60292 0.73649 135 155 144
-0.99755 0.61358 0.73040 135 155 144
-0.99812 0.62215 0.72056 135 155 144
-0.99994 0.63304 0.70553 135 155 144
-1.00347 0.64490 0.68496 135 155 144
-0.97360 0.49781 0.74294 244 217 170
-0.94968 0.38133 0.74476 244 217 170
-1.00147 0.55567 0.68426 135 155 144
-1.00315 0.56676 0.70305 135 155 144
-1.00588 0.57681 0.72177 135 155 144
-1.00818 0.58765 0.73016 135 155 144
-1.01294 0.59685 0.73528 135 155 144
-1.01562 0.60914 0.73111 135 155 144
-1.01704 0.62002 0.72080 135 155 144
-1.01875 0.62894 0.70279 135 155 144
-1.02235 0.63907 0.68489 135 155 144
-0.98349 0.49488 0.74238 244 217 170
-0.95412 0.38113 0.74493 244 217 170
-1.01505 0.55208 0.68424 135 155 144
-1.02004 0.56149 0.70553 135 155 144
-1.02305 0.57238 0.71968 135 155 144
-1.02476 0.58321 0.73097 135 155 144
-1.03013 0.59348 0.73399 135 155 144
-1.03393 0.60413 0.73186 135 155 144
-1.03655 0.61184 0.72002 135 155 144
-1.03875 0.62297 0.70521 135 155 144
-1.04355 0.63399 0.68509 135 155 144
-0.99510 0.49177 0.74117 244 217 170
-0.95708 0.37884 0.74417 244 217 170
-1.02983 0.54818 0.68508 135 155 144
-1.03482 0.55558 0.70346 135 155 144
-1.03696 0.56809 0.72073 135 155 144
-1.04138 0.57781 0.73076 135 155 144
-1.04685 0.58749 0.73368 135 155 144
-1.05071 0.59527 0.73024 135 155 144
-1.05440 0.60581 0.72180 135 155 144
-1.05790 0.61490 0.70547 135 155 144
-1.06130 0.62634 0.68551 135 155 144
-1.00521 0.48798 0.74182 244 217 170
-0.95970 0.37843 0.74598 244 217 170
-1.04470 0.54035 0.68360 135 155 144
-1.04855 0.55033 0.70326 135 155 144
-1.05282 0.56086 0.72125 135 155 144
-1.05852 0.56881 0.73008 135 155 144
-1.06204 0.57942 0.73553 135 155 144
-1.06640 0.58866 0.73124 135 155 144
-1.07305 0.59646 0.72181 135 155 144
-1.07567 0.60630 0.70353 135 155 144
-1.08105 0.61673 0.68383 135 155 144
-1.01482 0.48355 0.74118 244 217 170
-0.96301 0.37749 0.74469 244 217 170
-1.05694 0.53232 0.68616 135 155 144
-1.06311 0.54402 0.70510 135 155 144
-1.06949 0.55042 0.71911 135 155 144
-1.07345 0.55996 0.73193 135 155 144
-1.07907 0.56916 0.73397 135 155 144
-1.08550 0.58068 0.73111 135 155 144
-1.08946 0.58774 0.72061 135 155 144
-1.09323 0.59652 0.70292 135 155 144
-1.09949 0.60826 0.68635 135 155 144
-1.02560 0.47781 0.74219 244 217 170
-0.96555 0.37414 0.74444 244 217 170
-1.07148 0.52580 0.68565 135 155 144
-1.07569 0.53501 0.70473 135 155 144
-1.08095 0.54214 0.71926 135 155 144
-1.08711 0.55155 0.72998 135 155 144
-1.09364 0.56188 0.73515 135 155 144
-1.09890 0.57103 0.73197 135 155 144
-1.10746 0.57776 0.72124 135 155 144
-1.11135 0.58721 0.70265 135 155 144
-1.11770 0.59570 0.68388 135 155 144
-1.03496 0.47213 0.74109 244 217 170
-0.96944 0.37227 0.74437 244 217 170
-1.08361 0.51684 0.68649 135 155 144
-1.08837 0.52345 0.70382 135 155 144
-1.09650 0.53243 0.72177 135 155 144
-1.10106 0.54225 0.73202 135 155 144
-1.10985 0.55141 0.73413 135 155 144
-1.11462 0.55949 0.73073 135 155 144
-1.12311 0.56610 0.72105 135 155 144
-1.12689 0.57396 0.70474 135 155 144
-1.13513 0.58470 0.68368 135 155 144
-1.04475 0.46571 0.74186 244 217 170
-0.97208 0.37216 0.74574 244 217 170
-1.09507 0.50752 0.68453 135 155 144
-1.10051 0.51615 0.70479 135 155 144
-1.10865 0.52335 0.72134 135 155 144
-1.11556 0.53091 0.73018 135 155 144
-1.12330 0.53849 0.73567 135 155 144
-1.13105 0.54606 0.73241 135 155 144
-1.13621 0.55497 0.72036 135 155 144
-1.14456 0.56240 0.70510 135 155 144
-1.15176 0.57165 0.68569 135 155 144
-1.05352 0.45877 0.74298 244 217 170
-0.97400 0.36814 0.74411 244 217 170
-1.10746 0.49534 0.68356 135 155 144
-1.11233 0.50514 0.70310 135 155 144
-1.11993 0.51140 0.72012 135 155 144
-1.12730 0.51858 0.73104 135 155 144
-1.13729 0.52734 0.73561 135 155 144
-1.14467 0.53473 0.73124 135 155 144
-1.14985 0.53992 0.72025 135 155 144
-1.15782 0.54803 0.70402 135 155 144
-1.16489 0.55709 0.68570 135 155 144
-1.05992 0.45045 0.74245 244 217 170
-0.97704 0.36755 0.74445 244 217 170
-1.11614 0.48566 0.68361 135 155 144
-1.12417 0.49250 0.70365 135 155 144
-1.13210 0.49750 0.72052 135 155 144
-1.14166 0.50531 0.72977 135 155 144
-1.14775 0.51279 0.73463 135 155 144
-1.15670 0.51901 0.73235 135 155 144
-1.16585 0.52747 0.72160 135 155 144
-1.17318 0.53495 0.70286 135 155 144
-1.17983 0.54078 0.68619 135 155 144
-1.06793 0.44304 0.74288 244 217 170
-0.97992 0.36480 0.74588 244 217 170
-1.12648 0.47456 0.68480 135 155 144
-1.13495 0.48005 0.70552 135 155 144
-1.14385 0.48708 0.72088 135 155 144
-1.15179 0.49379 0.73239 135 155 144
-1.15947 0.49836 0.73448 135 155 144
-1.16873 0.50525 0.73107 135 155 144
-1.17687 0.51070 0.72051 135 155 144
-1.18649 0.51733 0.70538 135 155 144
-1.19282 0.52605 0.68574 135 155 144
-1.07594 0.43480 0.74131 244 217 170
-0.98094 0.36245 0.74469 244 217 170
-1.13524 0.46193 0.68495 135 155 144
-1.14364 0.46757 0.70372 135 155 144
-1.15182 0.47188 0.72154 135 155 144
-1.16117 0.47730 0.73111 135 155 144
-1.17078 0.48496 0.73598 135 155 144
-1.18043 0.49129 0.73202 135 155 144
-1.18969 0.49551 0.72064 135 155 144
-1.19848 0.50099 0.70448 135 155 144
-1.20688 0.50729 0.68361 135 155 144
-1.08258 0.42558 0.74107 244 217 170
-0.98311 0.35982 0.74410 244 217 170
-1.14451 0.44866 0.68560 135 155 144
-1.15134 0.45192 0.70280 135 155 144
-1.16186 0.45727 0.72040 135 155 144
-1.17051 0.46400 0.73141 135 155 144
-1.18022 0.46947 0.73389 135 155 144
-1.18965 0.47308 0.73101 135 155 144
-1.19849 0.47879 0.71912 135 155 144
-1.20778 0.48380 0.70381 135 155 144
-1.21737 0.48969 0.68464 135 155 144
-1.08874 0.41637 0.74292 244 217 170
-0.98474 0.35625 0.74517 244 217 170
-1.15129 0.43325 0.68636 135 155 144
-1.16110 0.43915 0.70529 135 155 144
-1.16955 0.44395 0.71888 135 155 144
-1.17943 0.44893 0.73155 135 155 144
-1.18978 0.45313 0.73629 135 155 144
-1.19742 0.45650 0.73037 135 155 144
-1.20681 0.46339 0.72127 135 155 144
-1.21797 0.46732 0.70463 135 155 144
-1.22737 0.47009 0.68389 135 155 144
-1.09313 0.40579 0.74234 244 217 170
-0.98589 0.35202 0.74488 244 217 170
-1.15633 0.42139 0.68499 135 155 144
-1.16707 0.42310 0.70313 135 155 144
-1.17693 0.42729 0.72175 135 155 144
-1.18686 0.43144 0.73181 135 155 144
-1.19751 0.43701 0.73627 135 155 144
-1.20728 0.43904 0.73256 135 155 144
-1.21660 0.44476 0.72038 135 155 144
-1.22477 0.44898 0.70490 135 155 144
-1.23420 0.45123 0.68593 135 155 144
-1.09844 0.39633 0.74106 244 217 170
-0.98723 0.34934 0.74555 244 217 170
-1.16367 0.40701 0.68519 135 155 144
-1.17322 0.40897 0.70404 135 155 144
-1.18372 0.41256 0.72086 135 155 144
-1.19125 0.41672 0.72997 135 155 144
-1.20180 0.41940 0.73416 135 155 144
-1.21317 0.42124 0.73059 135 155 144
-1.22403 0.42646 0.72131 135 155 144
-1.23305 0.42996 0.70479 135 155 144
-1.24193 0.43326 0.68352 135 155 144
-1.10133 0.38541 0.74257 244 217 170
-0.98899 0.34592 0.74570 244 217 170
-1.16724 0.38938 0.68417 135 155 144
-1.17796 0.39309 0.70355 135 155 144
-1.18640 0.39683 0.72124 135 155 144
-1.19815 0.39916 0.73006 135 155 144
-1.20698 0.40091 0.73407 135 155 144
-1.21871 0.40605 0.73064 135 155 144
-1.22943 0.40810 0.71935 135 155 144
-1.23743 0.41059 0.70368 135 155 144
-1.24968 0.41234 0.68422 135 155 144
-1.10561 0.37389 0.74219 244 217 170
-0.98939 0.34419 0.74530 244 217 170
-1.16969 0.37727 0.68584 135 155 144
-1.18167 0.37838 0.70366 135 155 144
-1.19070 0.38087 0.72000 135 155 144
-1.20127 0.38245 0.73012 135 155 144
-1.21334 0.38328 0.73415 135 155 144
-1.22325 0.38534 0.73110 135 155 144
-1.23442 0.38698 0.72113 135 155 144
-1.24334 0.39128 0.70323 135 155 144
-1.25290 0.39142 0.68591 135 155 144
-1.10831 0.36304 0.74206 244 217 170
-0.99052 0.33991 0.74524 244 217 170
-1.17224 0.35978 0.68631 135 155 144
-1.18498 0.36158 0.70462 135 155 144
-1.19312 0.36370 0.72080 135 155 144
-1.20557 0.36372 0.73106 135 155 144
-1.21615 0.36507 0.73399 135 155 144
-1.22630 0.36849 0.73065 135 155 144
-1.23591 0.36803 0.72107 135 155 144
-1.24661 0.37011 0.70542 135 155 144
-1.25719 0.37147 0.68618 135 155 144
-1.11034 0.35132 0.74292 244 217 170
-0.99223 0.33608 0.74476 244 217 170
-1.17509 0.34594 0.68439 135 155 144
-1.18461 0.34472 0.70298 135 155 144
-1.19540 0.34753 0.72035 135 155 144
-1.20613 0.34867 0.72981 135 155 144
-1.21592 0.34820 0.73534 135 155 144
-1.22786 0.34847 0.73245 135 155 144
-1.23763 0.34864 0.72013 135 155 144
-1.24925 0.35017 0.70431 135 155 144
-1.25967 0.35025 0.68580 135 155 144
-1.11118 0.34161 0.74281 244 217 170
-0.99230 0.33407 0.74503 244 217 170
-1.17526 0.32925 0.68353 135 155 144
-1.18587 0.32858 0.70361 135 155 144
-1.19765 0.33064 0.72160 135 155 144
-1.20740 0.33049 0.73064 135 155 144
-1.21621 0.32931 0.73592 135 155 144
-1.22907 0.32976 0.73023 135 155 144
-1.23933 0.32911 0.71912 135 155 144
-1.24956 0.32959 0.70401 135 155 144
-1.25965 0.32894 0.68403 135 155 144
-1.11069 0.33027 0.74102 244 217 170
-0.99217 0.33019 0.74442 244 217 170
-1.17456 0.31472 0.68587 135 155 144
-1.18591 0.31388 0.70539 135 155 144
-1.19499 0.31293 0.72061 135 155 144
-1.20608 0.31358 0.73085 135 155 144
-1.21811 0.31324 0.73437 135 155 144
-1.22696 0.31232 0.73109 135 155 144
-1.23707 0.30921 0.72134 135 155 144
-1.24824 0.30829 0.70268 135 155 144
-1.25869 0.30771 0.68602 135 155 144
-1.11162 0.31891 0.74158 244 217 170
-0.99140 0.32731 0.74548 244 217 170
-1.17199 0.29883 0.68381 135 155 144
-1.18278 0.29697 0.70494 135 155 144
-1.19514 0.29608 0.72068 135 155 144
-1.20396 0.29627 0.73001 135 155 144
-1.21366 0.29506 0.73605 135 155 144
-1.22643 0.29163 0.73038 135 155 144
-1.23616 0.29117 0.71998 135 155 144
-1.24813 0.28975 0.70272 135 155 144
-1.25581 0.28963 0.68524 135 155 144
-1.10910 0.30707 0.74178 244 217 170
-0.99164 0.32246 0.74523 244 217 170
-1.16960 0.28538 0.68430 135 155 144
-1.18030 0.28207 0.70555 135 155 144
-1.19168 0.28043 0.72013 135 155 144
-1.20201 0.27778 0.72996 135 155 144
-1.21070 0.27731 0.73469 135 155 144
-1.22129 0.27465 0.73153 135 155 144
-1.23259 0.27181 0.71985 135 155 144
-1.24201 0.27050 0.70322 135 155 144
-1.25255 0.26680 0.68581 135 155 144
-1.10858 0.29608 0.74267 244 217 170
-0.99013 0.32067 0.74509 244 217 170
-1.16633 0.26825 0.68433 135 155 144
-1.17875 0.26537 0.70354 135 155 144
-1.18734 0.26458 0.72159 135 155 144
-1.19666 0.26151 0.73085 135 155 144
-1.20695 0.25671 0.73404 135 155 144
-1.21778 0.25608 0.72986 135 155 144
-1.22921 0.25164 0.72039 135 155 144
-1.23832 0.25014 0.70350 135 155 144
-1.24839 0.24858 0.68393 135 155 144
-1.10440 0.28510 0.74228 244 217 170
-0.98997 0.31585 0.74503 244 217 170
-1.16120 0.25566 0.68617 135 155 144
-1.17396 0.25190 0.70563 135 155 144
-1.18200 0.24815 0.72023 135 155 144
-1.19291 0.24296 0.73007 135 155 144
-1.20205 0.24142 0.73612 135 155 144
-1.21139 0.23702 0.73174 135 155 144
-1.22337 0.23258 0.72093 135 155 144
-1.23222 0.23004 0.70340 135 155 144
-1.24157 0.22787 0.68553 135 155 144
-1.10268 0.27525 0.74115 244 217 170
-0.98953 0.31354 0.74436 244 217 170
-1.15749 0.24072 0.68441 135 155 144
-1.16807 0.23632 0.70556 135 155 144
-1.17781 0.23227 0.71922 135 155 144
-1.18697 0.22703 0.72984 135 155 144
-1.19705 0.22325 0.73401 135 155 144
-1.20718 0.22093 0.72971 135 155 144
-1.21647 0.21617 0.71973 135 155 144
-1.22461 0.21300 0.70322 135 155 144
-1.23499 0.20868 0.68534 135 155 144
-1.09889 0.26453 0.74234 244 217 170
-0.98903 0.31038 0.74470 244 217 170
-1.15017 0.22583 0.68517 135 155 144
-1.16090 0.22229 0.70547 135 155 144
-1.17081 0.21753 0.72034 135 155 144
-1.17929 0.21049 0.73095 135 155 144
-1.18991 0.20766 0.73412 135 155 144
-1.19767 0.20313 0.73265 135 155 144
-1.20807 0.19683 0.71994 135 155 144
-1.21781 0.19288 0.70376 135 155 144
-1.22765 0.18774 0.68428 135 155 144
-1.09328 0.25416 0.74175 244 217 170
-0.98652 0.30657 0.74415 244 217 170
-1.14213 0.21329 0.68514 135 155 144
-1.15182 0.20813 0.70439 135 155 144
-1.16233 0.20263 0.71935 135 155 144
-1.17131 0.19723 0.73187 135 155 144
-1.18159 0.18976 0.73571 135 155 144
-1.18902 0.18718 0.73069 135 155 144
-1.19928 0.18138 0.72114 135 155 144
-1.20862 0.17501 0.70533 135 155 144
-1.21735 0.16940 0.68511 135 155 144
-1.08737 0.24475 0.74157 244 217 170
-0.98600 0.30369 0.74428 244 217 170
-1.13500 0.19874 0.68544 135 155 144
-1.14337 0.19469 0.70554 135 155 144
-1.15314 0.18870 0.71889 135 155 144
-1.16207 0.18264 0.73087 135 155 144
-1.17215 0.17720 0.73444 135 155 144
-1.18092 0.16973 0.73102 135 155 144
-1.18945 0.16493 0.72130 135 155 144
-1.19680 0.15844 0.70440 135 155 144
-1.20544 0.15232 0.68396 135 155 144
-1.08305 0.23403 0.74102 244 217 170
-0.98262 0.30112 0.74508 244 217 170
-1.12729 0.18826 0.68633 135 155 144
-1.13396 0.17986 0.70495 135 155 144
-1.14394 0.17430 0.72172 135 155 144
-1.15115 0.16720 0.73012 135 155 144
-1.15980 0.16173 0.73441 135 155 144
-1.16774 0.15499 0.73078 135 155 144
-1.17777 0.14694 0.72086 135 155 144
-1.18479 0.14299 0.70294 135 155 144
-1.19444 0.13429 0.68631 135 155 144
-1.07623 0.22680 0.74256 244 217 170
-0.98057 0.29744 0.74570 244 217 170
-1.11770 0.17479 0.68544 135 155 144
-1.12416 0.16688 0.70457 135 155 144
-1.13158 0.16160 0.72006 135 155 144
-1.14094 0.15476 0.72980 135 155 144
-1.14827 0.14728 0.73580 135 155 144
-1.15588 0.13981 0.73022 135 155 144
-1.16607 0.13253 0.72134 135 155 144
-1.17224 0.12461 0.70386 135 155 144
-1.18110 0.11929 0.68371 135 155 144
-1.06790 0.21749 0.74293 244 217 170
-0.97957 0.29586 0.74473 244 217 170
-1.10691 0.16422 0.68632 135 155 144
-1.11294 0.15739 0.70389 135 155 144
-1.12027 0.14883 0.71938 135 155 144
-1.12882 0.14112 0.73073 135 155 144
-1.13576 0.13525 0.73607 135 155 144
-1.14376 0.12480 0.73096 135 155 144
-1.15164 0.11935 0.71901 135 155 144
-1.16001 0.11147 0.70335 135 155 144
-1.16742 0.10449 0.68465 135 155 144
-1.06078 0.20993 0.74239 244 217 170
-0.97579 0.29328 0.74520 244 217 170
-1.09395 0.15337 0.68533 135 155 144
-1.10334 0.14606 0.70511 135 155 144
-1.10772 0.13825 0.72171 135 155 144
-1.11524 0.12966 0.73140 135 155 144
-1.12262 0.12009 0.73603 135 155 144
-1.12889 0.11354 0.73258 135 155 144
-1.13774 0.10487 0.72163 135 155 144
-1.14270 0.09872 0.70480 135 155 144
-1.15009 0.09017 0.68565 135 155 144
-1.05199 0.20177 0.74250 244 217 170
-0.97478 0.29161 0.74412 244 217 170
-1.08304 0.14377 0.68494 135 155 144
-1.08866 0.13437 0.70494 135 155 144
-1.09507 0.12564 0.71983 135 155 144
-1.10378 0.11887 0.72990 135 155 144
-1.10939 0.11077 0.73596 135 155 144
-1.11419 0.10286 0.73116 135 155 144
-1.12272 0.09417 0.71988 135 155 144
-1.12976 0.08447 0.70338 135 155 144
-1.13546 0.07466 0.68503 135 155 144
-1.04390 0.19482 0.74162 244 217 170
-0.97124 0.28870 0.74521 244 217 170
-1.06950 0.13448 0.68546 135 155 144
-1.07500 0.12711 0.70459 135 155 144
-1.08095 0.11647 0.72015 135 155 144
-1.08683 0.10808 0.72973 135 155 144
-1.09564 0.09804 0.73367 135 155 144
-1.09957 0.09102 0.73135 135 155 144
-1.10575 0.08123 0.72011 135 155 144
-1.11143 0.07285 0.70515 135 155 144
-1.11790 0.06384 0.68565 135 155 144
-1.03490 0.18707 0.74275 244 217 170
-0.96875 0.28577 0.74532 244 217 170
-1.05627 0.12696 0.68441 135 155 144
-1.06218 0.11861 0.70561 135 155 144
-1.06903 0.10940 0.71927 135 155 144
-1.07441 0.09985 0.73153 135 155 144
-1.08022 0.08971 0.73483 135 155 144
-1.08508 0.08125 0.73189 135 155 144
-1.08897 0.07056 0.72033 135 155 144
-1.09491 0.06301 0.70518 135 155 144
-1.09997 0.05407 0.68451 135 155 144
-1.02494 0.18243 0.74197 244 217 170
-0.96646 0.28557 0.74569 244 217 170
-1.04467 0.11861 0.68633 135 155 144
-1.04896 0.10829 0.70445 135 155 144
-1.05456 0.09921 0.72050 135 155 144
-1.05754 0.09092 0.73052 135 155 144
-1.06160 0.07964 0.73395 135 155 144
-1.06604 0.07077 0.73044 135 155 144
-1.07225 0.06191 0.72126 135 155 144
-1.07810 0.05179 0.70491 135 155 144
-1.08155 0.04216 0.68624 135 155 144
-1.01551 0.17621 0.74252 244 217 170
-0.96258 0.28260 0.74470 244 217 170
-1.02890 0.11401 0.68416 135 155 144
-1.03458 0.10426 0.70311 135 155 144
-1.03928 0.09277 0.72071 135 155 144
-1.04354 0.08432 0.72970 135 155 144
-1.04602 0.07329 0.73616 135 155 144
-1.04925 0.06517 0.73098 135 155 144
-1.05470 0.05333 0.71888 135 155 144
-1.05923 0.04319 0.70429 135 155 144
-1.06372 0.03458 0.68641 135 155 144
-1.00529 0.17212 0.74263 244 217 170
-0.96033 0.28257 0.74584 244 217 170
-1.01636 0.10633 0.68609 135 155 144
-1.01948 0.09767 0.70450 135 155 144
-1.02109 0.08722 0.72101 135 155 144
-1.02508 0.07867 0.73133 135 155 144
-1.03069 0.06822 0.73584 135 155 144
-1.03135 0.05581 0.73048 135 155 144
-1.03613 0.04705 0.72000 135 155 144
-1.03964 0.03635 0.70550 135 155 144
-1.04229 0.02551 0.68601 135 155 144
-0.99475 0.16851 0.74132 244 217 170
-0.95664 0.28170 0.74458 244 217 170
-1.00080 0.10283 0.68389 135 155 144
-1.00486 0.09177 0.70499 135 155 144
-1.00630 0.08315 0.71996 135 155 144
-1.01021 0.07174 0.73071 135 155 144
-1.01070 0.06231 0.73433 135 155 144
-1.01486 0.05310 0.73255 135 155 144
-1.01828 0.04092 0.72169 135 155 144
-1.02147 0.03181 0.70518 135 155 144
-1.02289 0.01997 0.68495 135 155 144
-0.98427 0.16496 0.74176 244 217 170
-0.95347 0.27938 0.74502 244 217 170
-0.98596 0.09979 0.68458 135 155 144
-0.98847 0.08812 0.70458 135 155 144
-0.99110 0.07754 0.72125 135 155 144
-0.99262 0.06921 0.73000 135 155 144
-0.99331 0.05807 0.73429 135 155 144
-0.99688 0.04647 0.73197 135 155 144
-0.99730 0.03644 0.72003 135 155 144
-0.99886 0.02789 0.70363 135 155 144
-1.00194 0.01529 0.68419 135 155 144
-0.97277 0.16308 0.74193 244 217 170
-0.94945 0.27981 0.74483 244 217 170
-0.97005 0.09745 0.68615 135 155 144
-0.97180 0.08739 0.70403 135 155 144
-0.97398 0.07489 0.72174 135 155 144
-0.97460 0.06509 0.73144 135 155 144
-0.97614 0.05467 0.73440 135 155 144
-0.97745 0.04399 0.73202 135 155 144
-0.97870 0.03397 0.71945 135 155 144
-0.98133 0.02397 0.70346 135 155 144
-0.98203 0.01270 0.68379 135 155 144
-0.96298 0.16080 0.74184 244 217 170
-0.94628 0.27884 0.74478 244 217 170
-0.95503 0.09431 0.68528 135 155 144
-0.95478 0.08461 0.70316 135 155 144
-0.95806 0.07326 0.72133 135 155 144
-0.95834 0.06491 0.73221 135 155 144
-0.95705 0.05376 0.73404 135 155 144
-0.95795 0.04238 0.73135 135 155 144
-0.95936 0.03094 0.71900 135 155 144
-0.96062 0.02142 0.70286 135 155 144
-0.96058 0.01149 0.68616 135 155 144
-0.95157 0.15935 0.74184 244 217 170
-0.94301 0.27743 0.74425 244 217 170
-0.94084 0.09623 0.68445 135 155 144
-0.94109 0.08388 0.70333 135 155 144
-0.94012 0.07310 0.72033 135 155 144
-0.93985 0.06393 0.73018 135 155 144
-0.93976 0.05304 0.73415 135 155 144
-0.93995 0.04168 0.73174 135 155 144
-0.93852 0.03140 0.72085 135 155 144
-0.93882 0.01999 0.70351 135 155 144
-0.94053 0.01121 0.68637 135 155 144
-0.94057 0.15821 0.74250 244 217 170
-0.94065 0.27795 0.74405 244 217 170
-0.92574 0.09685 0.68473 135 155 144
-0.92450 0.08513 0.70450 135 155 144
-0.92197 0.07443 0.72152 135 155 144
-0.92270 0.06461 0.73005 135 155 144
-0.92170 0.05270 0.73573 135 155 144
-0.92207 0.04332 0.73242 135 155 144
-0.91980 0.03132 0.71950 135 155 144
-0.91875 0.02138 0.70436 135 155 144
-0.91777 0.00930 0.68414 135 155 144
-0.92785 0.15907 0.74128 244 217 170
-0.93645 0.27834 0.74408 244 217 170
-0.91015 0.09575 0.68357 135 155 144
-0.90822 0.08760 0.70452 135 155 144
-0.90667 0.07498 0.72060 135 155 144
-0.90633 0.06584 0.73032 135 155 144
-0.90410 0.05378 0.73445 135 155 144
-0.90188 0.04534 0.73177 135 155 144
-0.90129 0.03524 0.71916 135 155 144
-0.89884 0.02463 0.70338 135 155 144
-0.89704 0.01411 0.68376 135 155 144
-0.91769 0.16065 0.74257 244 217 170
-0.93297 0.27883 0.74418 244 217 170
-0.89527 0.10080 0.68453 135 155 144
-0.89128 0.08856 0.70444 135 155 144
-0.88984 0.07805 0.72072 135 155 144
-0.88716 0.06810 0.73197 135 155 144
-0.88505 0.05729 0.73386 135 155 144
-0.88233 0.04883 0.73246 135 155 144
-0.88148 0.03646 0.72083 135 155 144
-0.87815 0.02517 0.70468 135 155 144
-0.87841 0.01704 0.68415 135 155 144
-0.90600 0.16263 0.74181 244 217 170
-0.92932 0.27844 0.74471 244 217 170
-0.87920 0.10446 0.68565 135 155 144
-0.87691 0.09312 0.70476 135 155 144
-0.87241 0.08338 0.72029 135 155 144
-0.87065 0.07240 0.73042 135 155 144
-0.86768 0.06111 0.73404 135 155 144
-0.86393 0.05128 0.73066 135 155 144
-0.86333 0.04146 0.72115 135 155 144
-0.85887 0.03258 0.70495 135 155 144
-0.85781 0.02005 0.68463 135 155 144
-0.89663 0.16507 0.74190 244 217 170
-0.92562 0.27968 0.74498 244 217 170
-0.86573 0.10650 0.68358 135 155 144
-0.86135 0.09825 0.70389 135 155 144
-0.85715 0.08863 0.71889 135 155 144
-0.85370 0.07602 0.73035 135 155 144
-0.85169 0.06609 0.73411 135 155 144
-0.84591 0.05674 0.73081 135 155 144
-0.84296 0.04736 0.71914 135 155 144
-0.84167 0.03691 0.70533 135 155 144
-0.83679 0.02587 0.68628 135 155 144
-0.88486 0.16893 0.74238 244 217 170
-0.92343 0.28108 0.74484 244 217 170
-0.85080 0.11355 0.68418 135 155 144
-0.84613 0.10207 0.70376 135 155 144
-0.84183 0.09301 0.71886 135 155 144
-0.83839 0.08492 0.73163 135 155 144
-0.83482 0.07222 0.73442 135 155 144
-0.83041 0.06268 0.73035 135 155 144
-0.82657 0.05474 0.71936 135 155 144
-0.82311 0.04353 0.70387 135 155 144
-0.81612 0.03316 0.68540 135 155 144
-0.87363 0.17141 0.74171 244 217 170
-0.91930 0.28170 0.74536 244 217 170
-0.83645 0.11845 0.68440 135 155 144
-0.83153 0.10912 0.70384 135 155 144
-0.82803 0.09961 0.72031 135 155 144
-0.82134 0.09036 0.73075 135 155 144
-0.81586 0.08193 0.73502 135 155 144
-0.81291 0.07112 0.72996 135 155 144
-0.80873 0.06237 0.72027 135 155 144
-0.80457 0.05205 0.70368 135 155 144
-0.79868 0.04237 0.68467 135 155 144
-0.86350 0.17658 0.74181 244 217 170
-0.91748 0.28433 0.74508 244 217 170
-0.82393 0.12586 0.68501 135 155 144
-0.81788 0.11583 0.70508 135 155 144
-0.81159 0.10738 0.72033 135 155 144
-0.80731 0.09963 0.73049 135 155 144
-0.80037 0.09060 0.73635 135 155 144
-0.79738 0.08015 0.73061 135 155 144
-0.79176 0.07277 0.72034 135 155 144
-0.78664 0.06133 0.70379 135 155 144
-0.78018 0.05214 0.68375 135 155 144
-0.85426 0.18197 0.74101 244 217 170
-0.91460 0.28503 0.74483 244 217 170
-0.81047 0.13508 0.68477 135 155 144
-0.80236 0.12660 0.70512 135 155 144
-0.79864 0.11769 0.72021 135 155 144
-0.79039 0.10901 0.73050 135 155 144
-0.78492 0.09997 0.73388 135 155 144
-0.77973 0.09124 0.73029 135 155 144
-0.77268 0.08053 0.71944 135 155 144
-0.76895 0.07384 0.70435 135 155 144
-0.76236 0.06458 0.68564 135 155 144
-0.84435 0.18877 0.74140 244 217 170
-0.91048 0.28622 0.74434 244 217 170
-0.79619 0.14341 0.68394 135 155 144
-0.79037 0.13436 0.70542 135 155 144
-0.78471 0.12552 0.71891 135 155 144
-0.77653 0.11877 0.73248 135 155 144
-0.77241 0.10895 0.73416 135 155 144
-0.76448 0.10093 0.73246 135 155 144
-0.75721 0.09160 0.72053 135 155 144
-0.75229 0.08311 0.70467 135 155 144
-0.74610 0.07561 0.68602 135 155 144
-0.83611 0.19429 0.74288 244 217 170
-0.90815 0.28886 0.74447 244 217 170
-0.78367 0.15360 0.68380 135 155 144
-0.77842 0.14662 0.70449 135 155 144
-0.77206 0.13787 0.72127 135 155 144
-0.76336 0.12993 0.73013 135 155 144
-0.75634 0.12088 0.73356 135 155 144
-0.75081 0.11441 0.73200 135 155 144
-0.74432 0.10600 0.71958 135 155 144
-0.73527 0.09767 0.70410 135 155 144
-0.72894 0.09029 0.68613 135 155 144
-0.82801 0.20051 0.74193 244 217 170
-0.90509 0.29049 0.74600 244 217 170
-0.77518 0.16519 0.68457 135 155 144
-0.76626 0.15518 0.70560 135 155 144
-0.76024 0.14913 0.72038 135 155 144
-0.75214 0.14116 0.73202 135 155 144
-0.74235 0.13244 0.73590 135 155 144
-0.73567 0.12531 0.73167 135 155 144
-0.72905 0.11816 0.71983 135 155 144
-0.72219 0.11230 0.70557 135 155 144
-0.71282 0.10312 0.68413 135 155 144
-0.81866 0.20947 0.74114 244 217 170
-0.90256 0.29348 0.74446 244 217 170
-0.76200 0.17418 0.68435 135 155 144
-0.75523 0.16762 0.70271 135 155 144
-0.74869 0.16081 0.71888 135 155 144
-0.73958 0.15402 0.72991 135 155 144
-0.73101 0.14797 0.73649 135 155 144
-0.72347 0.14112 0.73195 135 155 144
-0.71537 0.13294 0.72001 135 155 144
-0.70872 0.12594 0.70301 135 155 144
-0.70041 0.11772 0.68425 135 155 144
-0.81119 0.21758 0.74155 244 217 170
-0.89992 0.29593 0.74517 244 217 170
-0.75365 0.18711 0.68450 135 155 144
-0.74506 0.17930 0.70264 135 155 144
-0.73536 0.17442 0.72041 135 155 144
-0.72784 0.16799 0.73154 135 155 144
-0.72104 0.16109 0.73607 135 155 144
-0.71249 0.15450 0.73220 135 155 144
-0.70348 0.14686 0.71997 135 155 144
-0.69539 0.14302 0.70287 135 155 144
-0.68524 0.13606 0.68625 135 155 144
-0.80369 0.22657 0.74219 244 217 170
-0.89877 0.29861 0.74593 244 217 170
-0.74349 0.20060 0.68634 135 155 144
-0.73635 0.19210 0.70559 135 155 144
-0.72594 0.18866 0.72130 135 155 144
-0.71793 0.18268 0.73046 135 155 144
-0.71034 0.17573 0.73398 135 155 144
-0.70016 0.16854 0.73044 135 155 144
-0.69194 0.16535 0.72174 135 155 144
-0.68240 0.15686 0.70534 135 155 144
-0.67433 0.15364 0.68355 135 155 144
-0.79695 0.23493 0.74184 244 217 170
-0.89701 0.30077 0.74502 244 217 170
-0.73513 0.21229 0.68489 135 155 144
-0.72784 0.20769 0.70385 135 155 144
-0.71687 0.20306 0.72132 135 155 144
-0.70895 0.19784 0.73211 135 155 144
-0.70084 0.19163 0.73629 135 155 144
-0.69144 0.18612 0.73219 135 155 144
-0.68256 0.18096 0.72137 135 155 144
-0.67203 0.17515 0.70486 135 155 144
-0.66179 0.17136 0.68509 135 155 144
-0.79114 0.24399 0.74149 244 217 170
-0.89478 0.30473 0.74524 244 217 170
-0.73019 0.22606 0.68435 135 155 144
-0.71858 0.22139 0.70529 135 155 144
-0.70965 0.21757 0.72102 135 155 144
-0.70044 0.21270 0.73013 135 155 144
-0.69251 0.20811 0.73575 135 155 144
-0.68230 0.20141 0.73104 135 155 144
-0.67344 0.19863 0.72155 135 155 144
-0.66330 0.19337 0.70434 135 155 144
-0.65196 0.18787 0.68637 135 155 144
-0.78578 0.25486 0.74155 244 217 170
-0.89245 0.30617 0.74454 244 217 170
-0.72141 0.24117 0.68618 135 155 144
-0.71394 0.23657 0.70305 135 155 144
-0.70266 0.23201 0.71914 135 155 144
-0.69367 0.22732 0.73057 135 155 144
-0.68473 0.22506 0.73637 135 155 144
-0.67374 0.21993 0.73183 135 155 144
-0.66452 0.21514 0.72098 135 155 144
-0.65472 0.21213 0.70341 135 155 144
-0.64421 0.20861 0.68567 135 155 144
-0.78257 0.26548 0.74264 244 217 170
-0.89252 0.31080 0.74535 244 217 170
-0.71724 0.25381 0.68360 135 155 144
-0.70850 0.25050 0.70530 135 155 144
-0.69767 0.24857 0.72100 135 155 144
-0.68851 0.24387 0.73071 135 155 144
-0.67671 0.24062 0.73525 135 155 144
-0.66856 0.23793 0.73212 135 155 144
-0.65673 0.23404 0.72167 135 155 144
-0.64760 0.22908 0.70308 135 155 144
-0.63728 0.22848 0.68444 135 155 144
-0.77768 0.27572 0.74243 244 217 170
-0.89131 0.31340 0.74466 244 217 170
-0.71400 0.26897 0.68441 135 155 144
-0.70126 0.26647 0.70331 135 155 144
-0.69170 0.26389 0.71970 135 155 144
-0.68148 0.25983 0.73215 135 155 144
-0.67089 0.25776 0.73557 135 155 144
-0.66153 0.25456 0.73231 135 155 144
-0.65072 0.25245 0.72026 135 155 144
-0.64030 0.25131 0.70285 135 155 144
-0.63137 0.24710 0.68398 135 155 144
-0.77431 0.28674 0.74131 244 217 170
-0.88977 0.31597 0.74538 244 217 170
-0.71053 0.28279 0.68620 135 155 144
-0.70050 0.28326 0.70293 135 155 144
-0.68740 0.27939 0.72159 135 155 144
-0.67794 0.27658 0.73061 135 155 144
-0.66840 0.27601 0.73511 135 155 144
-0.65834 0.27308 0.73064 135 155 144
-0.64740 0.27213 0.71977 135 155 144
-0.63683 0.27095 0.70387 135 155 144
-0.62733 0.26822 0.68552 135 155 144
-0.77273 0.29643 0.74150 244 217 170
-0.88990 0.31964 0.74411 244 217 170
-0.70845 0.30062 0.68633 135 155 144
-0.69527 0.29907 0.70366 135 155 144
-0.68742 0.29639 0.72029 135 155 144
-0.67513 0.29523 0.73108 135 155 144
-0.66636 0.29494 0.73382 135 155 144
-0.65305 0.29235 0.73153 135 155 144
-0.64458 0.29153 0.72048 135 155 144
-0.63311 0.28933 0.70342 135 155 144
-0.62124 0.28888 0.68379 135 155 144
-0.77146 0.30716 0.74114 244 217 170
-0.88795 0.32375 0.74417 244 217 170
-0.70691 0.31539 0.68426 135 155 144
-0.69627 0.31318 0.70309 135 155 144
-0.68424 0.31252 0.71925 135 155 144
-0.67315 0.31319 0.73063 135 155 144
-0.66281 0.31207 0.73587 135 155 144
-0.65160 0.31160 0.73242 135 155 144
-0.64097 0.30997 0.71940 135 155 144
-0.62988 0.30903 0.70487 135 155 144
-0.62065 0.30805 0.68364 135 155 144
-0.76935 0.31860 0.74115 244 217 170
-0.88762 0.32603 0.74499 244 217 170
-0.89014 0.33076 0.74459 244 217 170
-0.88375 0.32943 0.74423 244 217 170
-0.87597 0.33057 0.74481 244 217 170
-0.86956 0.33095 0.74597 244 217 170
-0.86280 0.32981 0.74533 244 217 170
-0.85656 0.33092 0.74582 244 217 170
-0.84996 0.32917 0.74599 244 217 170
-0.84254 0.32992 0.74555 244 217 170
-0.83701 0.32919 0.74408 244 217 170
-0.83065 0.32976 0.74576 244 217 170
-0.82293 0.32930 0.74582 244 217 170
-0.81610 0.33051 0.74511 244 217 170
-0.80959 0.32973 0.74420 244 217 170
-0.80274 0.32992 0.74508 244 217 170
-0.79709 0.33035 0.74413 244 217 170
-0.79076 0.33050 0.74557 244 217 170
-0.78403 0.32908 0.74473 244 217 170
-0.77645 0.33011 0.74563 244 217 170
-0.76909 0.33092 0.74500 244 217 170
-0.91580 0.37380 0.74536 244 217 170
-0.91113 0.37836 0.74559 244 217 170
-0.90844 0.38534 0.74438 244 217 170
-0.90593 0.39018 0.74579 244 217 170
-0.90095 0.39570 0.74403 244 217 170
-0.89821 0.40182 0.74557 244 217 170
-0.89553 0.40762 0.74538 244 217 170
-0.89227 0.41428 0.74488 244 217 170
-0.88872 0.41887 0.74555 244 217 170
-0.88546 0.42580 0.74480 244 217 170
-0.88128 0.43075 0.74528 244 217 170
-0.87743 0.43774 0.74400 244 217 170
-0.87545 0.44307 0.74513 244 217 170
-0.87260 0.44876 0.74593 244 217 170
-0.86851 0.45342 0.74452 244 217 170
-0.86411 0.46035 0.74522 244 217 170
-0.86073 0.46504 0.74573 244 217 170
-0.85766 0.47142 0.74587 244 217 170
-0.85565 0.47821 0.74417 244 217 170
-0.96578 0.37418 0.74449 244 217 170
-0.96790 0.37869 0.74418 244 217 170
-0.97106 0.38429 0.74425 244 217 170
-0.97468 0.39136 0.74435 244 217 170
-0.97818 0.39668 0.74590 244 217 170
-0.98255 0.40186 0.74494 244 217 170
-0.98541 0.40885 0.74440 244 217 170
-0.98854 0.41306 0.74426 244 217 170
-0.99180 0.41998 0.74452 244 217 170
-0.99574 0.42625 0.74547 244 217 170
-0.99774 0.43091 0.74503 244 217 170
-1.00251 0.43699 0.74589 244 217 170
-1.00545 0.44221 0.74582 244 217 170
-1.00860 0.44844 0.74518 244 217 170
-1.01138 0.45399 0.74448 244 217 170
-1.01567 0.46083 0.74534 244 217 170
-1.01814 0.46554 0.74580 244 217 170
-1.02165 0.47053 0.74413 244 217 170
-1.02488 0.47742 0.74565 244 217 170
-0.98940 0.32953 0.74572 244 217 170
-0.99574 0.33023 0.74570 244 217 170
-1.00246 0.33010 0.74520 244 217 170
-1.00904 0.33089 0.74552 244 217 170
-1.01757 0.33025 0.74574 244 217 170
-1.02433 0.33053 0.74534 244 217 170
-1.03037 0.32987 0.74403 244 217 170
-1.03722 0.33065 0.74528 244 217 170
-1.04348 0.32980 0.74588 244 217 170
-1.05054 0.33046 0.74506 244 217 170
-1.05662 0.33048 0.74445 244 217 170
-1.06346 0.33001 0.74514 244 217 170
-1.06943 0.32965 0.74418 244 217 170
-1.07632 0.32978 0.74434 244 217 170
-1.08244 0.33023 0.74566 244 217 170
-1.09019 0.32960 0.74572 244 217 170
-1.09676 0.33047 0.74571 244 217 170
-1.10374 0.32966 0.74499 244 217 170
-1.11096 0.33057 0.74491 244 217 170
-0.96576 0.28623 0.74406 244 217 170
-0.96784 0.28156 0.74561 244 217 170
-0.97218 0.27424 0.74503 244 217 170
-0.97570 0.26866 0.74595 244 217 170
-0.97897 0.26352 0.74431 244 217 170
-0.98121 0.25874 0.74577 244 217 170
-0.98415 0.25256 0.74511 244 217 170
-0.98755 0.24594 0.74496 244 217 170
-0.99258 0.24100 0.74497 244 217 170
-0.99528 0.23399 0.74514 244 217 170
-0.99763 0.22940 0.74562 244 217 170
-1.00173 0.22303 0.74421 244 217 170
-1.00600 0.21678 0.74480 244 217 170
-1.00759 0.21135 0.74568 244 217 170
-1.01195 0.20525 0.74439 244 217 170
-1.01478 0.20044 0.74529 244 217 170
-1.01919 0.19526 0.74537 244 217 170
-1.02157 0.18804 0.74589 244 217 170
-1.02582 0.18350 0.74507 244 217 170
-0.91466 0.28637 0.74598 244 217 170
-0.91141 0.28184 0.74420 244 217 170
-0.90789 0.27524 0.74401 244 217 170
-0.90542 0.27019 0.74405 244 217 170
-0.90246 0.26358 0.74475 244 217 170
-0.89761 0.25824 0.74451 244 217 170
-0.89566 0.25267 0.74484 244 217 170
-0.89075 0.24643 0.74407 244 217 170
-0.88893 0.24150 0.74489 244 217 170
-0.88584 0.23396 0.74566 244 217 170
-0.88114 0.22818 0.74416 244 217 170
-0.87782 0.22293 0.74443 244 217 170
-0.87561 0.21737 0.74424 244 217 170
-0.87110 0.21187 0.74418 244 217 170
-0.86842 0.20646 0.74477 244 217 170
-0.86444 0.20064 0.74583 244 217 170
-0.86144 0.19407 0.74456 244 217 170
-0.85819 0.18944 0.74538 244 217 170
-0.85484 0.18244 0.74421 244 217 170
1.17381 0.32999 -0.68372 135 155 144
1.18417 0.32868 -0.70480 135 155 144
1.19737 0.32987 -0.71933 135 155 144
1.20672 0.32911 -0.73262 135 155 144
1.21648 0.32967 -0.73497 135 155 144
1.22960 0.32856 -0.73201 135 155 144
1.23861 0.33142 -0.71967 135 155 144
1.24872 0.33108 -0.70439 135 155 144
1.26125 0.33091 -0.68421 135 155 144
1.11095 0.32917 -0.74270 244 217 170
0.99254 0.32955 -0.74538 244 217 170
1.17429 0.34611 -0.68561 135 155 144
1.18629 0.34630 -0.70474 135 155 144
1.19543 0.34750 -0.71919 135 155 144
1.20519 0.34617 -0.73158 135 155 144
1.21822 0.34782 -0.73482 135 155 144
1.22889 0.34914 -0.73209 135 155 144
1.23864 0.34956 -0.71925 135 155 144
1.24914 0.35048 -0.70287 135 155 144
1.25895 0.35104 -0.68397 135 155 144
1.11153 0.34192 -0.74229 244 217 170
0.99162 0.33303 -0.74469 244 217 170
1.17154 0.36120 -0.68385 135 155 144
1.18213 0.36167 -0.70485 135 155 144
1.19287 0.36251 -0.72179 135 155 144
1.20416 0.36349 -0.73169 135 155 144
1.21403 0.36637 -0.73613 135 155 144
1.22532 0.36842 -0.72988 135 155 144
1.23572 0.36861 -0.71952 135 155 144
1.24584 0.36919 -0.70360 135 155 144
1.25718 0.37323 -0.68417 135 155 144
1.11032 0.35266 -0.74233 244 217 170
0.99112 0.33587 -0.74450 244 217 170
1.17000 0.37718 -0.68601 135 155 144
1.18031 0.37698 -0.70303 135 155 144
1.19014 0.37976 -0.72060 135 155 144
1.20066 0.38347 -0.73227 135 155 144
1.21238 0.38514 -0.73420 135 155 144
1.22329 0.38511 -0.73186 135 155 144
1.23180 0.38764 -0.71999 135 155 144
1.24315 0.39183 -0.70532 135 155 144
1.25518 0.39260 -0.68469 135 155 144
1.10782 0.36345 -0.74299 244 217 170
0.99037 0.34099 -0.74474 244 217 170
1.16654 0.39079 -0.68377 135 155 144
1.17828 0.39273 -0.70458 135 155 144
1.18860 0.39594 -0.71963 135 155 144
1.19919 0.39761 -0.72983 135 155 144
1.20751 0.40158 -0.73524 135 155 144
1.21818 0.40344 -0.73119 135 155 144
1.22878 0.40847 -0.71958 135 155 144
1.23946 0.41116 -0.70455 135 155 144
1.25025 0.41407 -0.68381 135 155 144
1.10528 0.37462 -0.74216 244 217 170
0.99055 0.34301 -0.74579 244 217 170
1.16396 0.40447 -0.68630 135 155 144
1.17330 0.40879 -0.70536 135 155 144
1.18278 0.41212 -0.72121 135 155 144
1.19204 0.41693 -0.73229 135 155 144
1.20320 0.41967 -0.73415 135 155 144
1.21278 0.42275 -0.73063 135 155 144
1.22399 0.42457 -0.72054 135 155 144
1.23336 0.43070 -0.70469 135 155 144
1.24204 0.43182 -0.68487 135 155 144
1.10125 0.38418 -0.74297 244 217 170
0.98963 0.34659 -0.74488 244 217 170
1.15783 0.42085 -0.68537 135 155 144
1.16616 0.42325 -0.70451 135 155 144
1.17721 0.42718 -0.72157 135 155 144
1.18795 0.43091 -0.73178 135 155 144
1.19763 0.43487 -0.73421 135 155 144
1.20664 0.43990 -0.73043 135 155 144
1.21705 0.44447 -0.72181 135 155 144
1.22633 0.44719 -0.70338 135 155 144
1.23456 0.45308 -0.68532 135 155 144
1.09805 0.39605 -0.74124 244 217 170
0.98830 0.34973 -0.74485 244 217 170
1.15084 0.43409 -0.68564 135 155 144
1.15941 0.43813 -0.70342 135 155 144
1.17118 0.44399 -0.71949 135 155 144
1.17999 0.44720 -0.73183 135 155 144
1.19013 0.45399 -0.73549 135 155 144
1.19896 0.45774 -0.73208 135 155 144
1.20856 0.46176 -0.72116 135 155 144
1.21675 0.46713 -0.70362 135 155 144
1.22594 0.47141 -0.68367 135 155 144
1.09378 0.40551 -0.74131 244 217 170
0.98671 0.35262 -0.74518 244 217 170
1.14293 0.44619 -0.68395 135 155 144
1.15131 0.45343 -0.70525 135 155 144
1.16209 0.45864 -0.72075 135 155 144
1.17137 0.46375 -0.73122 135 155 144
1.17883 0.46798 -0.73509 135 155 144
1.19035 0.47265 -0.73245 135 155 144
1.19743 0.47886 -0.72047 135 155 144
1.20702 0.48386 -0.70274 135 155 144
1.21776 0.49051 -0.68365 135 155 144
1.08746 0.41499 -0.74269 244 217 170
0.98574 0.35587 -0.74514 244 217 170
1.13403 0.46029 -0.68415 135 155 144
1.14521 0.46531 -0.70560 135 155 144
1.15205 0.47175 -0.71982 135 155 144
1.16135 0.47796 -0.73223 135 155 144
1.17078 0.48312 -0.73547 135 155 144
1.17960 0.49012 -0.73109 135 155 144
1.18856 0.49743 -0.72010 135 155 144
1.19727 0.50323 -0.70458 135 155 144
1.20598 0.50831 -0.68575 135 155 144
1.08150 0.42487 -0.74152 244 217 170
0.98279 0.35947 -0.74433 244 217 170
1.12732 0.47353 -0.68608 135 155 144
1.13419 0.47826 -0.70289 135 155 144
1.14395 0.48483 -0.71986 135 155 144
1.15253 0.49315 -0.73068 135 155 144
1.15947 0.50039 -0.73366 135 155 144
1.16758 0.50668 -0.72981 135 155 144
1.17797 0.51053 -0.71901 135 155 144
1.18624 0.51762 -0.70357 135 155 144
1.19268 0.52610 -0.68441 135 155 144
1.07650 0.43509 -0.74211 244 217 170
0.98165 0.36107 -0.74408 244 217 170
1.11624 0.48440 -0.68443 135 155 144
1.12490 0.49113 -0.70465 135 155 144
1.13362 0.49755 -0.71922 135 155 144
1.14204 0.50645 -0.73209 135 155 144
1.14827 0.51244 -0.73536 135 155 144
1.15522 0.51866 -0.73082 135 155 144
1.16605 0.52720 -0.72165 135 155 144
1.17149 0.53539 -0.70550 135 155 144
1.17952 0.54046 -0.68389 135 155 144
1.06866 0.44264 -0.74232 244 217 170
0.97994 0.36504 -0.74445 244 217 170
1.10473 0.49756 -0.68417 135 155 144
1.11343 0.50268 -0.70271 135 155 144
1.12120 0.50986 -0.71984 135 155 144
1.12878 0.51974 -0.73214 135 155 144
1.13750 0.52528 -0.73360 135 155 144
1.14450 0.53443 -0.73167 135 155 144
1.15243 0.54185 -0.71886 135 155 144
1.15792 0.54747 -0.70510 135 155 144
1.16664 0.55737 -0.68615 135 155 144
1.06022 0.45040 -0.74221 244 217 170
0.97678 0.36640 -0.74405 244 217 170
1.09518 0.50789 -0.68521 135 155 144
1.10096 0.51449 -0.70367 135 155 144
1.11042 0.52305 -0.72167 135 155 144
1.11707 0.53072 -0.72994 135 155 144
1.12186 0.53897 -0.73557 135 155 144
1.13012 0.54713 -0.73197 135 155 144
1.13633 0.55597 -0.72076 135 155 144
1.14259 0.56348 -0.70415 135 155 144
1.15120 0.57083 -0.68471 135 155 144
1.05189 0.45814 -0.74230 244 217 170
0.97386 0.36988 -0.74447 244 217 170
1.08213 0.51523 -0.68422 135 155 144
1.08865 0.52513 -0.70558 135 155 144
1.09648 0.53254 -0.72124 135 155 144
1.10204 0.54118 -0.73161 135 155 144
1.10751 0.54925 -0.73513 135 155 144
1.11623 0.55751 -0.73095 135 155 144
1.12303 0.56695 -0.72178 135 155 144
1.12735 0.57659 -0.70297 135 155 144
1.13628 0.58373 -0.68449 135 155 144
1.04420 0.46640 -0.74154 244 217 170
0.97235 0.37076 -0.74493 244 217 170
1.06974 0.52600 -0.68493 135 155 144
1.07585 0.53328 -0.70329 135 155 144
1.08311 0.54448 -0.72093 135 155 144
1.08934 0.55071 -0.73014 135 155 144
1.09470 0.55956 -0.73496 135 155 144
1.10086 0.57001 -0.73055 135 155 144
1.10529 0.57921 -0.72078 135 155 144
1.11322 0.58658 -0.70369 135 155 144
1.11768 0.59593 -0.68467 135 155 144
1.03496 0.47222 -0.74194 244 217 170
0.96939 0.37276 -0.74463 244 217 170
1.05647 0.53445 -0.68463 135 155 144
1.06367 0.54408 -0.70469 135 155 144
1.06742 0.55332 -0.72094 135 155 144
1.07465 0.56194 -0.73186 135 155 144
1.07932 0.56905 -0.73557 135 155 144
1.08503 0.57994 -0.72989 135 155 144
1.09075 0.58809 -0.72083 135 155 144
1.09379 0.59849 -0.70407 135 155 144
1.10097 0.60858 -0.68595 135 155 144
1.02623 0.47775 -0.74206 244 217 170
0.96599 0.37423 -0.74467 244 217 170
1.04501 0.53984 -0.68581 135 155 144
1.04910 0.55090 -0.70544 135 155 144
1.05379 0.56040 -0.72098 135 155 144
1.05899 0.56811 -0.73010 135 155 144
1.06157 0.57774 -0.73506 135 155 144
1.06800 0.58970 -0.73006 135 155 144
1.07096 0.59755 -0.71995 135 155 144
1.07713 0.60695 -0.70495 135 155 144
1.08259 0.61806 -0.68567 135 155 144
1.01499 0.48387 -0.74166 244 217 170
0.96269 0.37590 -0.74417 244 217 170
1.03073 0.54616 -0.68591 135 155 144
1.03406 0.55627 -0.70560 135 155 144
1.03757 0.56541 -0.71888 135 155 144
1.04356 0.57547 -0.73016 135 155 144
1.04721 0.58703 -0.73615 135 155 144
1.04983 0.59713 -0.73048 135 155 144
1.05375 0.60604 -0.72023 135 155 144
1.05924 0.61500 -0.70447 135 155 144
1.06122 0.62634 -0.68551 135 155 144
1.00631 0.48792 -0.74243 244 217 170
0.95893 0.37721 -0.74566 244 217 170
1.01593 0.55188 -0.68507 135 155 144
1.01895 0.56201 -0.70399 135 155 144
1.02094 0.57120 -0.72148 135 155 144
1.02650 0.58170 -0.73217 135 155 144
1.02999 0.59333 -0.73469 135 155 144
1.03279 0.60419 -0.73098 135 155 144
1.03681 0.61200 -0.72146 135 155 144
1.03973 0.62208 -0.70298 135 155 144
1.04245 0.63381 -0.68598 135 155 144
0.99564 0.49150 -0.74243 244 217 170
0.95596 0.38023 -0.74584 244 217 170
1.00156 0.55840 -0.68468 135 155 144
1.00340 0.56687 -0.70354 135 155 144
1.00604 0.57694 -0.72185 135 155 144
1.00980 0.58912 -0.72972 135 155 144
1.01181 0.59744 -0.73399 135 155 144
1.01321 0.60830 -0.73032 135 155 144
1.01592 0.61765 -0.72162 135 155 144
1.02155 0.62901 -0.70473 135 155 144
1.02171 0.63898 -0.68401 135 155 144
0.98478 0.49607 -0.74104 244 217 170
0.95293 0.38063 -0.74422 244 217 170
0.98559 0.56132 -0.68403 135 155 144
0.98830 0.56967 -0.70436 135 155 144
0.99017 0.58007 -0.72088 135 155 144
0.99088 0.59055 -0.73244 135 155 144
0.99402 0.60211 -0.73496 135 155 144
0.99513 0.61295 -0.73196 135 155 144
0.99951 0.62332 -0.71926 135 155 144
1.00176 0.63394 -0.70517 135 155 144
1.00248 0.64261 -0.68628 135 155 144
0.97301 0.49743 -0.74267 244 217 170
0.94963 0.38090 -0.74428 244 217 170
0.97175 0.56387 -0.68550 135 155 144
0.97143 0.57256 -0.70455 135 155 144
0.97325 0.58275 -0.72156 135 155 144
0.97551 0.59522 -0.73019 135 155 144
0.97707 0.60529 -0.73415 135 155 144
0.97745 0.61489 -0.73091 135 155 144
0.97835 0.62506 -0.72148 135 155 144
0.97983 0.63701 -0.70416 135 155 144
0.98275 0.64867 -0.68611 135 155 144
0.96256 0.49936 -0.74223 244 217 170
0.94777 0.38106 -0.74420 244 217 170
0.95437 0.56458 -0.68544 135 155 144
0.95471 0.57571 -0.70481 135 155 144
0.95733 0.58513 -0.72010 135 155 144
0.95750 0.59725 -0.73153 135 155 144
0.95763 0.60607 -0.73565 135 155 144
0.95795 0.61727 -0.73111 135 155 144
0.95923 0.62948 -0.71904 135 155 144
0.95893 0.63917 -0.70295 135 155 144
0.96164 0.65048 -0.68409 135 155 144
0.95072 0.50093 -0.74284 244 217 170
0.94292 0.38232 -0.74493 244 217 170
0.93926 0.56497 -0.68514 135 155 144
0.94024 0.57550 -0.70505 135 155 144
0.94084 0.58541 -0.71963 135 155 144
0.94094 0.59631 -0.73233 135 155 144
0.93886 0.60881 -0.73510 135 155 144
0.94122 0.61930 -0.73135 135 155 144
0.93850 0.62814 -0.72174 135 155 144
0.93892 0.64068 -0.70516 135 155 144
0.94126 0.65147 -0.68439 135 155 144
0.94018 0.50107 -0.74298 244 217 170
0.94076 0.38283 -0.74482 244 217 170
0.92537 0.56409 -0.68428 135 155 144
0.92473 0.57410 -0.70386 135 155 144
0.92349 0.58589 -0.72084 135 155 144
0.92352 0.59519 -0.73024 135 155 144
0.92250 0.60600 -0.73554 135 155 144
0.91979 0.61645 -0.73021 135 155 144
0.92047 0.62801 -0.72100 135 155 144
0.91919 0.63932 -0.70280 135 155 144
0.91817 0.64811 -0.68583 135 155 144
0.92919 0.50163 -0.74243 244 217 170
0.93663 0.38206 -0.74545 244 217 170
0.90859 0.56258 -0.68548 135 155 144
0.90707 0.57250 -0.70265 135 155 144
0.90569 0.58545 -0.72108 135 155 144
0.90529 0.59533 -0.73181 135 155 144
0.90310 0.60550 -0.73606 135 155 144
0.90309 0.61496 -0.73101 135 155 144
0.90131 0.62718 -0.72182 135 155 144
0.90040 0.63805 -0.70346 135 155 144
0.89878 0.64626 -0.68580 135 155 144
0.91694 0.49972 -0.74262 244 217 170
0.93420 0.38217 -0.74476 244 217 170
0.89398 0.55911 -0.68366 135 155 144
0.89161 0.57170 -0.70425 135 155 144
0.89120 0.58008 -0.72106 135 155 144
0.88696 0.59034 -0.73224 135 155 144
0.88464 0.60258 -0.73417 135 155 144
0.88325 0.61356 -0.73191 135 155 144
0.88229 0.62174 -0.71920 135 155 144
0.88082 0.63369 -0.70518 135 155 144
0.87874 0.64495 -0.68430 135 155 144
0.90635 0.49756 -0.74197 244 217 170
0.93024 0.38183 -0.74546 244 217 170
0.88060 0.55582 -0.68522 135 155 144
0.87631 0.56686 -0.70541 135 155 144
0.87258 0.57885 -0.71956 135 155 144
0.87024 0.58834 -0.72978 135 155 144
0.86748 0.59940 -0.73603 135 155 144
0.86679 0.60761 -0.73066 135 155 144
0.86233 0.61795 -0.71968 135 155 144
0.86135 0.63023 -0.70292 135 155 144
0.85686 0.64029 -0.68552 135 155 144
0.89559 0.49461 -0.74153 244 217 170
0.92710 0.38048 -0.74580 244 217 170
0.86544 0.55305 -0.68592 135 155 144
0.86042 0.56250 -0.70433 135 155 144
0.85775 0.57274 -0.72111 135 155 144
0.85470 0.58325 -0.73049 135 155 144
0.85207 0.59415 -0.73407 135 155 144
0.84770 0.60360 -0.73100 135 155 144
0.84423 0.61241 -0.72088 135 155 144
0.84071 0.62344 -0.70544 135 155 144
0.83671 0.63201 -0.68629 135 155 144
0.88576 0.49258 -0.74156 244 217 170
0.92389 0.37994 -0.74536 244 217 170
0.85012 0.54762 -0.68390 135 155 144
0.84586 0.55794 -0.70299 135 155 144
0.84189 0.56743 -0.72033 135 155 144
0.83644 0.57698 -0.73043 135 155 144
0.83322 0.58703 -0.73545 135 155 144
0.82918 0.59718 -0.73012 135 155 144
0.82589 0.60750 -0.72150 135 155 144
0.82193 0.61440 -0.70537 135 155 144
0.81700 0.62506 -0.68488 135 155 144
0.87490 0.48785 -0.74259 244 217 170
0.92020 0.37859 -0.74478 244 217 170
0.83676 0.54071 -0.68575 135 155 144
0.83105 0.55039 -0.70271 135 155 144
0.82535 0.56010 -0.72046 135 155 144
0.82228 0.56920 -0.73107 135 155 144
0.81862 0.57782 -0.73641 135 155 144
0.81228 0.58931 -0.73053 135 155 144
0.80728 0.59696 -0.72184 135 155 144
0.80441 0.60870 -0.70306 135 155 144
0.79721 0.61657 -0.68570 135 155 144
0.86463 0.48252 -0.74158 244 217 170
0.91660 0.37624 -0.74520 244 217 170
0.82315 0.53296 -0.68604 135 155 144
0.81692 0.54205 -0.70315 135 155 144
0.81045 0.55254 -0.72076 135 155 144
0.80548 0.56190 -0.73100 135 155 144
0.80033 0.57014 -0.73590 135 155 144
0.79507 0.57974 -0.73137 135 155 144
0.78971 0.58957 -0.72022 135 155 144
0.78535 0.59773 -0.70349 135 155 144
0.77892 0.60741 -0.68409 135 155 144
0.85464 0.47739 -0.74239 244 217 170
0.91356 0.37425 -0.74434 244 217 170
0.80931 0.52645 -0.68599 135 155 144
0.80347 0.53304 -0.70268 135 155 144
0.79766 0.54443 -0.72027 135 155 144
0.79199 0.55247 -0.73243 135 155 144
0.78551 0.56150 -0.73373 135 155 144
0.78006 0.56906 -0.73132 135 155 144
0.77391 0.57944 -0.72074 135 155 144
0.76680 0.58818 -0.70458 135 155 144
0.76215 0.59684 -0.68633 135 155 144
0.84448 0.47177 -0.74217 244 217 170
0.91016 0.37327 -0.74535 244 217 170
0.79713 0.51693 -0.68640 135 155 144
0.78984 0.52349 -0.70276 135 155 144
0.78536 0.53422 -0.71992 135 155 144
0.77610 0.54171 -0.72981 135 155 144
0.77247 0.55025 -0.73519 135 155 144
0.76548 0.55747 -0.73167 135 155 144
0.75753 0.56620 -0.71899 135 155 144
0.75291 0.57445 -0.70375 135 155 144
0.74390 0.58406 -0.68476 135 155 144
0.83619 0.46613 -0.74280 244 217 170
0.90874 0.37171 -0.74421 244 217 170
0.78504 0.50801 -0.68363 135 155 144
0.77738 0.51339 -0.70461 135 155 144
0.77194 0.52306 -0.71900 135 155 144
0.76473 0.52958 -0.73030 135 155 144
0.75819 0.53827 -0.73603 135 155 144
0.74907 0.54643 -0.73002 135 155 144
0.74280 0.55507 -0.71912 135 155 144
0.73555 0.56230 -0.70515 135 155 144
0.73018 0.57046 -0.68606 135 155 144
0.82797 0.45861 -0.74204 244 217 170
0.90501 0.36942 -0.74486 244 217 170
0.77482 0.49610 -0.68564 135 155 144
0.76666 0.50481 -0.70416 135 155 144
0.75746 0.51182 -0.72035 135 155 144
0.75150 0.51923 -0.73214 135 155 144
0.74421 0.52755 -0.73566 135 155 144
0.73604 0.53346 -0.73226 135 155 144
0.72760 0.54107 -0.71921 135 155 144
0.72022 0.55023 -0.70389 135 155 144
0.71232 0.55495 -0.68545 135 155 144
0.81850 0.45060 -0.74297 244 217 170
0.90388 0.36651 -0.74443 244 217 170
0.76305 0.48467 -0.68389 135 155 144
0.75520 0.49179 -0.70445 135 155 144
0.74869 0.50032 -0.72085 135 155 144
0.74064 0.50460 -0.73085 135 155 144
0.73077 0.51294 -0.73355 135 155 144
0.72444 0.51938 -0.72985 135 155 144
0.71575 0.52573 -0.71930 135 155 144
0.70768 0.53298 -0.70455 135 155 144
0.69829 0.54221 -0.68646 135 155 144
0.81182 0.44212 -0.74222 244 217 170
0.90068 0.36475 -0.74436 244 217 170
0.75382 0.47275 -0.68582 135 155 144
0.74537 0.48046 -0.70456 135 155 144
0.73771 0.48563 -0.72033 135 155 144
0.72710 0.49319 -0.73027 135 155 144
0.71933 0.49973 -0.73479 135 155 144
0.71045 0.50488 -0.73059 135 155 144
0.70223 0.51273 -0.72083 135 155 144
0.69359 0.51847 -0.70463 135 155 144
0.68681 0.52507 -0.68593 135 155 144
0.80334 0.43321 -0.74143 244 217 170
0.89870 0.36150 -0.74528 244 217 170
0.74506 0.46192 -0.68562 135 155 144
0.73675 0.46791 -0.70300 135 155 144
0.72764 0.47281 -0.71888 135 155 144
0.71948 0.47806 -0.72986 135 155 144
0.70990 0.48280 -0.73589 135 155 144
0.69977 0.49137 -0.73172 135 155 144
0.69015 0.49591 -0.71952 135 155 144
0.68176 0.50249 -0.70510 135 155 144
0.67365 0.50646 -0.68568 135 155 144
0.79807 0.42586 -0.74236 244 217 170
0.89601 0.35854 -0.74428 244 217 170
0.73653 0.44609 -0.68363 135 155 144
0.72806 0.45258 -0.70482 135 155 144
0.71774 0.45707 -0.72108 135 155 144
0.71020 0.46245 -0.73194 135 155 144
0.69858 0.46973 -0.73528 135 155 144
0.68937 0.47489 -0.73207 135 155 144
0.68267 0.47855 -0.71897 135 155 144
0.67135 0.48322 -0.70529 135 155 144
0.66260 0.48976 -0.68462 135 155 144
0.79277 0.41471 -0.74132 244 217 170
0.89469 0.35611 -0.74433 244 217 170
0.72892 0.43471 -0.68526 135 155 144
0.71932 0.43985 -0.70349 135 155 144
0.71056 0.44455 -0.71892 135 155 144
0.70127 0.44707 -0.73178 135 155 144
0.68989 0.45186 -0.73539 135 155 144
0.68271 0.45758 -0.73227 135 155 144
0.67081 0.46192 -0.72003 135 155 144
0.66286 0.46606 -0.70390 135 155 144
0.65378 0.47021 -0.68426 135 155 144
0.78681 0.40616 -0.74217 244 217 170
0.89272 0.35398 -0.74434 244 217 170
0.72227 0.42136 -0.68428 135 155 144
0.71165 0.42547 -0.70279 135 155 144
0.70422 0.42853 -0.72167 135 155 144
0.69429 0.43162 -0.73088 135 155 144
0.68387 0.43554 -0.73616 135 155 144
0.67407 0.44120 -0.72995 135 155 144
0.66289 0.44317 -0.71909 135 155 144
0.65566 0.44700 -0.70469 135 155 144
0.64484 0.45354 -0.68353 135 155 144
0.78178 0.39578 -0.74132 244 217 170
0.89251 0.34985 -0.74449 244 217 170
0.71818 0.40416 -0.68610 135 155 144
0.70798 0.41015 -0.70379 135 155 144
0.69603 0.41185 -0.71972 135 155 144
0.68861 0.41654 -0.73219 135 155 144
0.67762 0.41821 -0.73585 135 155 144
0.66623 0.42211 -0.73109 135 155 144
0.65803 0.42599 -0.71995 135 155 144
0.64798 0.42918 -0.70313 135 155 144
0.63613 0.43365 -0.68440 135 155 144
0.77760 0.38528 -0.74255 244 217 170
0.89060 0.34610 -0.74599 244 217 170
0.71288 0.39152 -0.68633 135 155 144
0.70257 0.39312 -0.70412 135 155 144
0.69290 0.39580 -0.72169 135 155 144
0.68295 0.39847 -0.73133 135 155 144
0.67194 0.40249 -0.73468 135 155 144
0.66173 0.40420 -0.72981 135 155 144
0.65138 0.40782 -0.72028 135 155 144
0.64087 0.41147 -0.70366 135 155 144
0.63121 0.41304 -0.68380 135 155 144
0.77385 0.37333 -0.74249 244 217 170
0.88895 0.34327 -0.74426 244 217 170
0.71052 0.37517 -0.68380 135 155 144
0.70005 0.37858 -0.70418 135 155 144
0.68828 0.37879 -0.71989 135 155 144
0.67770 0.38278 -0.72989 135 155 144
0.66835 0.38518 -0.73503 135 155 144
0.65795 0.38599 -0.73018 135 155 144
0.64729 0.38943 -0.72007 135 155 144
0.63770 0.39169 -0.70450 135 155 144
0.62580 0.39264 -0.68357 135 155 144
0.77156 0.36427 -0.74208 244 217 170
0.88882 0.33955 -0.74493 244 217 170
0.70683 0.36098 -0.68596 135 155 144
0.69581 0.36167 -0.70508 135 155 144
0.68542 0.36278 -0.72095 135 155 144
0.67559 0.36465 -0.73074 135 155 144
0.66494 0.36569 -0.73505 135 155 144
0.65520 0.36619 -0.73256 135 155 144
0.64264 0.36866 -0.72035 135 155 144
0.63354 0.37089 -0.70465 135 155 144
0.62187 0.37053 -0.68436 135 155 144
0.76961 0.35151 -0.74249 244 217 170
0.88836 0.33604 -0.74515 244 217 170
0.70641 0.34632 -0.68509 135 155 144
0.69546 0.34488 -0.70551 135 155 144
0.68569 0.34782 -0.71962 135 155 144
0.67410 0.34776 -0.73261 135 155 144
0.66346 0.34938 -0.73460 135 155 144
0.65272 0.34821 -0.73224 135 155 144
0.64086 0.34896 -0.71897 135 155 144
0.63036 0.34926 -0.70409 135 155 144
0.61982 0.35058 -0.68363 135 155 144
0.76855 0.34065 -0.74240 244 217 170
0.88871 0.33302 -0.74410 244 217 170
0.70585 0.33143 -0.68552 135 155 144
0.69416 0.32981 -0.70292 135 155 144
0.68230 0.33087 -0.71967 135 155 144
0.67257 0.33052 -0.73191 135 155 144
0.66337 0.32858 -0.73516 135 155 144
0.65065 0.32990 -0.73021 135 155 144
0.64114 0.32913 -0.72086 135 155 144
0.63089 0.32971 -0.70359 135 155 144
0.62074 0.33112 -0.68353 135 155 144
0.76912 0.33010 -0.74230 244 217 170
0.88798 0.33064 -0.74458 244 217 170
0.70535 0.31599 -0.68428 135 155 144
0.69520 0.31498 -0.70523 135 155 144
0.68461 0.31177 -0.72025 135 155 144
0.67362 0.31192 -0.73130 135 155 144
0.66298 0.31206 -0.73629 135 155 144
0.65328 0.31214 -0.73162 135 155 144
0.64231 0.30902 -0.71916 135 155 144
0.63088 0.30963 -0.70307 135 155 144
0.61927 0.30963 -0.68484 135 155 144
0.77034 0.31900 -0.74107 244 217 170
0.88753 0.32618 -0.74558 244 217 170
0.70754 0.29984 -0.68429 135 155 144
0.69746 0.29755 -0.70479 135 155 144
0.68463 0.29725 -0.71898 135 155 144
0.67636 0.29606 -0.73234 135 155 144
0.66445 0.29468 -0.73400 135 155 144
0.65439 0.29349 -0.73164 135 155 144
0.64316 0.28994 -0.72122 135 155 144
0.63203 0.28990 -0.70387 135 155 144
0.62254 0.28875 -0.68556 135 155 144
0.77109 0.30700 -0.74211 244 217 170
0.88905 0.32228 -0.74411 244 217 170
0.70856 0.28467 -0.68603 135 155 144
0.69901 0.28115 -0.70361 135 155 144
0.68961 0.28043 -0.72113 135 155 144
0.67887 0.27808 -0.73117 135 155 144
0.66812 0.27704 -0.73358 135 155 144
0.65852 0.27508 -0.72986 135 155 144
0.64757 0.27260 -0.72000 135 155 144
0.63807 0.27088 -0.70408 135 155 144
0.62529 0.26901 -0.68443 135 155 144
0.77316 0.29635 -0.74260 244 217 170
0.88936 0.32084 -0.74460 244 217 170
0.71244 0.26818 -0.68575 135 155 144
0.70335 0.26659 -0.70521 135 155 144
0.69339 0.26389 -0.72070 135 155 144
0.68175 0.26036 -0.73062 135 155 144
0.67189 0.25807 -0.73534 135 155 144
0.66083 0.25477 -0.73015 135 155 144
0.65034 0.25307 -0.72046 135 155 144
0.64029 0.24972 -0.70406 135 155 144
0.63216 0.24835 -0.68633 135 155 144
0.77464 0.28477 -0.74238 244 217 170
0.89012 0.31639 -0.74430 244 217 170
0.71796 0.25478 -0.68546 135 155 144
0.70831 0.25226 -0.70506 135 155 144
0.69811 0.24630 -0.72140 135 155 144
0.68746 0.24310 -0.73212 135 155 144
0.67636 0.24133 -0.73418 135 155 144
0.66586 0.23679 -0.73210 135 155 144
0.65620 0.23384 -0.72171 135 155 144
0.64703 0.22963 -0.70433 135 155 144
0.63551 0.22608 -0.68352 135 155 144
0.77749 0.27552 -0.74111 244 217 170
0.88996 0.31305 -0.74507 244 217 170
0.72356 0.24135 -0.68587 135 155 144
0.71370 0.23554 -0.70359 135 155 144
0.70453 0.23307 -0.72174 135 155 144
0.69340 0.22796 -0.73198 135 155 144
0.68449 0.22419 -0.73483 135 155 144
0.67427 0.22012 -0.73060 135 155 144
0.66412 0.21711 -0.72046 135 155 144
0.65464 0.21200 -0.70288 135 155 144
0.64326 0.20685 -0.68381 135 155 144
0.78168 0.26485 -0.74174 244 217 170
0.89148 0.30946 -0.74506 244 217 170
0.72783 0.22457 -0.68352 135 155 144
0.71973 0.22213 -0.70443 135 155 144
0.70929 0.21721 -0.72147 135 155 144
0.69981 0.21128 -0.73023 135 155 144
0.69082 0.20622 -0.73396 135 155 144
0.68066 0.20329 -0.73089 135 155 144
0.67289 0.19653 -0.72168 135 155 144
0.66211 0.19177 -0.70460 135 155 144
0.65269 0.18837 -0.68469 135 155 144
0.78763 0.25341 -0.74229 244 217 170
0.89245 0.30713 -0.74504 244 217 170
0.73536 0.21148 -0.68419 135 155 144
0.72678 0.20855 -0.70344 135 155 144
0.71703 0.20174 -0.72155 135 155 144
0.70805 0.19513 -0.73144 135 155 144
0.70104 0.19191 -0.73373 135 155 144
0.69006 0.18453 -0.73125 135 155 144
0.68251 0.18062 -0.72052 135 155 144
0.67292 0.17630 -0.70431 135 155 144
0.66312 0.16913 -0.68594 135 155 144
0.79270 0.24430 -0.74272 244 217 170
0.89408 0.30350 -0.74594 244 217 170
0.74552 0.19984 -0.68623 135 155 144
0.73482 0.19249 -0.70472 135 155 144
0.72660 0.18910 -0.72160 135 155 144
0.71709 0.18050 -0.73041 135 155 144
0.70977 0.17440 -0.73624 135 155 144
0.69977 0.16915 -0.73119 135 155 144
0.69134 0.16523 -0.71988 135 155 144
0.68330 0.15923 -0.70472 135 155 144
0.67247 0.15167 -0.68545 135 155 144
0.79784 0.23417 -0.74126 244 217 170
0.89584 0.30116 -0.74429 244 217 170
0.75462 0.18748 -0.68375 135 155 144
0.74379 0.18012 -0.70306 135 155 144
0.73579 0.17396 -0.72141 135 155 144
0.72841 0.16781 -0.73021 135 155 144
0.71966 0.16002 -0.73475 135 155 144
0.71039 0.15469 -0.73184 135 155 144
0.70353 0.14749 -0.71970 135 155 144
0.69433 0.14134 -0.70510 135 155 144
0.68529 0.13475 -0.68509 135 155 144
0.80495 0.22590 -0.74205 244 217 170
0.89886 0.29892 -0.74401 244 217 170
0.76396 0.17358 -0.68622 135 155 144
0.75492 0.16719 -0.70356 135 155 144
0.74820 0.16085 -0.71966 135 155 144
0.73976 0.15470 -0.73243 135 155 144
0.73177 0.14735 -0.73564 135 155 144
0.72356 0.14021 -0.73157 135 155 144
0.71620 0.13160 -0.71920 135 155 144
0.70821 0.12688 -0.70330 135 155 144
0.69952 0.11994 -0.68432 135 155 144
0.81046 0.21756 -0.74288 244 217 170
0.90019 0.29592 -0.74555 244 217 170
0.77375 0.16460 -0.68404 135 155 144
0.76534 0.15520 -0.70497 135 155 144
0.75787 0.14830 -0.72065 135 155 144
0.75036 0.14089 -0.73211 135 155 144
0.74333 0.13264 -0.73486 135 155 144
0.73557 0.12607 -0.73039 135 155 144
0.72853 0.11938 -0.72136 135 155 144
0.72148 0.11176 -0.70284 135 155 144
0.71331 0.10322 -0.68414 135 155 144
0.81890 0.20918 -0.74148 244 217 170
0.90292 0.29309 -0.74483 244 217 170
0.78401 0.15285 -0.68468 135 155 144
0.77914 0.14557 -0.70534 135 155 144
0.77027 0.13825 -0.71894 135 155 144
0.76268 0.12930 -0.72980 135 155 144
0.75560 0.12010 -0.73476 135 155 144
0.75002 0.11233 -0.73175 135 155 144
0.74451 0.10622 -0.72075 135 155 144
0.73499 0.09762 -0.70365 135 155 144
0.72756 0.09063 -0.68540 135 155 144
0.82799 0.20110 -0.74219 244 217 170
0.90532 0.29189 -0.74453 244 217 170
0.79745 0.14233 -0.68551 135 155 144
0.79013 0.13576 -0.70441 135 155 144
0.78263 0.12785 -0.71992 135 155 144
0.77703 0.11900 -0.73237 135 155 144
0.77131 0.11012 -0.73498 135 155 144
0.76569 0.10233 -0.73064 135 155 144
0.75918 0.09174 -0.72162 135 155 144
0.75090 0.08588 -0.70554 135 155 144
0.74483 0.07727 -0.68501 135 155 144
0.83494 0.19453 -0.74281 244 217 170
0.90741 0.28840 -0.74530 244 217 170
0.81084 0.13329 -0.68468 135 155 144
0.80296 0.12617 -0.70393 135 155 144
0.79891 0.11628 -0.71979 135 155 144
0.79070 0.10744 -0.73037 135 155 144
0.78508 0.09814 -0.73539 135 155 144
0.77985 0.09074 -0.73124 135 155 144
0.77295 0.08195 -0.71978 135 155 144
0.76771 0.07311 -0.70327 135 155 144
0.76094 0.06466 -0.68357 135 155 144
0.84547 0.18753 -0.74238 244 217 170
0.91015 0.28729 -0.74530 244 217 170
0.82381 0.12585 -0.68454 135 155 144
0.81668 0.11652 -0.70352 135 155 144
0.81165 0.10839 -0.72018 135 155 144
0.80595 0.09789 -0.73095 135 155 144
0.80179 0.08937 -0.73492 135 155 144
0.79701 0.08154 -0.73042 135 155 144
0.79178 0.07004 -0.71992 135 155 144
0.78384 0.06221 -0.70432 135 155 144
0.77875 0.05313 -0.68408 135 155 144
0.85500 0.18275 -0.74222 244 217 170
0.91459 0.28399 -0.74471 244 217 170
0.83682 0.12034 -0.68532 135 155 144
0.83089 0.10829 -0.70325 135 155 144
0.82520 0.09937 -0.71931 135 155 144
0.82150 0.08931 -0.73159 135 155 144
0.81637 0.08104 -0.73520 135 155 144
0.81154 0.07294 -0.73060 135 155 144
0.80783 0.06168 -0.72152 135 155 144
0.80223 0.05381 -0.70333 135 155 144
0.79990 0.04215 -0.68365 135 155 144
0.86409 0.17713 -0.74119 244 217 170
0.91629 0.28267 -0.74509 244 217 170
0.84922 0.11296 -0.68467 135 155 144
0.84696 0.10351 -0.70421 135 155 144
0.84147 0.09367 -0.72004 135 155 144
0.83830 0.08227 -0.73021 135 155 144
0.83282 0.07393 -0.73497 135 155 144
0.82842 0.06324 -0.73209 135 155 144
0.82514 0.05515 -0.71975 135 155 144
0.82077 0.04279 -0.70555 135 155 144
0.81614 0.03296 -0.68574 135 155 144
0.87441 0.17118 -0.74237 244 217 170
0.91985 0.28214 -0.74590 244 217 170
0.86567 0.10784 -0.68438 135 155 144
0.86026 0.09782 -0.70434 135 155 144
0.85656 0.08744 -0.72134 135 155 144
0.85373 0.07588 -0.72971 135 155 144
0.84932 0.06607 -0.73596 135 155 144
0.84803 0.05731 -0.73152 135 155 144
0.84354 0.04686 -0.72115 135 155 144
0.84047 0.03732 -0.70493 135 155 144
0.83854 0.02567 -0.68634 135 155 144
0.88547 0.16741 -0.74199 244 217 170
0.92402 0.28016 -0.74424 244 217 170
0.88059 0.10218 -0.68352 135 155 144
0.87639 0.09163 -0.70368 135 155 144
0.87365 0.08296 -0.71962 135 155 144
0.86994 0.07254 -0.72975 135 155 144
0.86751 0.06193 -0.73502 135 155 144
0.86686 0.05301 -0.73189 135 155 144
0.86337 0.04005 -0.72016 135 155 144
0.86088 0.03058 -0.70473 135 155 144
0.85625 0.01988 -0.68423 135 155 144
0.89540 0.16386 -0.74255 244 217 170
0.92726 0.28033 -0.74577 244 217 170
0.89289 0.09978 -0.68432 135 155 144
0.89302 0.08869 -0.70351 135 155 144
0.89142 0.07954 -0.71958 135 155 144
0.88681 0.06680 -0.73047 135 155 144
0.88717 0.05683 -0.73566 135 155 144
0.88317 0.04694 -0.73086 135 155 144
0.88109 0.03732 -0.71981 135 155 144
0.87964 0.02600 -0.70318 135 155 144
0.87720 0.01759 -0.68357 135 155 144
0.90641 0.16270 -0.74146 244 217 170
0.92947 0.27979 -0.74419 244 217 170
0.90902 0.09837 -0.68383 135 155 144
0.90940 0.08535 -0.70420 135 155 144
0.90757 0.07538 -0.72004 135 155 144
0.90574 0.06480 -0.73053 135 155 144
0.90293 0.05593 -0.73616 135 155 144
0.90356 0.04517 -0.73107 135 155 144
0.90117 0.03422 -0.71887 135 155 144
0.89843 0.02459 -0.70273 135 155 144
0.89871 0.01419 -0.68639 135 155 144
0.91862 0.15994 -0.74237 244 217 170
0.93343 0.27905 -0.74412 244 217 170
0.92559 0.09620 -0.68376 135 155 144
0.92514 0.08454 -0.70366 135 155 144
0.92299 0.07284 -0.72055 135 155 144
0.92119 0.06238 -0.73098 135 155 144
0.92242 0.05374 -0.73635 135 155 144
0.92130 0.04313 -0.73022 135 155 144
0.92071 0.03327 -0.71913 135 155 144
0.91982 0.02261 -0.70440 135 155 144
0.91874 0.01073 -0.68462 135 155 144
0.92868 0.15921 -0.74115 244 217 170
0.93591 0.27809 -0.74431 244 217 170
0.94062 0.09611 -0.68648 135 155 144
0.93856 0.08529 -0.70555 135 155 144
0.93903 0.07347 -0.71909 135 155 144
0.94040 0.06413 -0.72971 135 155 144
0.94023 0.05230 -0.73399 135 155 144
0.94140 0.04302 -0.72979 135 155 144
0.94040 0.03057 -0.71989 135 155 144
0.93891 0.02036 -0.70545 135 155 144
0.93980 0.00889 -0.68486 135 155 144
0.93926 0.15853 -0.74205 244 217 170
0.93914 0.27734 -0.74501 244 217 170
0.95536 0.09454 -0.68385 135 155 144
0.95697 0.08566 -0.70414 135 155 144
0.95650 0.07395 -0.71969 135 155 144
0.95660 0.06266 -0.73183 135 155 144
0.95870 0.05196 -0.73532 135 155 144
0.95767 0.04181 -0.73082 135 155 144
0.95975 0.03134 -0.71999 135 155 144
0.95903 0.02022 -0.70378 135 155 144
0.96105 0.01149 -0.68533 135 155 144
0.95054 0.15902 -0.74182 244 217 170
0.94305 0.27829 -0.74543 244 217 170
0.97128 0.09677 -0.68531 135 155 144
0.97304 0.08727 -0.70521 135 155 144
0.97359 0.07524 -0.72097 135 155 144
0.97584 0.06403 -0.73189 135 155 144
0.97600 0.05545 -0.73431 135 155 144
0.97782 0.04443 -0.73038 135 155 144
0.97925 0.03450 -0.71993 135 155 144
0.98026 0.02403 -0.70378 135 155 144
0.98139 0.01344 -0.68609 135 155 144
0.96282 0.16140 -0.74199 244 217 170
0.94664 0.27910 -0.74466 244 217 170
0.98679 0.09816 -0.68425 135 155 144
0.98772 0.08932 -0.70546 135 155 144
0.98927 0.07788 -0.71986 135 155 144
0.99275 0.06931 -0.72982 135 155 144
0.99320 0.05791 -0.73604 135 155 144
0.99530 0.04669 -0.73067 135 155 144
0.99746 0.03717 -0.72024 135 155 144
0.99953 0.02682 -0.70454 135 155 144
1.00158 0.01521 -0.68394 135 155 144
0.97369 0.16160 -0.74288 244 217 170
0.95034 0.27833 -0.74596 244 217 170
0.99960 0.10185 -0.68630 135 155 144
1.00484 0.09309 -0.70336 135 155 144
1.00715 0.08354 -0.71999 135 155 144
1.00777 0.07135 -0.73244 135 155 144
1.01079 0.06130 -0.73373 135 155 144
1.01312 0.05083 -0.73043 135 155 144
1.01811 0.04169 -0.71925 135 155 144
1.01951 0.03214 -0.70548 135 155 144
1.02392 0.02130 -0.68607 135 155 144
0.98437 0.16483 -0.74167 244 217 170
0.95302 0.27927 -0.74503 244 217 170
1.01565 0.10648 -0.68440 135 155 144
1.01781 0.09879 -0.70484 135 155 144
1.02353 0.08732 -0.71893 135 155 144
1.02550 0.07870 -0.73053 135 155 144
1.02868 0.06756 -0.73604 135 155 144
1.03375 0.05691 -0.73132 135 155 144
1.03724 0.04591 -0.72063 135 155 144
1.03909 0.03625 -0.70536 135 155 144
1.04380 0.02823 -0.68467 135 155 144
0.99520 0.16737 -0.74276 244 217 170
0.95699 0.28109 -0.74541 244 217 170
1.02916 0.11313 -0.68532 135 155 144
1.03302 0.10313 -0.70305 135 155 144
1.03822 0.09342 -0.71944 135 155 144
1.04104 0.08335 -0.73041 135 155 144
1.04529 0.07470 -0.73641 135 155 144
1.04999 0.06490 -0.73077 135 155 144
1.05498 0.05263 -0.72049 135 155 144
1.05888 0.04379 -0.70349 135 155 144
1.06350 0.03297 -0.68456 135 155 144
1.00535 0.17262 -0.74145 244 217 170
0.96055 0.28177 -0.74411 244 217 170
1.04308 0.11917 -0.68449 135 155 144
1.04780 0.11002 -0.70536 135 155 144
1.05368 0.09881 -0.72141 135 155 144
1.05943 0.09128 -0.72988 135 155 144
1.06229 0.08231 -0.73541 135 155 144
1.06780 0.07155 -0.73070 135 155 144
1.07144 0.06262 -0.72038 135 155 144
1.07561 0.05337 -0.70548 135 155 144
1.08103 0.04306 -0.68591 135 155 144
1.01517 0.17679 -0.74158 244 217 170
0.96388 0.28396 -0.74407 244 217 170
1.05702 0.12573 -0.68546 135 155 144
1.06299 0.11847 -0.70422 135 155 144
1.06893 0.10896 -0.72041 135 155 144
1.07387 0.09753 -0.73101 135 155 144
1.07768 0.08857 -0.73613 135 155 144
1.08362 0.07948 -0.73131 135 155 144
1.08908 0.07189 -0.72072 135 155 144
1.09484 0.06193 -0.70464 135 155 144
1.09903 0.05139 -0.68643 135 155 144
1.02455 0.18101 -0.74244 244 217 170
0.96542 0.28544 -0.74514 244 217 170
1.07201 0.13340 -0.68528 135 155 144
1.07527 0.12647 -0.70428 135 155 144
1.08162 0.11809 -0.72016 135 155 144
1.08944 0.10933 -0.73232 135 155 144
1.09476 0.09782 -0.73397 135 155 144
1.09895 0.09117 -0.73178 135 155 144
1.10689 0.08241 -0.71890 135 155 144
1.11196 0.07181 -0.70393 135 155 144
1.11777 0.06262 -0.68568 135 155 144
1.03474 0.18860 -0.74294 244 217 170
0.96897 0.28719 -0.74492 244 217 170
1.08191 0.14297 -0.68377 135 155 144
1.08850 0.13626 -0.70451 135 155 144
1.09468 0.12775 -0.71896 135 155 144
1.10315 0.11944 -0.73063 135 155 144
1.11015 0.10919 -0.73611 135 155 144
1.11584 0.10261 -0.73223 135 155 144
1.12199 0.09179 -0.72180 135 155 144
1.12896 0.08588 -0.70479 135 155 144
1.13493 0.07575 -0.68622 135 155 144
1.04446 0.19426 -0.74294 244 217 170
0.97075 0.28871 -0.74471 244 217 170
1.09591 0.15284 -0.68556 135 155 144
1.10063 0.14581 -0.70278 135 155 144
1.10918 0.13867 -0.71962 135 155 144
1.11557 0.12864 -0.73222 135 155 144
1.12351 0.12231 -0.73505 135 155 144
1.13036 0.11239 -0.73015 135 155 144
1.13672 0.10675 -0.72163 135 155 144
1.14325 0.09834 -0.70471 135 155 144
1.15173 0.09043 -0.68481 135 155 144
1.05211 0.20162 -0.74117 244 217 170
0.97438 0.29117 -0.74527 244 217 170
1.10672 0.16485 -0.68583 135 155 144
1.11284 0.15542 -0.70387 135 155 144
1.12204 0.14881 -0.72000 135 155 144
1.12827 0.14267 -0.73010 135 155 144
1.13744 0.13278 -0.73457 135 155 144
1.14296 0.12654 -0.73015 135 155 144
1.15236 0.11787 -0.72071 135 155 144
1.15842 0.11026 -0.70294 135 155 144
1.16579 0.10246 -0.68514 135 155 144
1.06071 0.20869 -0.74159 244 217 170
0.97634 0.29244 -0.74490 244 217 170
1.11748 0.17418 -0.68409 135 155 144
1.12383 0.16727 -0.70399 135 155 144
1.13282 0.16242 -0.72121 135 155 144
1.13941 0.15449 -0.73078 135 155 144
1.14990 0.14623 -0.73429 135 155 144
1.15554 0.13903 -0.72971 135 155 144
1.16312 0.13248 -0.72017 135 155 144
1.17182 0.12706 -0.70288 135 155 144
1.18100 0.11820 -0.68573 135 155 144
1.06823 0.21679 -0.74195 244 217 170
0.97988 0.29502 -0.74539 244 217 170
1.12512 0.18637 -0.68556 135 155 144
1.13459 0.18088 -0.70348 135 155 144
1.14419 0.17384 -0.72089 135 155 144
1.15024 0.16650 -0.73138 135 155 144
1.16017 0.16230 -0.73475 135 155 144
1.16740 0.15326 -0.73117 135 155 144
1.17625 0.14734 -0.72144 135 155 144
1.18646 0.14298 -0.70482 135 155 144
1.19314 0.13658 -0.68395 135 155 144
1.07660 0.22496 -0.74289 244 217 170
0.98195 0.29849 -0.74460 244 217 170
1.13683 0.19821 -0.68619 135 155 144
1.14462 0.19496 -0.70440 135 155 144
1.15426 0.18878 -0.71979 135 155 144
1.16272 0.18034 -0.73132 135 155 144
1.17166 0.17521 -0.73431 135 155 144
1.17895 0.17137 -0.72998 135 155 144
1.18706 0.16432 -0.72101 135 155 144
1.19753 0.15881 -0.70380 135 155 144
1.20617 0.15217 -0.68425 135 155 144
1.08277 0.23482 -0.74156 244 217 170
0.98379 0.30170 -0.74456 244 217 170
1.14339 0.21303 -0.68505 135 155 144
1.15267 0.20604 -0.70357 135 155 144
1.16310 0.20197 -0.71943 135 155 144
1.17213 0.19726 -0.73215 135 155 144
1.17902 0.19215 -0.73596 135 155 144
1.19034 0.18579 -0.72988 135 155 144
1.19944 0.18052 -0.71970 135 155 144
1.20930 0.17506 -0.70493 135 155 144
1.21719 0.16989 -0.68475 135 155 144
1.08756 0.24534 -0.74201 244 217 170
0.98566 0.30448 -0.74598 244 217 170
1.15134 0.22673 -0.68430 135 155 144
1.16155 0.22156 -0.70374 135 155 144
1.17044 0.21682 -0.72026 135 155 144
1.18003 0.21180 -0.72989 135 155 144
1.18911 0.20764 -0.73488 135 155 144
1.19931 0.20165 -0.72988 135 155 144
1.20818 0.19781 -0.71957 135 155 144
1.21833 0.19436 -0.70419 135 155 144
1.22735 0.18832 -0.68635 135 155 144
1.09316 0.25512 -0.74158 244 217 170
0.98706 0.30696 -0.74474 244 217 170
1.15693 0.24131 -0.68451 135 155 144
1.16571 0.23517 -0.70402 135 155 144
1.17729 0.23143 -0.71892 135 155 144
1.18689 0.22810 -0.73177 135 155 144
1.19623 0.22420 -0.73593 135 155 144
1.20667 0.21843 -0.73177 135 155 144
1.21530 0.21673 -0.72144 135 155 144
1.22719 0.21235 -0.70411 135 155 144
1.23702 0.20865 -0.68530 135 155 144
1.09850 0.26483 -0.74168 244 217 170
0.98714 0.30950 -0.74437 244 217 170
1.16230 0.25489 -0.68619 135 155 144
1.17199 0.24986 -0.70406 135 155 144
1.18225 0.24816 -0.71981 135 155 144
1.19347 0.24294 -0.73260 135 155 144
1.20376 0.24047 -0.73482 135 155 144
1.21336 0.23870 -0.73187 135 155 144
1.22149 0.23423 -0.71939 135 155 144
1.23207 0.22957 -0.70358 135 155 144
1.24324 0.22703 -0.68592 135 155 144
1.10214 0.27443 -0.74156 244 217 170
0.98869 0.31240 -0.74540 244 217 170
1.16692 0.26995 -0.68545 135 155 144
1.17698 0.26678 -0.70495 135 155 144
1.18672 0.26385 -0.72038 135 155 144
1.19636 0.26182 -0.73167 135 155 144
1.20898 0.25924 -0.73536 135 155 144
1.21832 0.25652 -0.73073 135 155 144
1.22820 0.25331 -0.72093 135 155 144
1.23761 0.24933 -0.70513 135 155 144
1.24875 0.24853 -0.68551 135 155 144
1.10589 0.28582 -0.74111 244 217 170
0.99017 0.31587 -0.74444 244 217 170
1.17184 0.28468 -0.68384 135 155 144
1.18195 0.28143 -0.70356 135 155 144
1.19276 0.27972 -0.72031 135 155 144
1.20104 0.27800 -0.73102 135 155 144
1.21255 0.27598 -0.73618 135 155 144
1.22321 0.27442 -0.72991 135 155 144
1.23422 0.27271 -0.72166 135 155 144
1.24300 0.26931 -0.70324 135 155 144
1.25397 0.26903 -0.68524 135 155 144
1.10775 0.29584 -0.74131 244 217 170
0.99105 0.31895 -0.74461 244 217 170
1.17309 0.30022 -0.68379 135 155 144
1.18427 0.29825 -0.70358 135 155 144
1.19518 0.29599 -0.72110 135 155 144
1.20380 0.29495 -0.73023 135 155 144
1.21641 0.29298 -0.73467 135 155 144
1.22564 0.29256 -0.73235 135 155 144
1.23533 0.29173 -0.71903 135 155 144
1.24785 0.29073 -0.70278 135 155 144
1.25870 0.28727 -0.68535 135 155 144
1.10864 0.30814 -0.74265 244 217 170
0.99147 0.32303 -0.74401 244 217 170
1.17593 0.31377 -0.68580 135 155 144
1.18427 0.31324 -0.70534 135 155 144
1.19694 0.31460 -0.72091 135 155 144
1.20610 0.31295 -0.73155 135 155 144
1.21657 0.31255 -0.73405 135 155 144
1.22862 0.31253 -0.73245 135 155 144
1.23737 0.30970 -0.72042 135 155 144
1.24757 0.30900 -0.70298 135 155 144
1.25813 0.30966 -0.68631 135 155 144
1.11009 0.31943 -0.74218 244 217 170
0.99237 0.32595 -0.74507 244 217 170
0.99045 0.32975 -0.74534 244 217 170
0.99669 0.33095 -0.74495 244 217 170
1.00412 0.32955 -0.74487 244 217 170
1.01027 0.32949 -0.74588 244 217 170
1.01675 0.33063 -0.74576 244 217 170
1.02409 0.33044 -0.74448 244 217 170
1.03060 0.32922 -0.74523 244 217 170
1.03607 0.32970 -0.74594 244 217 170
1.04361 0.33084 -0.74577 244 217 170
1.04939 0.32920 -0.74409 244 217 170
1.05580 0.32960 -0.74536 244 217 170
1.06327 0.32958 -0.74423 244 217 170
1.06972 0.32917 -0.74443 244 217 170
1.07628 0.32925 -0.74526 244 217 170
1.08359 0.33012 -0.74597 244 217 170
1.08947 0.32978 -0.74507 244 217 170
1.09694 0.33057 -0.74459 244 217 170
1.10303 0.32994 -0.74485 244 217 170
1.11043 0.32985 -0.74563 244 217 170
0.96493 0.37248 -0.74527 244 217 170
0.96755 0.37839 -0.74535 244 217 170
0.97176 0.38475 -0.74499 244 217 170
0.97428 0.39133 -0.74430 244 217 170
0.97920 0.39682 -0.74573 244 217 170
0.98077 0.40156 -0.74577 244 217 170
0.98452 0.40890 -0.74527 244 217 170
0.98808 0.41361 -0.74440 244 217 170
0.99109 0.41887 -0.74540 244 217 170
0.99430 0.42517 -0.74409 244 217 170
0.99810 0.43129 -0.74547 244 217 170
1.00160 0.43618 -0.74507 244 217 170
1.00595 0.44342 -0.74552 244 217 170
1.00739 0.44802 -0.74426 244 217 170
1.01077 0.45463 -0.74446 244 217 170
1.01549 0.46043 -0.74595 244 217 170
1.01852 0.46600 -0.74440 244 217 170
1.02193 0.47230 -0.74580 244 217 170
1.02527 0.47752 -0.74566 244 217 170
0.91473 0.37319 -0.74424 244 217 170
0.91081 0.37903 -0.74444 244 217 170
0.90819 0.38476 -0.74516 244 217 170
0.90419 0.39127 -0.74474 244 217 170
0.90192 0.39648 -0.74520 244 217 170
0.89784 0.40273 -0.74556 244 217 170
0.89477 0.40739 -0.74431 244 217 170
0.89186 0.41326 -0.74579 244 217 170
0.88765 0.41927 -0.74598 244 217 170
0.88480 0.42507 -0.74505 244 217 170
0.88228 0.43033 -0.74483 244 217 170
0.87828 0.43750 -0.74578 244 217 170
0.87571 0.44345 -0.74487 244 217 170
0.87070 0.44883 -0.74575 244 217 170
0.86916 0.45490 -0.74527 244 217 170
0.86498 0.46029 -0.74547 244 217 170
0.86203 0.46637 -0.74584 244 217 170
0.85742 0.47237 -0.74459 244 217 170
0.85466 0.47715 -0.74599 244 217 170
0.88981 0.33049 -0.74468 244 217 170
0.88281 0.32947 -0.74458 244 217 170
0.87631 0.32959 -0.74559 244 217 170
0.86957 0.33007 -0.74527 244 217 170
0.86411 0.32951 -0.74586 244 217 170
0.85606 0.33078 -0.74581 244 217 170
0.84983 0.32969 -0.74511 244 217 170
0.84376 0.32927 -0.74489 244 217 170
0.83704 0.32987 -0.74415 244 217 170
0.82999 0.32920 -0.74400 244 217 170
0.82370 0.33000 -0.74559 244 217 170
0.81585 0.32911 -0.74498 244 217 170
0.80933 0.32922 -0.74573 244 217 170
0.80306 0.32908 -0.74550 244 217 170
0.79711 0.32975 -0.74558 244 217 170
0.78932 0.33049 -0.74438 244 217 170
0.78257 0.32997 -0.74459 244 217 170
0.77605 0.33041 -0.74596 244 217 170
0.76919 0.32970 -0.74421 244 217 170
0.91478 0.28728 -0.74425 244 217 170
0.91251 0.28177 -0.74565 244 217 170
0.90764 0.27501 -0.74524 244 217 170
0.90475 0.26870 -0.74401 244 217 170
0.90128 0.26449 -0.74511 244 217 170
0.89925 0.25848 -0.74426 244 217 170
0.89538 0.25295 -0.74558 244 217 170
0.89166 0.24631 -0.74407 244 217 170
0.88858 0.24097 -0.74526 244 217 170
0.88485 0.23485 -0.74408 244 217 170
0.88223 0.22800 -0.74522 244 217 170
0.87821 0.22383 -0.74562 244 217 170
0.87430 0.21762 -0.74457 244 217 170
0.87137 0.21150 -0.74535 244 217 170
0.86745 0.20613 -0.74537 244 217 170
0.86440 0.20103 -0.74599 244 217 170
0.86181 0.19467 -0.74562 244 217 170
0.85743 0.18906 -0.74550 244 217 170
0.85535 0.18329 -0.74458 244 217 170
0.96416 0.28598 -0.74490 244 217 170
0.96931 0.27995 -0.74427 244 217 170
0.97220 0.27611 -0.74415 244 217 170
0.97409 0.26970 -0.74441 244 217 170
0.97797 0.26407 -0.74517 244 217 170
0.98125 0.25775 -0.74552 244 217 170
0.98544 0.25273 -0.74452 244 217 170
0.98808 0.24687 -0.74458 244 217 170
0.99263 0.24009 -0.74578 244 217 170
0.99472 0.23390 -0.74485 244 217 170
0.99820 0.22916 -0.74515 244 217 170
1.00264 0.22263 -0.74541 244 217 170
1.00444 0.21750 -0.74531 244 217 170
1.00742 0.21088 -0.74484 244 217 170
1.01135 0.20563 -0.74405 244 217 170
1.01498 0.20039 -0.74569 244 217 170
1.01893 0.19428 -0.74576 244 217 170
1.02262 0.18860 -0.74522 244 217 170
1.02556 0.18276 -0.74519 244 217 170
1.17575 0.33138 0.68366 135 155 144
1.18699 0.33004 0.70455 135 155 144
1.19541 0.32872 0.72143 135 155 144
1.20605 0.33120 0.73061 135 155 144
1.21795 0.32968 0.73537 135 155 144
1.22837 0.33051 0.72972 135 155 144
1.23926 0.32857 0.71937 135 155 144
1.25052 0.33050 0.70330 135 155 144
1.26057 0.32907 0.68458 135 155 144
1.11139 0.33074 0.74256 244 217 170
0.99164 0.32966 0.74552 244 217 170
1.17467 0.34553 0.68599 135 155 144
1.18482 0.34719 0.70553 135 155 144
1.19490 0.34601 0.71972 135 155 144
1.20577 0.34728 0.73130 135 155 144
1.21804 0.34845 0.73633 135 155 144
1.22770 0.34755 0.73264 135 155 144
1.23712 0.34981 0.72127 135 155 144
1.24976 0.35070 0.70392 135 155 144
1.26022 0.35189 0.68446 135 155 144
1.11005 0.34191 0.74247 244 217 170
0.99275 0.33386 0.74502 244 217 170
1.17389 0.35920 0.68429 135 155 144
1.18332 0.36338 0.70347 135 155 144
1.19400 0.36427 0.72068 135 155 144
1.20343 0.36373 0.73050 135 155 144
1.21445 0.36705 0.73623 135 155 144
1.22466 0.36667 0.73015 135 155 144
1.23561 0.36825 0.72070 135 155 144
1.24690 0.37016 0.70326 135 155 144
1.25846 0.37174 0.68583 135 155 144
1.10883 0.35168 0.74203 244 217 170
0.99222 0.33723 0.74457 244 217 170
1.17104 0.37462 0.68397 135 155 144
1.18226 0.37809 0.70442 135 155 144
1.18989 0.38099 0.71964 135 155 144
1.20240 0.38133 0.73229 135 155 144
1.21117 0.38306 0.73596 135 155 144
1.22194 0.38590 0.73133 135 155 144
1.23157 0.38786 0.72026 135 155 144
1.24263 0.39103 0.70517 135 155 144
1.25511 0.39364 0.68602 135 155 144
1.10688 0.36275 0.74231 244 217 170
0.99069 0.33979 0.74416 244 217 170
1.16594 0.39108 0.68579 135 155 144
1.17693 0.39466 0.70452 135 155 144
1.18727 0.39530 0.72048 135 155 144
1.19889 0.39981 0.73093 135 155 144
1.20794 0.40088 0.73459 135 155 144
1.21730 0.40468 0.72973 135 155 144
1.22896 0.40701 0.72025 135 155 144
1.23781 0.40946 0.70400 135 155 144
1.25040 0.41326 0.68361 135 155 144
1.10596 0.37416 0.74242 244 217 170
0.99023 0.34309 0.74535 244 217 170
1.16337 0.40560 0.68353 135 155 144
1.17230 0.40835 0.70437 135 155 144
1.18268 0.41134 0.72068 135 155 144
1.19200 0.41604 0.72991 135 155 144
1.20416 0.41814 0.73531 135 155 144
1.21426 0.42325 0.73056 135 155 144
1.22380 0.42547 0.72143 135 155 144
1.23268 0.43005 0.70328 135 155 144
1.24312 0.43275 0.68428 135 155 144
1.10286 0.38442 0.74167 244 217 170
0.98871 0.34739 0.74554 244 217 170
1.15653 0.41862 0.68529 135 155 144
1.16598 0.42466 0.70276 135 155 144
1.17730 0.42693 0.72025 135 155 144
1.18551 0.43095 0.73130 135 155 144
1.19680 0.43663 0.73426 135 155 144
1.20485 0.44070 0.73099 135 155 144
1.21461 0.44368 0.71892 135 155 144
1.22503 0.44761 0.70491 135 155 144
1.23612 0.45161 0.68559 135 155 144
1.09819 0.39642 0.74205 244 217 170
0.98886 0.34985 0.74453 244 217 170
1.15021 0.43369 0.68589 135 155 144
1.15951 0.43755 0.70301 135 155 144
1.17082 0.44221 0.71888 135 155 144
1.17908 0.44695 0.72972 135 155 144
1.18879 0.45212 0.73623 135 155 144
1.19914 0.45804 0.73267 135 155 144
1.20880 0.46289 0.72182 135 155 144
1.21860 0.46771 0.70438 135 155 144
1.22683 0.47138 0.68421 135 155 144
1.09383 0.40471 0.74270 244 217 170
0.98640 0.35322 0.74521 244 217 170
1.14422 0.44893 0.68375 135 155 144
1.15240 0.45402 0.70432 135 155 144
1.16174 0.45849 0.72040 135 155 144
1.17124 0.46287 0.73113 135 155 144
1.17924 0.46946 0.73638 135 155 144
1.19075 0.47469 0.73245 135 155 144
1.19750 0.47865 0.72054 135 155 144
1.20839 0.48371 0.70545 135 155 144
1.21697 0.49065 0.68619 135 155 144
1.08788 0.41570 0.74298 244 217 170
0.98408 0.35646 0.74424 244 217 170
1.13491 0.45958 0.68379 135 155 144
1.14422 0.46729 0.70267 135 155 144
1.15376 0.47297 0.71982 135 155 144
1.16230 0.47955 0.73260 135 155 144
1.17075 0.48544 0.73568 135 155 144
1.18016 0.48913 0.73085 135 155 144
1.18763 0.49531 0.71992 135 155 144
1.19606 0.50217 0.70553 135 155 144
1.20686 0.50846 0.68630 135 155 144
1.08307 0.42476 0.74273 244 217 170
0.98227 0.35910 0.74454 244 217 170
1.12791 0.47339 0.68580 135 155 144
1.13368 0.48011 0.70461 135 155 144
1.14272 0.48537 0.71952 135 155 144
1.15173 0.49348 0.73161 135 155 144
1.16035 0.49991 0.73619 135 155 144
1.16989 0.50666 0.73269 135 155 144
1.17733 0.51099 0.72063 135 155 144
1.18519 0.51977 0.70528 135 155 144
1.19245 0.52476 0.68376 135 155 144
1.07543 0.43457 0.74163 244 217 170
0.98164 0.36113 0.74449 244 217 170
1.11816 0.48615 0.68521 135 155 144
1.12462 0.49108 0.70545 135 155 144
1.13403 0.50039 0.71938 135 155 144
1.14116 0.50535 0.73167 135 155 144
1.14872 0.51275 0.73497 135 155 144
1.15746 0.52002 0.73249 135 155 144
1.16455 0.52668 0.71917 135 155 144
1.17352 0.53456 0.70534 135 155 144
1.17975 0.54093 0.68521 135 155 144
1.06776 0.44362 0.74238 244 217 170
0.97881 0.36340 0.74429 244 217 170
1.10570 0.49540 0.68456 135 155 144
1.11327 0.50307 0.70440 135 155 144
1.12094 0.51169 0.72070 135 155 144
1.12770 0.51971 0.73035 135 155 144
1.13494 0.52766 0.73556 135 155 144
1.14466 0.53429 0.73179 135 155 144
1.15193 0.54210 0.72121 135 155 144
1.15881 0.55014 0.70362 135 155 144
1.16705 0.55596 0.68418 135 155 144
1.06146 0.45065 0.74256 244 217 170
0.97604 0.36588 0.74440 244 217 170
1.09430 0.50715 0.68513 135 155 144
1.10144 0.51398 0.70434 135 155 144
1.11027 0.52233 0.72058 135 155 144
1.11657 0.52999 0.73066 135 155 144
1.12178 0.53953 0.73597 135 155 144
1.13127 0.54525 0.73129 135 155 144
1.13813 0.55475 0.72092 135 155 144
1.14292 0.56165 0.70543 135 155 144
1.15009 0.57105 0.68536 135 155 144
1.05327 0.45910 0.74187 244 217 170
0.97488 0.36997 0.74466 244 217 170
1.08252 0.51769 0.68440 135 155 144
1.08961 0.52546 0.70365 135 155 144
1.09662 0.53360 0.72084 135 155 144
1.10259 0.54182 0.73247 135 155 144
1.10912 0.54890 0.73552 135 155 144
1.11457 0.55848 0.73140 135 155 144
1.12289 0.56819 0.72048 135 155 144
1.12684 0.57640 0.70420 135 155 144
1.13562 0.58336 0.68370 135 155 144
1.04383 0.46563 0.74129 244 217 170
0.97200 0.37185 0.74515 244 217 170
1.07130 0.52546 0.68351 135 155 144
1.07610 0.53430 0.70371 135 155 144
1.08103 0.54237 0.71893 135 155 144
1.08755 0.55182 0.73247 135 155 144
1.09277 0.56032 0.73383 135 155 144
1.09880 0.56949 0.73190 135 155 144
1.10686 0.57799 0.72181 135 155 144
1.11071 0.58830 0.70340 135 155 144
1.11654 0.59726 0.68437 135 155 144
1.03478 0.47159 0.74182 244 217 170
0.96831 0.37318 0.74419 244 217 170
1.05865 0.53484 0.68608 135 155 144
1.06341 0.54247 0.70370 135 155 144
1.06671 0.55290 0.72081 135 155 144
1.07207 0.56146 0.72983 135 155 144
1.08006 0.57092 0.73387 135 155 144
1.08308 0.58073 0.73251 135 155 144
1.08822 0.59002 0.71939 135 155 144
1.09464 0.59760 0.70344 135 155 144
1.10048 0.60711 0.68435 135 155 144
1.02558 0.47718 0.74256 244 217 170
0.96526 0.37518 0.74560 244 217 170
1.04488 0.54007 0.68611 135 155 144
1.04903 0.54914 0.70414 135 155 144
1.05212 0.55934 0.72132 135 155 144
1.05885 0.57028 0.73091 135 155 144
1.06231 0.58024 0.73463 135 155 144
1.06768 0.58786 0.73045 135 155 144
1.07148 0.59709 0.71915 135 155 144
1.07693 0.60833 0.70342 135 155 144
1.08224 0.61794 0.68440 135 155 144
1.01499 0.48429 0.74105 244 217 170
0.96367 0.37615 0.74495 244 217 170
1.02895 0.54688 0.68537 135 155 144
1.03387 0.55655 0.70417 135 155 144
1.03840 0.56744 0.71990 135 155 144
1.04148 0.57648 0.73016 135 155 144
1.04756 0.58672 0.73544 135 155 144
1.05113 0.59728 0.73097 135 155 144
1.05285 0.60556 0.71916 135 155 144
1.05907 0.61621 0.70274 135 155 144
1.06306 0.62425 0.68537 135 155 144
1.00640 0.48866 0.74297 244 217 170
0.96017 0.37789 0.74431 244 217 170
1.01689 0.55296 0.68607 135 155 144
1.01943 0.56252 0.70422 135 155 144
1.02312 0.57372 0.72036 135 155 144
1.02708 0.58368 0.73069 135 155 144
1.03029 0.59142 0.73402 135 155 144
1.03174 0.60365 0.73232 135 155 144
1.03495 0.61203 0.71960 135 155 144
1.03904 0.62328 0.70461 135 155 144
1.04195 0.63305 0.68387 135 155 144
0.99466 0.49143 0.74278 244 217 170
0.95697 0.37972 0.74582 244 217 170
0.99953 0.55715 0.68637 135 155 144
1.00380 0.56701 0.70273 135 155 144
1.00779 0.57842 0.72179 135 155 144
1.00936 0.58837 0.73220 135 155 144
1.01128 0.59716 0.73564 135 155 144
1.01566 0.60835 0.73212 135 155 144
1.01618 0.61841 0.72048 135 155 144
1.01885 0.62931 0.70287 135 155 144
1.02373 0.63916 0.68439 135 155 144
0.98493 0.49543 0.74134 244 217 170
0.95385 0.38028 0.74416 244 217 170
0.98706 0.56061 0.68439 135 155 144
0.98861 0.56958 0.70401 135 155 144
0.98898 0.58111 0.72082 135 155 144
0.99183 0.59146 0.73147 135 155 144
0.99544 0.60257 0.73476 135 155 144
0.99684 0.61325 0.73022 135 155 144
0.99890 0.62228 0.72032 135 155 144
0.99971 0.63426 0.70363 135 155 144
1.00373 0.64453 0.68395 135 155 144
0.97335 0.49691 0.74254 244 217 170
0.94939 0.38008 0.74443 244 217 170
0.97204 0.56297 0.68603 135 155 144
0.97199 0.57283 0.70347 135 155 144
0.97341 0.58352 0.71998 135 155 144
0.97568 0.59381 0.73023 135 155 144
0.97757 0.60660 0.73446 135 155 144
0.97707 0.61607 0.73210 135 155 144
0.97780 0.62630 0.72092 135 155 144
0.97891 0.63783 0.70503 135 155 144
0.98218 0.64657 0.68431 135 155 144
0.96137 0.49937 0.74273 244 217 170
0.94760 0.38231 0.74412 244 217 170
0.95574 0.56474 0.68547 135 155 144
0.95474 0.57483 0.70414 135 155 144
0.95799 0.58652 0.72035 135 155 144
0.95772 0.59498 0.73230 135 155 144
0.95901 0.60786 0.73473 135 155 144
0.95894 0.61808 0.73097 135 155 144
0.95898 0.62926 0.71941 135 155 144
0.96097 0.63871 0.70332 135 155 144
0.96000 0.64786 0.68499 135 155 144
0.95038 0.50013 0.74229 244 217 170
0.94275 0.38172 0.74449 244 217 170
0.93988 0.56352 0.68350 135 155 144
0.94009 0.57677 0.70467 135 155 144
0.94083 0.58564 0.72155 135 155 144
0.94125 0.59568 0.73267 135 155 144
0.94065 0.60616 0.73388 135 155 144
0.93937 0.61878 0.73081 135 155 144
0.94032 0.62997 0.71965 135 155 144
0.94048 0.63886 0.70492 135 155 144
0.94037 0.65021 0.68429 135 155 144
0.94075 0.50166 0.74262 244 217 170
0.94008 0.38176 0.74547 244 217 170
0.92529 0.56549 0.68563 135 155 144
0.92370 0.57463 0.70479 135 155 144
0.92175 0.58714 0.72184 135 155 144
0.92137 0.59522 0.72986 135 155 144
0.92166 0.60671 0.73477 135 155 144
0.92070 0.61889 0.73193 135 155 144
0.92034 0.62931 0.72036 135 155 144
0.92109 0.63783 0.70532 135 155 144
0.91855 0.65034 0.68463 135 155 144
0.92837 0.50024 0.74118 244 217 170
0.93585 0.38267 0.74409 244 217 170
0.90800 0.56222 0.68452 135 155 144
0.90799 0.57357 0.70314 135 155 144
0.90561 0.58441 0.72156 135 155 144
0.90472 0.59449 0.73241 135 155 144
0.90228 0.60411 0.73552 135 155 144
0.90244 0.61595 0.73145 135 155 144
0.90084 0.62519 0.72160 135 155 144
0.89995 0.63536 0.70300 135 155 144
0.89905 0.64656 0.68499 135 155 144
0.91728 0.50032 0.74194 244 217 170
0.93402 0.38134 0.74595 244 217 170
0.89413 0.56122 0.68514 135 155 144
0.89230 0.57235 0.70306 135 155 144
0.89053 0.58264 0.72010 135 155 144
0.88881 0.59231 0.73230 135 155 144
0.88735 0.60129 0.73550 135 155 144
0.88340 0.61157 0.73091 135 155 144
0.88025 0.62183 0.71962 135 155 144
0.87947 0.63408 0.70397 135 155 144
0.87647 0.64381 0.68431 135 155 144
0.90618 0.49852 0.74218 244 217 170
0.92931 0.38158 0.74475 244 217 170
0.88011 0.55637 0.68375 135 155 144
0.87750 0.56581 0.70536 135 155 144
0.87430 0.57602 0.72148 135 155 144
0.86985 0.58815 0.73223 135 155 144
0.86917 0.59899 0.73486 135 155 144
0.86476 0.60872 0.73022 135 155 144
0.86247 0.61971 0.72176 135 155 144
0.85869 0.62980 0.70366 135 155 144
0.85735 0.63847 0.68524 135 155 144
0.89519 0.49551 0.74260 244 217 170
0.92619 0.37954 0.74419 244 217 170
0.86560 0.55255 0.68620 135 155 144
0.85996 0.56374 0.70338 135 155 144
0.85643 0.57132 0.72052 135 155 144
0.85280 0.58344 0.73059 135 155 144
0.84954 0.59176 0.73494 135 155 144
0.84768 0.60150 0.73179 135 155 144
0.84259 0.61318 0.72173 135 155 144
0.84016 0.62291 0.70279 135 155 144
0.83731 0.63185 0.68452 135 155 144
0.88486 0.49146 0.74227 244 217 170
0.92311 0.37860 0.74565 244 217 170
0.85041 0.54685 0.68396 135 155 144
0.84568 0.55564 0.70327 135 155 144
0.84325 0.56588 0.72050 135 155 144
0.83813 0.57555 0.73148 135 155 144
0.83391 0.58641 0.73646 135 155 144
0.82845 0.59699 0.73060 135 155 144
0.82599 0.60648 0.71999 135 155 144
0.82032 0.61651 0.70408 135 155 144
0.81686 0.62436 0.68366 135 155 144
0.87356 0.48822 0.74124 244 217 170
0.92103 0.37867 0.74487 244 217 170
0.83731 0.54035 0.68488 135 155 144
0.82993 0.55066 0.70513 135 155 144
0.82617 0.55974 0.71906 135 155 144
0.82202 0.56871 0.73175 135 155 144
0.81711 0.57850 0.73355 135 155 144
0.81268 0.58801 0.73250 135 155 144
0.80672 0.59764 0.72158 135 155 144
0.80281 0.60765 0.70355 135 155 144
0.79790 0.61693 0.68582 135 155 144
0.86426 0.48287 0.74225 244 217 170
0.91745 0.37679 0.74599 244 217 170
0.82323 0.53230 0.68530 135 155 144
0.81818 0.54254 0.70522 135 155 144
0.81141 0.55212 0.72057 135 155 144
0.80694 0.56021 0.73071 135 155 144
0.80019 0.57165 0.73403 135 155 144
0.79651 0.58040 0.73020 135 155 144
0.79147 0.58746 0.72179 135 155 144
0.78525 0.59783 0.70405 135 155 144
0.78027 0.60844 0.68491 135 155 144
0.85528 0.47828 0.74168 244 217 170
0.91491 0.37561 0.74402 244 217 170
0.80945 0.52591 0.68395 135 155 144
0.80328 0.53412 0.70437 135 155 144
0.79636 0.54240 0.72076 135 155 144
0.79118 0.55097 0.73118 135 155 144
0.78489 0.56003 0.73601 135 155 144
0.77852 0.57036 0.73083 135 155 144
0.77285 0.57848 0.72059 135 155 144
0.76934 0.58619 0.70267 135 155 144
0.76158 0.59477 0.68356 135 155 144
0.84492 0.47282 0.74299 244 217 170
0.91014 0.37276 0.74487 244 217 170
0.79716 0.51582 0.68414 135 155 144
0.78952 0.52486 0.70362 135 155 144
0.78444 0.53420 0.72055 135 155 144
0.77665 0.54212 0.73110 135 155 144
0.77240 0.55162 0.73502 135 155 144
0.76456 0.55973 0.73113 135 155 144
0.75854 0.56572 0.71975 135 155 144
0.75022 0.57433 0.70281 135 155 144
0.74444 0.58504 0.68363 135 155 144
0.83492 0.46627 0.74103 244 217 170
0.90841 0.37175 0.74577 244 217 170
0.78532 0.50731 0.68527 135 155 144
0.77940 0.51324 0.70264 135 155 144
0.76963 0.52282 0.72145 135 155 144
0.76341 0.53169 0.73025 135 155 144
0.75555 0.53719 0.73400 135 155 144
0.74900 0.54652 0.73031 135 155 144
0.74406 0.55493 0.72106 135 155 144
0.73536 0.56400 0.70335 135 155 144
0.72990 0.57103 0.68396 135 155 144
0.82806 0.45867 0.74107 244 217 170
0.90612 0.36843 0.74452 244 217 170
0.77450 0.49628 0.68532 135 155 144
0.76700 0.50365 0.70416 135 155 144
0.75781 0.51174 0.72084 135 155 144
0.75264 0.51962 0.72981 135 155 144
0.74493 0.52668 0.73350 135 155 144
0.73751 0.53255 0.73251 135 155 144
0.72963 0.54168 0.72068 135 155 144
0.72150 0.54761 0.70388 135 155 144
0.71256 0.55612 0.68419 135 155 144
0.81853 0.45035 0.74274 244 217 170
0.90249 0.36688 0.74514 244 217 170
0.76206 0.48486 0.68385 135 155 144
0.75587 0.49058 0.70404 135 155 144
0.74594 0.49807 0.71953 135 155 144
0.73956 0.50543 0.73159 135 155 144
0.73136 0.51390 0.73558 135 155 144
0.72321 0.51859 0.73222 135 155 144
0.71462 0.52756 0.71890 135 155 144
0.70838 0.53448 0.70475 135 155 144
0.70079 0.54106 0.68576 135 155 144
0.81103 0.44293 0.74160 244 217 170
0.90125 0.36372 0.74548 244 217 170
0.75230 0.47379 0.68457 135 155 144
0.74487 0.47909 0.70270 135 155 144
0.73661 0.48466 0.72132 135 155 144
0.72885 0.49366 0.73154 135 155 144
0.72105 0.49835 0.73618 135 155 144
0.71199 0.50515 0.73041 135 155 144
0.70327 0.51084 0.72166 135 155 144
0.69375 0.51758 0.70440 135 155 144
0.68464 0.52452 0.68592 135 155 144
0.80517 0.43356 0.74262 244 217 170
0.89900 0.36218 0.74509 244 217 170
0.74329 0.46202 0.68408 135 155 144
0.73668 0.46708 0.70405 135 155 144
0.72604 0.47340 0.71984 135 155 144
0.71832 0.47736 0.72987 135 155 144
0.70900 0.48548 0.73408 135 155 144
0.70131 0.48952 0.73037 135 155 144
0.69204 0.49450 0.72151 135 155 144
0.68424 0.50072 0.70519 135 155 144
0.67506 0.50925 0.68367 135 155 144
0.79826 0.42441 0.74240 244 217 170
0.89714 0.35871 0.74436 244 217 170
0.73604 0.44884 0.68356 135 155 144
0.72777 0.45168 0.70332 135 155 144
0.71838 0.45718 0.72039 135 155 144
0.70953 0.46492 0.73106 135 155 144
0.69876 0.47002 0.73489 135 155 144
0.68935 0.47402 0.73040 135 155 144
0.68131 0.47919 0.71951 135 155 144
0.67069 0.48412 0.70344 135 155 144
0.66161 0.49035 0.68431 135 155 144
0.79216 0.41560 0.74214 244 217 170
0.89443 0.35624 0.74530 244 217 170
0.72819 0.43530 0.68356 135 155 144
0.71934 0.43740 0.70391 135 155 144
0.71078 0.44276 0.72013 135 155 144
0.70112 0.44810 0.73111 135 155 144
0.69048 0.45138 0.73456 135 155 144
0.68270 0.45765 0.73212 135 155 144
0.67222 0.46230 0.71950 135 155 144
0.66124 0.46623 0.70309 135 155 144
0.65253 0.47241 0.68446 135 155 144
0.78590 0.40611 0.74209 244 217 170
0.89403 0.35242 0.74583 244 217 170
0.72194 0.41919 0.68397 135 155 144
0.71169 0.42277 0.70382 135 155 144
0.70405 0.42811 0.72071 135 155 144
0.69424 0.43284 0.73037 135 155 144
0.68220 0.43523 0.73502 135 155 144
0.67372 0.43943 0.73051 135 155 144
0.66374 0.44420 0.72136 135 155 144
0.65430 0.44861 0.70423 135 155 144
0.64470 0.45180 0.68544 135 155 144
0.78284 0.39560 0.74200 244 217 170
0.89223 0.35029 0.74419 244 217 170
0.71621 0.40604 0.68554 135 155 144
0.70729 0.40942 0.70442 135 155 144
0.69871 0.41229 0.72159 135 155 144
0.68734 0.41562 0.73252 135 155 144
0.67587 0.41791 0.73523 135 155 144
0.66833 0.42205 0.73103 135 155 144
0.65851 0.42454 0.72145 135 155 144
0.64602 0.42816 0.70411 135 155 144
0.63620 0.43305 0.68527 135 155 144
0.77735 0.38553 0.74129 244 217 170
0.89150 0.34766 0.74463 244 217 170
0.71440 0.39148 0.68527 135 155 144
0.70194 0.39321 0.70492 135 155 144
0.69194 0.39566 0.72068 135 155 144
0.68124 0.40024 0.73177 135 155 144
0.67261 0.40186 0.73458 135 155 144
0.66131 0.40600 0.73224 135 155 144
0.65037 0.40711 0.71931 135 155 144
0.64089 0.40864 0.70433 135 155 144
0.63088 0.41222 0.68354 135 155 144
0.77396 0.37497 0.74130 244 217 170
0.88980 0.34355 0.74440 244 217 170
0.71042 0.37584 0.68398 135 155 144
0.69870 0.37936 0.70559 135 155 144
0.68839 0.37995 0.71936 135 155 144
0.67932 0.38203 0.73073 135 155 144
0.66724 0.38415 0.73547 135 155 144
0.65879 0.38587 0.73088 135 155 144
0.64565 0.38746 0.71910 135 155 144
0.63606 0.38908 0.70475 135 155 144
0.62735 0.39244 0.68448 135 155 144
0.77280 0.36380 0.74262 244 217 170
0.88903 0.33990 0.74403 244 217 170
0.70801 0.35934 0.68527 135 155 144
0.69579 0.36223 0.70400 135 155 144
0.68532 0.36365 0.71979 135 155 144
0.67588 0.36412 0.73010 135 155 144
0.66575 0.36665 0.73497 135 155 144
0.65498 0.36814 0.72997 135 155 144
0.64254 0.36885 0.72154 135 155 144
0.63348 0.36993 0.70429 135 155 144
0.62362 0.37212 0.68457 135 155 144
0.77034 0.35185 0.74225 244 217 170
0.88828 0.33775 0.74432 244 217 170
0.70623 0.34534 0.68361 135 155 144
0.69351 0.34755 0.70331 135 155 144
0.68317 0.34702 0.71924 135 155 144
0.67515 0.34758 0.73071 135 155 144
0.66324 0.34717 0.73518 135 155 144
0.65263 0.34807 0.73009 135 155 144
0.64280 0.34907 0.72057 135 155 144
0.63044 0.35033 0.70445 135 155 144
0.61926 0.35202 0.68536 135 155 144
0.76889 0.34031 0.74167 244 217 170
0.88728 0.33295 0.74561 244 217 170
0.70515 0.32913 0.68567 135 155 144
0.69586 0.32969 0.70384 135 155 144
0.68495 0.33077 0.72148 135 155 144
0.67356 0.33101 0.73082 135 155 144
0.66231 0.32865 0.73350 135 155 144
0.65184 0.32985 0.73194 135 155 144
0.64169 0.32889 0.72012 135 155 144
0.62933 0.33134 0.70308 135 155 144
0.61908 0.33061 0.68514 135 155 144
0.76891 0.32908 0.74287 244 217 170
0.88829 0.33091 0.74489 244 217 170
0.70694 0.31550 0.68571 135 155 144
0.69536 0.31393 0.70519 135 155 144
0.68531 0.31212 0.71965 135 155 144
0.67311 0.31114 0.73183 135 155 144
0.66308 0.31235 0.73578 135 155 144
0.65286 0.31115 0.73170 135 155 144
0.64310 0.30973 0.72025 135 155 144
0.63112 0.31055 0.70279 135 155 144
0.62215 0.31041 0.68620 135 155 144
0.76874 0.31811 0.74146 244 217 170
0.88897 0.32613 0.74583 244 217 170
0.70613 0.29883 0.68498 135 155 144
0.69548 0.29654 0.70494 135 155 144
0.68675 0.29644 0.72108 135 155 144
0.67447 0.29383 0.73171 135 155 144
0.66582 0.29359 0.73550 135 155 144
0.65424 0.29220 0.73151 135 155 144
0.64248 0.29184 0.71952 135 155 144
0.63242 0.28937 0.70355 135 155 144
0.62163 0.28834 0.68514 135 155 144
0.77092 0.30843 0.74251 244 217 170
0.88889 0.32236 0.74529 244 217 170
0.70940 0.28550 0.68518 135 155 144
0.69768 0.28283 0.70410 135 155 144
0.68791 0.27988 0.71889 135 155 144
0.67951 0.27899 0.73080 135 155 144
0.66684 0.27735 0.73596 135 155 144
0.65767 0.27300 0.73147 135 155 144
0.64568 0.27301 0.72096 135 155 144
0.63707 0.26988 0.70542 135 155 144
0.62655 0.26811 0.68465 135 155 144
0.77143 0.29600 0.74173 244 217 170
0.88928 0.32080 0.74531 244 217 170
0.71445 0.26979 0.68377 135 155 144
0.70344 0.26787 0.70432 135 155 144
0.69328 0.26318 0.72101 135 155 144
0.68304 0.26108 0.73245 135 155 144
0.67296 0.25730 0.73425 135 155 144
0.66257 0.25658 0.73146 135 155 144
0.65166 0.25149 0.71958 135 155 144
0.64233 0.24956 0.70370 135 155 144
0.63229 0.24791 0.68391 135 155 144
0.77533 0.28591 0.74162 244 217 170
0.88973 0.31598 0.74566 244 217 170
0.71775 0.25408 0.68646 135 155 144
0.70718 0.25056 0.70509 135 155 144
0.69779 0.24846 0.72111 135 155 144
0.68807 0.24560 0.73145 135 155 144
0.67747 0.23996 0.73407 135 155 144
0.66576 0.23776 0.72977 135 155 144
0.65684 0.23535 0.72015 135 155 144
0.64578 0.23190 0.70283 135 155 144
0.63796 0.22565 0.68559 135 155 144
0.77816 0.27542 0.74262 244 217 170
0.89170 0.31400 0.74505 244 217 170
0.72244 0.23999 0.68597 135 155 144
0.71187 0.23707 0.70384 135 155 144
0.70393 0.23175 0.72025 135 155 144
0.69397 0.22898 0.73218 135 155 144
0.68337 0.22362 0.73429 135 155 144
0.67470 0.22041 0.73265 135 155 144
0.66296 0.21576 0.72133 135 155 144
0.65277 0.21187 0.70428 135 155 144
0.64450 0.20846 0.68591 135 155 144
0.78115 0.26387 0.74170 244 217 170
0.89277 0.31090 0.74562 244 217 170
0.72992 0.22573 0.68615 135 155 144
0.72049 0.22184 0.70375 135 155 144
0.70950 0.21566 0.72147 135 155 144
0.69915 0.21295 0.73067 135 155 144
0.68970 0.20598 0.73477 135 155 144
0.68289 0.20339 0.73028 135 155 144
0.67285 0.19689 0.72021 135 155 144
0.66310 0.19331 0.70407 135 155 144
0.65271 0.18870 0.68465 135 155 144
0.78713 0.25499 0.74282 244 217 170
0.89421 0.30799 0.74479 244 217 170
0.73664 0.21241 0.68370 135 155 144
0.72740 0.20795 0.70449 135 155 144
0.71788 0.20043 0.72174 135 155 144
0.70913 0.19768 0.73000 135 155 144
0.69933 0.19249 0.73475 135 155 144
0.69084 0.18500 0.73110 135 155 144
0.68075 0.18069 0.71999 135 155 144
0.67274 0.17566 0.70429 135 155 144
0.66418 0.16981 0.68508 135 155 144
0.79280 0.24370 0.74185 244 217 170
0.89444 0.30338 0.74555 244 217 170
0.74449 0.20024 0.68539 135 155 144
0.73554 0.19418 0.70417 135 155 144
0.72795 0.18711 0.72056 135 155 144
0.71859 0.18031 0.73188 135 155 144
0.70902 0.17685 0.73421 135 155 144
0.70158 0.17138 0.73078 135 155 144
0.69274 0.16342 0.72150 135 155 144
0.68351 0.15708 0.70400 135 155 144
0.67338 0.15262 0.68419 135 155 144
0.79745 0.23410 0.74107 244 217 170
0.89670 0.30044 0.74465 244 217 170
0.75242 0.18651 0.68583 135 155 144
0.74652 0.18072 0.70316 135 155 144
0.73718 0.17506 0.72135 135 155 144
0.72875 0.16880 0.73189 135 155 144
0.71986 0.16006 0.73478 135 155 144
0.71138 0.15370 0.73238 135 155 144
0.70318 0.14839 0.71914 135 155 144
0.69408 0.14202 0.70428 135 155 144
0.68512 0.13529 0.68545 135 155 144
0.80521 0.22600 0.74272 244 217 170
0.89974 0.29818 0.74448 244 217 170
0.76398 0.17548 0.68452 135 155 144
0.75426 0.16670 0.70302 135 155 144
0.74633 0.16200 0.71993 135 155 144
0.73974 0.15472 0.72985 135 155 144
0.73020 0.14563 0.73395 135 155 144
0.72284 0.14075 0.73035 135 155 144
0.71390 0.13429 0.72036 135 155 144
0.70607 0.12729 0.70373 135 155 144
0.69809 0.12020 0.68542 135 155 144
0.81105 0.21707 0.74195 244 217 170
0.90156 0.29507 0.74406 244 217 170
0.77484 0.16482 0.68642 135 155 144
0.76700 0.15740 0.70285 135 155 144
0.75760 0.14893 0.72047 135 155 144
0.75080 0.13995 0.73253 135 155 144
0.74326 0.13417 0.73625 135 155 144
0.73677 0.12654 0.72991 135 155 144
0.72906 0.11964 0.71970 135 155 144
0.72186 0.11263 0.70544 135 155 144
0.71323 0.10333 0.68367 135 155 144
0.81977 0.20884 0.74147 244 217 170
0.90409 0.29229 0.74459 244 217 170
0.78372 0.15224 0.68538 135 155 144
0.77833 0.14390 0.70550 135 155 144
0.77249 0.13818 0.72041 135 155 144
0.76414 0.13057 0.73179 135 155 144
0.75609 0.12154 0.73545 135 155 144
0.74862 0.11228 0.72994 135 155 144
0.74232 0.10491 0.72026 135 155 144
0.73489 0.09603 0.70331 135 155 144
0.72953 0.09069 0.68500 135 155 144
0.82799 0.20242 0.74166 244 217 170
0.90531 0.29060 0.74448 244 217 170
0.79675 0.14433 0.68548 135 155 144
0.78973 0.13584 0.70335 135 155 144
0.78407 0.12644 0.72137 135 155 144
0.77724 0.11884 0.73103 135 155 144
0.77191 0.10935 0.73519 135 155 144
0.76467 0.10105 0.73262 135 155 144
0.75759 0.09157 0.71925 135 155 144
0.75085 0.08520 0.70507 135 155 144
0.74495 0.07731 0.68446 135 155 144
0.83680 0.19400 0.74138 244 217 170
0.90740 0.28813 0.74513 244 217 170
0.80997 0.13381 0.68540 135 155 144
0.80427 0.12661 0.70409 135 155 144
0.79675 0.11658 0.72143 135 155 144
0.79086 0.10780 0.73002 135 155 144
0.78471 0.09928 0.73371 135 155 144
0.77929 0.09060 0.73112 135 155 144
0.77491 0.08293 0.71996 135 155 144
0.76767 0.07222 0.70382 135 155 144
0.76368 0.06345 0.68416 135 155 144
0.84506 0.18790 0.74206 244 217 170
0.91015 0.28660 0.74458 244 217 170
0.82355 0.12601 0.68389 135 155 144
0.81731 0.11651 0.70276 135 155 144
0.81190 0.10923 0.71893 135 155 144
0.80575 0.09924 0.73246 135 155 144
0.80210 0.09033 0.73583 135 155 144
0.79483 0.08082 0.72986 135 155 144
0.78995 0.07057 0.71902 135 155 144
0.78502 0.06138 0.70467 135 155 144
0.78003 0.05212 0.68528 135 155 144
0.85476 0.18099 0.74276 244 217 170
0.91325 0.28414 0.74477 244 217 170
0.83469 0.11936 0.68427 135 155 144
0.83007 0.10987 0.70542 135 155 144
0.82591 0.10047 0.72060 135 155 144
0.82245 0.09000 0.73166 135 155 144
0.81686 0.08168 0.73545 135 155 144
0.81222 0.07270 0.73235 135 155 144
0.80824 0.06141 0.72129 135 155 144
0.80374 0.05299 0.70547 135 155 144
0.79944 0.04362 0.68633 135 155 144
0.86402 0.17652 0.74153 244 217 170
0.91652 0.28325 0.74558 244 217 170
0.85118 0.11372 0.68535 135 155 144
0.84730 0.10184 0.70551 135 155 144
0.84197 0.09317 0.72130 135 155 144
0.83709 0.08290 0.72988 135 155 144
0.83301 0.07365 0.73499 135 155 144
0.82943 0.06417 0.73170 135 155 144
0.82715 0.05433 0.72137 135 155 144
0.82098 0.04453 0.70302 135 155 144
0.81754 0.03581 0.68454 135 155 144
0.87472 0.17151 0.74192 244 217 170
0.92052 0.28105 0.74409 244 217 170
0.86336 0.10643 0.68592 135 155 144
0.86007 0.09662 0.70464 135 155 144
0.85687 0.08884 0.71939 135 155 144
0.85501 0.07613 0.73203 135 155 144
0.84971 0.06745 0.73492 135 155 144
0.84742 0.05676 0.73212 135 155 144
0.84446 0.04852 0.71890 135 155 144
0.84063 0.03703 0.70420 135 155 144
0.83663 0.02583 0.68376 135 155 144
0.88454 0.16756 0.74175 244 217 170
0.92422 0.28059 0.74439 244 217 170
0.87925 0.10449 0.68568 135 155 144
0.87694 0.09259 0.70274 135 155 144
0.87271 0.08342 0.72177 135 155 144
0.87206 0.07313 0.73105 135 155 144
0.86720 0.06290 0.73633 135 155 144
0.86594 0.05189 0.73203 135 155 144
0.86266 0.04277 0.71958 135 155 144
0.86053 0.02980 0.70376 135 155 144
0.85655 0.02087 0.68434 135 155 144
0.89535 0.16532 0.74165 244 217 170
0.92555 0.28044 0.74445 244 217 170
0.89466 0.10011 0.68498 135 155 144
0.89194 0.08844 0.70311 135 155 144
0.88922 0.07890 0.72036 135 155 144
0.88681 0.06968 0.72982 135 155 144
0.88607 0.05723 0.73423 135 155 144
0.88272 0.04656 0.73092 135 155 144
0.88141 0.03557 0.71903 135 155 144
0.88017 0.02723 0.70518 135 155 144
0.87815 0.01677 0.68558 135 155 144
0.90707 0.16256 0.74227 244 217 170
0.93046 0.27923 0.74514 244 217 170
0.90938 0.09656 0.68395 135 155 144
0.90676 0.08661 0.70299 135 155 144
0.90556 0.07549 0.72163 135 155 144
0.90588 0.06569 0.73010 135 155 144
0.90523 0.05565 0.73474 135 155 144
0.90158 0.04488 0.73081 135 155 144
0.90180 0.03318 0.72147 135 155 144
0.89887 0.02250 0.70542 135 155 144
0.89712 0.01323 0.68639 135 155 144
0.91811 0.16103 0.74113 244 217 170
0.93301 0.27907 0.74579 244 217 170
0.92593 0.09455 0.68510 135 155 144
0.92479 0.08462 0.70338 135 155 144
0.92369 0.07562 0.72056 135 155 144
0.92357 0.06366 0.73229 135 155 144
0.92046 0.05396 0.73377 135 155 144
0.92098 0.04185 0.73074 135 155 144
0.91920 0.03139 0.72131 135 155 144
0.92051 0.02123 0.70288 135 155 144
0.92022 0.01111 0.68433 135 155 144
0.92965 0.15933 0.74273 244 217 170
0.93725 0.27906 0.74591 244 217 170
0.94004 0.09503 0.68504 135 155 144
0.94032 0.08303 0.70286 135 155 144
0.94114 0.07384 0.71906 135 155 144
0.94037 0.06320 0.73189 135 155 144
0.94130 0.05202 0.73468 135 155 144
0.93909 0.04227 0.73079 135 155 144
0.93893 0.03080 0.72004 135 155 144
0.94025 0.01952 0.70502 135 155 144
0.94045 0.01107 0.68376 135 155 144
0.94069 0.15994 0.74168 244 217 170
0.94057 0.27872 0.74446 244 217 170
0.95668 0.09515 0.68563 135 155 144
0.95590 0.08550 0.70357 135 155 144
0.95716 0.07371 0.72096 135 155 144
0.95623 0.06254 0.72979 135 155 144
0.95706 0.05245 0.73611 135 155 144
0.95833 0.04231 0.73161 135 155 144
0.95955 0.03136 0.72102 135 155 144
0.95967 0.01996 0.70481 135 155 144
0.96009 0.01014 0.68394 135 155 144
0.95109 0.15909 0.74166 244 217 170
0.94350 0.27909 0.74409 244 217 170
0.96976 0.09789 0.68490 135 155 144
0.97214 0.08662 0.70389 135 155 144
0.97436 0.07671 0.72023 135 155 144
0.97527 0.06518 0.73084 135 155 144
0.97591 0.05467 0.73547 135 155 144
0.97823 0.04527 0.73228 135 155 144
0.97978 0.03477 0.72002 135 155 144
0.97988 0.02443 0.70545 135 155 144
0.98216 0.01280 0.68446 135 155 144
0.96142 0.16135 0.74116 244 217 170
0.94662 0.27763 0.74501 244 217 170
0.98459 0.10036 0.68569 135 155 144
0.98847 0.09058 0.70495 135 155 144
0.98887 0.07747 0.71897 135 155 144
0.99280 0.06811 0.73065 135 155 144
0.99511 0.05858 0.73544 135 155 144
0.99542 0.04811 0.73147 135 155 144
0.99893 0.03578 0.72130 135 155 144
1.00052 0.02718 0.70516 135 155 144
1.00336 0.01709 0.68461 135 155 144
0.97328 0.16258 0.74285 244 217 170
0.94937 0.27974 0.74432 244 217 170
1.00016 0.10358 0.68434 135 155 144
1.00441 0.09299 0.70291 135 155 144
1.00626 0.08202 0.71912 135 155 144
1.00955 0.07351 0.73230 135 155 144
1.01203 0.06046 0.73372 135 155 144
1.01440 0.05177 0.72980 135 155 144
1.01761 0.04103 0.72032 135 155 144
1.02058 0.03249 0.70552 135 155 144
1.02337 0.02006 0.68407 135 155 144
0.98383 0.16444 0.74261 244 217 170
0.95320 0.28067 0.74572 244 217 170
1.01583 0.10697 0.68556 135 155 144
1.01963 0.09813 0.70501 135 155 144
1.02286 0.08642 0.72045 135 155 144
1.02573 0.07698 0.73210 135 155 144
1.02945 0.06861 0.73451 135 155 144
1.03308 0.05614 0.73020 135 155 144
1.03520 0.04704 0.72139 135 155 144
1.03919 0.03852 0.70457 135 155 144
1.04213 0.02808 0.68608 135 155 144
0.99425 0.16749 0.74101 244 217 170
0.95700 0.27986 0.74532 244 217 170
1.03132 0.11273 0.68534 135 155 144
1.03514 0.10178 0.70355 135 155 144
1.03720 0.09255 0.72176 135 155 144
1.04264 0.08478 0.73195 135 155 144
1.04632 0.07504 0.73441 135 155 144
1.05120 0.06363 0.72988 135 155 144
1.05498 0.05375 0.72059 135 155 144
1.05836 0.04567 0.70315 135 155 144
1.06183 0.03542 0.68500 135 155 144
1.00495 0.17225 0.74287 244 217 170
0.96015 0.28116 0.74485 244 217 170
1.04356 0.11940 0.68489 135 155 144
1.04727 0.11008 0.70340 135 155 144
1.05284 0.09870 0.72183 135 155 144
1.05678 0.08999 0.73171 135 155 144
1.06328 0.08037 0.73558 135 155 144
1.06606 0.07246 0.73068 135 155 144
1.07213 0.06306 0.71969 135 155 144
1.07640 0.05171 0.70528 135 155 144
1.08050 0.04400 0.68435 135 155 144
1.01566 0.17585 0.74283 244 217 170
0.96242 0.28287 0.74460 244 217 170
1.05755 0.12741 0.68401 135 155 144
1.06286 0.11597 0.70465 135 155 144
1.06680 0.10791 0.72090 135 155 144
1.07481 0.09895 0.73068 135 155 144
1.08024 0.08937 0.73541 135 155 144
1.08371 0.08100 0.73206 135 155 144
1.09026 0.07032 0.71926 135 155 144
1.09497 0.06136 0.70425 135 155 144
1.10123 0.05226 0.68392 135 155 144
1.02555 0.18170 0.74162 244 217 170
0.96580 0.28438 0.74457 244 217 170
1.07193 0.13532 0.68629 135 155 144
1.07560 0.12650 0.70374 135 155 144
1.08200 0.11554 0.72120 135 155 144
1.08944 0.10786 0.73160 135 155 144
1.09519 0.09848 0.73376 135 155 144
1.10061 0.09043 0.73041 135 155 144
1.10727 0.08194 0.72035 135 155 144
1.11118 0.07385 0.70403 135 155 144
1.11699 0.06390 0.68570 135 155 144
1.03534 0.18873 0.74217 244 217 170
0.96963 0.28697 0.74447 244 217 170
1.08436 0.14316 0.68485 135 155 144
1.09084 0.13413 0.70294 135 155 144
1.09666 0.12773 0.71940 135 155 144
1.10120 0.11726 0.73198 135 155 144
1.11027 0.11067 0.73522 135 155 144
1.11509 0.10117 0.73007 135 155 144
1.12328 0.09291 0.71904 135 155 144
1.12811 0.08456 0.70325 135 155 144
1.13359 0.07686 0.68459 135 155 144
1.04501 0.19436 0.74188 244 217 170
0.97134 0.28892 0.74432 244 217 170
1.09606 0.15260 0.68406 135 155 144
1.10268 0.14406 0.70392 135 155 144
1.10845 0.13729 0.71938 135 155 144
1.11628 0.12992 0.73049 135 155 144
1.12415 0.12280 0.73590 135 155 144
1.13011 0.11379 0.73069 135 155 144
1.13689 0.10660 0.72067 135 155 144
1.14308 0.09599 0.70347 135 155 144
1.15012 0.08972 0.68463 135 155 144
1.05358 0.20213 0.74249 244 217 170
0.97461 0.29122 0.74513 244 217 170
1.10732 0.16263 0.68591 135 155 144
1.11469 0.15506 0.70290 135 155 144
1.12082 0.14935 0.72169 135 155 144
1.12724 0.14226 0.73178 135 155 144
1.13540 0.13434 0.73353 135 155 144
1.14352 0.12480 0.73077 135 155 144
1.15164 0.11818 0.72063 135 155 144
1.15782 0.11154 0.70420 135 155 144
1.16735 0.10382 0.68608 135 155 144
1.06186 0.20878 0.74112 244 217 170
0.97686 0.29270 0.74570 244 217 170
1.11668 0.17444 0.68444 135 155 144
1.12494 0.16800 0.70446 135 155 144
1.13337 0.16004 0.72053 135 155 144
1.14176 0.15261 0.73210 135 155 144
1.14804 0.14664 0.73581 135 155 144
1.15599 0.13944 0.73159 135 155 144
1.16493 0.13304 0.72050 135 155 144
1.17355 0.12629 0.70319 135 155 144
1.18111 0.11921 0.68508 135 155 144
1.06880 0.21813 0.74214 244 217 170
0.97940 0.29523 0.74542 244 217 170
1.12615 0.18562 0.68480 135 155 144
1.13472 0.17922 0.70401 135 155 144
1.14345 0.17380 0.72116 135 155 144
1.15045 0.16646 0.73021 135 155 144
1.16070 0.16002 0.73360 135 155 144
1.16870 0.15552 0.73211 135 155 144
1.17771 0.14768 0.71901 135 155 144
1.18524 0.14226 0.70503 135 155 144
1.19447 0.13426 0.68409 135 155 144
1.07578 0.22614 0.74120 244 217 170
0.98146 0.29894 0.74560 244 217 170
1.13444 0.19914 0.68432 135 155 144
1.14370 0.19387 0.70516 135 155 144
1.15396 0.18847 0.72167 135 155 144
1.16157 0.18318 0.73067 135 155 144
1.17083 0.17669 0.73353 135 155 144
1.18068 0.16867 0.73236 135 155 144
1.18832 0.16345 0.72038 135 155 144
1.19840 0.15768 0.70439 135 155 144
1.20646 0.15274 0.68609 135 155 144
1.08224 0.23430 0.74274 244 217 170
0.98284 0.30119 0.74599 244 217 170
1.14211 0.21182 0.68409 135 155 144
1.15128 0.20696 0.70460 135 155 144
1.16227 0.20182 0.72137 135 155 144
1.17080 0.19690 0.73191 135 155 144
1.17977 0.19065 0.73575 135 155 144
1.18942 0.18529 0.73131 135 155 144
1.19914 0.18101 0.72071 135 155 144
1.20780 0.17419 0.70338 135 155 144
1.21863 0.17146 0.68488 135 155 144
1.08714 0.24505 0.74123 244 217 170
0.98435 0.30380 0.74468 244 217 170
1.15021 0.22698 0.68355 135 155 144
1.15926 0.22069 0.70298 135 155 144
1.16985 0.21565 0.72018 135 155 144
1.17931 0.21275 0.73056 135 155 144
1.18950 0.20648 0.73387 135 155 144
1.19837 0.20236 0.73068 135 155 144
1.20697 0.19928 0.72118 135 155 144
1.21648 0.19260 0.70290 135 155 144
1.22688 0.18902 0.68557 135 155 144
1.09237 0.25447 0.74128 244 217 170
0.98725 0.30712 0.74437 244 217 170
1.15658 0.23951 0.68405 135 155 144
1.16819 0.23729 0.70299 135 155 144
1.17665 0.23233 0.72147 135 155 144
1.18517 0.22874 0.73257 135 155 144
1.19706 0.22324 0.73537 135 155 144
1.20687 0.21893 0.73016 135 155 144
1.21662 0.21477 0.71993 135 155 144
1.22446 0.21223 0.70503 135 155 144
1.23648 0.20688 0.68404 135 155 144
1.09873 0.26414 0.74252 244 217 170
0.98835 0.31012 0.74489 244 217 170
1.16263 0.25400 0.68612 135 155 144
1.17180 0.25059 0.70492 135 155 144
1.18149 0.24709 0.72125 135 155 144
1.19213 0.24362 0.73215 135 155 144
1.20132 0.24088 0.73545 135 155 144
1.21366 0.23614 0.73013 135 155 144
1.22336 0.23290 0.72045 135 155 144
1.23268 0.22937 0.70307 135 155 144
1.24277 0.22799 0.68513 135 155 144
1.10166 0.27477 0.74107 244 217 170
0.98858 0.31306 0.74586 244 217 170
1.16843 0.26806 0.68507 135 155 144
1.17582 0.26583 0.70383 135 155 144
1.18743 0.26447 0.72002 135 155 144
1.19666 0.26159 0.73211 135 155 144
1.20861 0.25882 0.73421 135 155 144
1.21884 0.25679 0.73194 135 155 144
1.22711 0.25277 0.71923 135 155 144
1.23860 0.24885 0.70482 135 155 144
1.25049 0.24665 0.68605 135 155 144
1.10487 0.28549 0.74286 244 217 170
0.98965 0.31583 0.74416 244 217 170
1.17001 0.28374 0.68589 135 155 144
1.18239 0.28094 0.70439 135 155 144
1.19278 0.27884 0.72174 135 155 144
1.20083 0.27760 0.73063 135 155 144
1.21311 0.27504 0.73402 135 155 144
1.22258 0.27257 0.72975 135 155 144
1.23353 0.27270 0.71971 135 155 144
1.24327 0.26826 0.70475 135 155 144
1.25534 0.26666 0.68494 135 155 144
1.10732 0.29716 0.74121 244 217 170
0.99028 0.32003 0.74456 244 217 170
1.17158 0.29803 0.68619 135 155 144
1.18247 0.29919 0.70557 135 155 144
1.19488 0.29625 0.72034 135 155 144
1.20466 0.29420 0.73152 135 155 144
1.21567 0.29360 0.73500 135 155 144
1.22673 0.29337 0.73135 135 155 144
1.23769 0.29222 0.71942 135 155 144
1.24672 0.28963 0.70375 135 155 144
1.25772 0.28813 0.68546 135 155 144
1.10958 0.30832 0.74208 244 217 170
0.99226 0.32249 0.74492 244 217 170
1.17507 0.31330 0.68373 135 155 144
1.18485 0.31453 0.70528 135 155 144
1.19482 0.31180 0.71988 135 155 144
1.20724 0.31368 0.73014 135 155 144
1.21664 0.31165 0.73474 135 155 144
1.22646 0.31094 0.73046 135 155 144
1.23890 0.31061 0.72145 135 155 144
1.24907 0.30926 0.70329 135 155 144
1.25991 0.31029 0.68604 135 155 144
1.10977 0.31923 0.74277 244 217 170
0.99145 0.32641 0.74554 244 217 170
0.99052 0.32940 0.74531 244 217 170
0.99702 0.32920 0.74404 244 217 170
1.00336 0.33089 0.74543 244 217 170
1.01073 0.32981 0.74504 244 217 170
1.01710 0.32963 0.74532 244 217 170
1.02277 0.33032 0.74596 244 217 170
1.03085 0.32919 0.74523 244 217 170
1.03706 0.32929 0.74454 244 217 170
1.04250 0.33064 0.74435 244 217 170
1.05088 0.32912 0.74438 244 217 170
1.05679 0.32969 0.74565 244 217 170
1.06320 0.32916 0.74509 244 217 170
1.06994 0.33087 0.74537 244 217 170
1.07667 0.32985 0.74478 244 217 170
1.08248 0.32985 0.74533 244 217 170
1.09081 0.33025 0.74548 244 217 170
1.09605 0.32953 0.74479 244 217 170
1.10270 0.32982 0.74446 244 217 170
1.11076 0.32991 0.74519 244 217 170
0.96423 0.37298 0.74485 244 217 170
0.96901 0.37948 0.74529 244 217 170
0.97235 0.38422 0.74554 244 217 170
0.97468 0.39033 0.74512 244 217 170
0.97854 0.39571 0.74494 244 217 170
0.98183 0.40288 0.74537 244 217 170
0.98424 0.40782 0.74543 244 217 170
0.98887 0.41436 0.74537 244 217 170
0.99075 0.41989 0.74599 244 217 170
0.99471 0.42433 0.74554 244 217 170
0.99933 0.43099 0.74509 244 217 170
1.00113 0.43752 0.74443 244 217 170
1.00441 0.44287 0.74418 244 217 170
1.00893 0.44910 0.74503 244 217 170
1.01197 0.45383 0.74480 244 217 170
1.01435 0.46065 0.74570 244 217 170
1.01784 0.46494 0.74480 244 217 170
1.02077 0.47123 0.74526 244 217 170
1.02525 0.47639 0.74560 244 217 170
0.91573 0.37303 0.74466 244 217 170
0.91119 0.37864 0.74498 244 217 170
0.90802 0.38536 0.74580 244 217 170
0.90460 0.39147 0.74436 244 217 170
0.90191 0.39564 0.74474 244 217 170
0.89765 0.40264 0.74405 244 217 170
0.89480 0.40792 0.74509 244 217 170
0.89210 0.41413 0.74444 244 217 170
0.88914 0.41852 0.74574 244 217 170
0.88577 0.42477 0.74555 244 217 170
0.88196 0.43064 0.74566 244 217 170
0.87863 0.43625 0.74401 244 217 170
0.87432 0.44228 0.74498 244 217 170
0.87257 0.44822 0.74484 244 217 170
0.86785 0.45409 0.74408 244 217 170
0.86411 0.46027 0.74402 244 217 170
0.86170 0.46624 0.74496 244 217 170
0.85777 0.47125 0.74438 244 217 170
0.85596 0.47788 0.74545 244 217 170
0.89057 0.32952 0.74569 244 217 170
0.88292 0.33057 0.74573 244 217 170
0.87580 0.33030 0.74454 244 217 170
0.87059 0.32930 0.74457 244 217 170
0.86360 0.33030 0.74575 244 217 170
0.85624 0.33039 0.74584 244 217 170
0.85067 0.33081 0.74414 244 217 170
0.84313 0.32973 0.74571 244 217 170
0.83709 0.33043 0.74521 244 217 170
0.83084 0.32960 0.74596 244 217 170
0.82353 0.32904 0.74457 244 217 170
0.81656 0.32919 0.74503 244 217 170
0.80919 0.32945 0.74582 244 217 170
0.80265 0.32904 0.74504 244 217 170
0.79610 0.32901 0.74553 244 217 170
0.79037 0.33075 0.74557 244 217 170
0.78398 0.33018 0.74413 244 217 170
0.77622 0.33020 0.74522 244 217 170
0.77050 0.32911 0.74438 244 217 170
0.91565 0.28751 0.74495 244 217 170
0.91103 0.28136 0.74514 244 217 170
0.90811 0.27504 0.74521 244 217 170
0.90431 0.26971 0.74517 244 217 170
0.90122 0.26338 0.74562 244 217 170
0.89797 0.25866 0.74566 244 217 170
0.89573 0.25187 0.74447 244 217 170
0.89122 0.24695 0.74524 244 217 170
0.88869 0.24025 0.74575 244 217 170
0.88431 0.23536 0.74518 244 217 170
0.88161 0.22849 0.74585 244 217 170
0.87775 0.22271 0.74547 244 217 170
0.87445 0.21687 0.74478 244 217 170
0.87193 0.21151 0.74451 244 217 170
0.86813 0.20615 0.74499 244 217 170
0.86580 0.20049 0.74416 244 217 170
0.86233 0.19461 0.74559 244 217 170
0.85783 0.18802 0.74587 244 217 170
0.85413 0.18293 0.74423 244 217 170
0.96428 0.28624 0.74451 244 217 170
0.96753 0.28031 0.74522 244 217 170
0.97247 0.27473 0.74478 244 217 170
0.97547 0.26961 0.74524 244 217 170
0.97889 0.26447 0.74575 244 217 170
0.98086 0.25774 0.74431 244 217 170
0.98418 0.25198 0.74544 244 217 170
0.98925 0.24622 0.74422 244 217 170
0.99135 0.24142 0.74591 244 217 170
0.99591 0.23520 0.74515 244 217 170
0.99808 0.22938 0.74583 244 217 170
1.00230 0.22265 0.74574 244 217 170
1.00581 0.21734 0.74412 244 217 170
1.00783 0.21119 0.74427 244 217 170
1.01099 0.20567 0.74435 244 217 170
1.01597 0.19947 0.74520 244 217 170
1.01792 0.19346 0.74469 244 217 170
1.02116 0.18782 0.74577 244 217 170
1.02571 0.18318 0.74416 244 217 170
1.48021 0.71928 -0.30907 244 217 170
1.48018 0.72006 -0.33231 244 217 170
1.48085 0.72004 -0.36479 244 217 170
-1.48056 0.71914 -0.34490 232 93 71
1.48094 0.72597 -0.31031 244 217 170
1.48096 0.72486 -0.33197 244 217 170
1.48059 0.72312 -0.36597 244 217 170
-1.48069 0.72575 -0.34487 232 93 71
1.47904 0.73346 -0.31077 244 217 170
1.48072 0.72940 -0.33348 244 217 170
1.48017 0.72573 -0.36519 244 217 170
-1.47955 0.73016 -0.34637 232 93 71
1.48031 0.73795 -0.31255 244 217 170
1.47966 0.73353 -0.33353 244 217 170
1.48038 0.72706 -0.36486 244 217 170
-1.47997 0.73560 -0.34565 232 93 71
1.48074 0.74476 -0.31323 244 217 170
1.48083 0.74005 -0.33526 244 217 170
1.47990 0.73095 -0.36608 244 217 170
-1.48039 0.74077 -0.34629 232 93 71
1.48033 0.75061 -0.31561 244 217 170
1.48034 0.74275 -0.33661 244 217 170
1.47951 0.73225 -0.36763 244 217 170
-1.48090 0.74537 -0.34915 232 93 71
1.48062 0.75713 -0.31692 244 217 170
1.48012 0.74849 -0.33686 244 217 170
1.47986 0.73633 -0.36825 244 217 170
-1.48065 0.75179 -0.35066 232 93 71
1.47981 0.76338 -0.31933 244 217 170
1.47930 0.75343 -0.33970 244 217 170
1.48094 0.73771 -0.36846 244 217 170
-1.48064 0.75486 -0.35154 232 93 71
1.47951 0.76758 -0.32385 244 217 170
1.48029 0.75738 -0.34260 244 217 170
1.47912 0.73986 -0.36956 244 217 170
-1.47985 0.75980 -0.35386 232 93 71
1.47908 0.77391 -0.32565 244 217 170
1.47937 0.76030 -0.34451 244 217 170
1.47983 0.74202 -0.37219 244 217 170
-1.48084 0.76425 -0.35448 232 93 71
1.47966 0.77851 -0.33069 244 217 170
1.48001 0.76489 -0.34808 244 217 170
1.47989 0.74529 -0.37409 244 217 170
-1.48058 0.76847 -0.35686 232 93 71
1.47979 0.78248 -0.33376 244 217 170
1.48075 0.76932 -0.35005 244 217 170
1.47941 0.74570 -0.37542 244 217 170
-1.48080 0.77358 -0.35923 232 93 71
1.48062 0.78815 -0.33790 244 217 170
1.47977 0.77209 -0.35425 244 217 170
1.47940 0.74851 -0.37726 244 217 170
-1.47961 0.77801 -0.36323 232 93 71
1.48084 0.79234 -0.34318 244 217 170
1.47996 0.77502 -0.35677 244 217 170
1.48087 0.74958 -0.37965 244 217 170
-1.48056 0.78005 -0.36676 232 93 71
1.47910 0.79688 -0.34886 244 217 170
1.48079 0.77834 -0.36160 244 217 170
1.47975 0.75191 -0.38094 244 217 170
-1.47904 0.78448 -0.36937 232 93 71
1.48022 0.80011 -0.35294 244 217 170
1.48064 0.78193 -0.36468 244 217 170
1.47921 0.75323 -0.38244 244 217 170
-1.48005 0.78741 -0.37190 232 93 71
1.48085 0.80365 -0.35903 244 217 170
1.47987 0.78266 -0.36822 244 217 170
1.47981 0.75478 -0.38461 244 217 170
-1.47940 0.78918 -0.37459 232 93 71
1.48090 0.80615 -0.36467 244 217 170
1.48046 0.78590 -0.37349 244 217 170
1.47912 0.75524 -0.38846 244 217 170
-1.48021 0.79139 -0.37947 232 93 71
1.48053 0.80833 -0.36899 244 217 170
1.48028 0.78710 -0.37796 244 217 170
1.47908 0.75766 -0.39046 244 217 170
-1.48082 0.79408 -0.38322 232 93 71
1.48073 0.81095 -0.37573 244 217 170
1.48000 0.78953 -0.38275 244 217 170
1.48088 0.75768 -0.39270 244 217 170
-1.48009 0.79702 -0.38636 232 93 71
1.47960 0.81211 -0.38167 244 217 170
1.48062 0.79012 -0.38657 244 217 170
1.47957 0.75873 -0.39452 244 217 170
-1.48008 0.79712 -0.39079 232 93 71
1.48024 0.81349 -0.38838 244 217 170
1.47961 0.79148 -0.39193 244 217 170
1.48021 0.75845 -0.39751 244 217 170
-1.48003 0.79801 -0.39374 232 93 71
1.48019 0.81385 -0.39341 244 217 170
1.47970 0.79197 -0.39580 244 217 170
1.47968 0.76019 -0.39981 244 217 170
-1.47981 0.79966 -0.39810 232 93 71
1.48060 0.81560 -0.40084 244 217 170
1.48028 0.79193 -0.40059 244 217 170
1.48014 0.75964 -0.40383 244 217 170
-1.48070 0.80018 -0.40110 232 93 71
1.48096 0.81449 -0.40713 244 217 170
1.47943 0.79207 -0.40555 244 217 170
1.48006 0.76061 -0.40541 244 217 170
-1.47957 0.79978 -0.40538 232 93 71
1.47946 0.81441 -0.41247 244 217 170
1.48055 0.79190 -0.41051 244 217 170
1.48092 0.75990 -0.40822 244 217 170
-1.48034 0.79876 -0.41043 232 93 71
1.48099 0.81339 -0.41941 244 217 170
1.47967 0.79237 -0.41599 244 217 170
1.47950 0.75934 -0.41165 244 217 170
-1.48099 0.79972 -0.41441 232 93 71
1.48079 0.81264 -0.42490 244 217 170
1.47933 0.79061 -0.41977 244 217 170
1.47985 0.75888 -0.41404 244 217 170
-1.47976 0.79783 -0.41835 232 93 71
1.47966 0.81074 -0.43168 244 217 170
1.47913 0.79074 -0.42568 244 217 170
1.48081 0.75887 -0.41521 244 217 170
-1.48089 0.79724 -0.42067 232 93 71
1.48083 0.80901 -0.43712 244 217 170
1.48084 0.78891 -0.42894 244 217 170
1.47920 0.75750 -0.41855 244 217 170
-1.47958 0.79565 -0.42619 232 93 71
1.48050 0.80790 -0.44330 244 217 170
1.48022 0.78635 -0.43371 244 217 170
1.48066 0.75721 -0.42024 244 217 170
-1.48043 0.79296 -0.42941 232 93 71
1.47990 0.80462 -0.44864 244 217 170
1.47941 0.78462 -0.43916 244 217 170
1.48005 0.75642 -0.42407 244 217 170
-1.47925 0.79007 -0.43219 232 93 71
1.47908 0.80179 -0.45471 244 217 170
1.47995 0.78300 -0.44381 244 217 170
1.47951 0.75423 -0.42549 244 217 170
-1.48018 0.78778 -0.43584 232 93 71
1.48029 0.79732 -0.45861 244 217 170
1.48043 0.77992 -0.44630 244 217 170
1.48017 0.75235 -0.42708 244 217 170
-1.48026 0.78586 -0.43955 232 93 71
1.48092 0.79329 -0.46456 244 217 170
1.48079 0.77658 -0.45052 244 217 170
1.47943 0.75209 -0.42944 244 217 170
-1.47930 0.78222 -0.44321 232 93 71
1.48016 0.79008 -0.46897 244 217 170
1.47918 0.77470 -0.45508 244 217 170
1.47991 0.74849 -0.43135 244 217 170
-1.47922 0.77815 -0.44660 232 93 71
1.47928 0.78555 -0.47282 244 217 170
1.47954 0.77035 -0.45724 244 217 170
1.48000 0.74758 -0.43342 244 217 170
-1.48064 0.77581 -0.44897 232 93 71
1.47941 0.78136 -0.47751 244 217 170
1.47971 0.76595 -0.46116 244 217 170
1.48007 0.74481 -0.43506 244 217 170
-1.48099 0.77172 -0.45094 232 93 71
1.47912 0.77644 -0.48194 244 217 170
1.48022 0.76236 -0.46446 244 217 170
1.48022 0.74450 -0.43677 244 217 170
-1.47987 0.76647 -0.45288 232 93 71
1.47951 0.77151 -0.48510 244 217 170
1.47972 0.75914 -0.46732 244 217 170
1.47977 0.74052 -0.43795 244 217 170
-1.47984 0.76246 -0.45554 232 93 71
1.48094 0.76484 -0.48795 244 217 170
1.48094 0.75484 -0.46980 244 217 170
1.48030 0.73804 -0.43991 244 217 170
-1.48059 0.75787 -0.45715 232 93 71
1.47944 0.75907 -0.49072 244 217 170
1.47944 0.74957 -0.47159 244 217 170
1.48032 0.73640 -0.44042 244 217 170
-1.48050 0.75266 -0.45886 232 93 71
1.48065 0.75311 -0.49358 244 217 170
1.48077 0.74554 -0.47417 244 217 170
1.47961 0.73514 -0.44150 244 217 170
-1.47949 0.74879 -0.46054 232 93 71
1.47951 0.74725 -0.49666 244 217 170
1.48049 0.74179 -0.47530 244 217 170
1.47912 0.73114 -0.44268 244 217 170
-1.47936 0.74445 -0.46300 232 93 71
1.47944 0.74135 -0.49744 244 217 170
1.48061 0.73709 -0.47590 244 217 170
1.48054 0.72887 -0.44357 244 217 170
-1.47943 0.73852 -0.46252 232 93 71
1.47927 0.73619 -0.49960 244 217 170
1.48079 0.73289 -0.47731 244 217 170
1.47950 0.72579 -0.44386 244 217 170
-1.47957 0.73312 -0.46382 232 93 71
1.47968 0.72988 -0.49909 244 217 170
1.48009 0.72643 -0.47688 244 217 170
1.48035 0.72484 -0.44463 244 217 170
-1.48061 0.72824 -0.46537 232 93 71
1.47937 0.72343 -0.49975 244 217 170
1.47939 0.72196 -0.47804 244 217 170
1.48062 0.72208 -0.44512 244 217 170
-1.48014 0.72255 -0.46506 232 93 71
1.48078 0.71751 -0.50018 244 217 170
1.48041 0.71812 -0.47864 244 217 170
1.47906 0.71948 -0.44480 244 217 170
-1.47965 0.71833 -0.46432 232 93 71
1.47945 0.71020 -0.50001 244 217 170
1.47936 0.71341 -0.47769 244 217 170
1.47933 0.71679 -0.44483 244 217 170
-1.47910 0.71251 -0.46448 232 93 71
1.47906 0.70400 -0.49959 244 217 170
1.47924 0.70778 -0.47652 244 217 170
1.47933 0.71254 -0.44493 244 217 170
-1.48077 0.70782 -0.46367 232 93 71
1.47999 0.69785 -0.49702 244 217 170
1.48069 0.70236 -0.47627 244 217 170
1.48007 0.71017 -0.44362 244 217 170
-1.48060 0.70210 -0.46395 232 93 71
1.47963 0.69238 -0.49655 244 217 170
1.47959 0.69936 -0.47577 244 217 170
1.48032 0.70734 -0.44376 244 217 170
-1.48085 0.69571 -0.46291 232 93 71
1.48020 0.68618 -0.49437 244 217 170
1.47914 0.69400 -0.47380 244 217 170
1.48071 0.70626 -0.44157 244 217 170
-1.48007 0.69107 -0.46161 232 93 71
1.48027 0.68132 -0.49176 244 217 170
1.48068 0.68864 -0.47170 244 217 170
1.47958 0.70323 -0.44097 244 217 170
-1.48061 0.68634 -0.45887 232 93 71
1.47989 0.67385 -0.48765 244 217 170
1.47910 0.68499 -0.46840 244 217 170
1.48044 0.70129 -0.43930 244 217 170
-1.47930 0.68122 -0.45799 232 93 71
1.47932 0.66954 -0.48452 244 217 170
1.48083 0.68048 -0.46577 244 217 170
1.48094 0.69793 -0.43841 244 217 170
-1.47970 0.67683 -0.45580 232 93 71
1.47937 0.66470 -0.48165 244 217 170
1.48052 0.67677 -0.46441 244 217 170
1.47965 0.69605 -0.43711 244 217 170
-1.47958 0.67377 -0.45412 232 93 71
1.47949 0.66013 -0.47783 244 217 170
1.48031 0.67229 -0.46174 244 217 170
1.48033 0.69391 -0.43510 244 217 170
-1.47986 0.66834 -0.45154 232 93 71
1.47928 0.65418 -0.47339 244 217 170
1.47972 0.66902 -0.45853 244 217 170
1.47983 0.69228 -0.43410 244 217 170
-1.48086 0.66473 -0.44766 232 93 71
1.47982 0.65097 -0.46956 244 217 170
1.48022 0.66534 -0.45378 244 217 170
1.47971 0.69074 -0.43248 244 217 170
-1.47999 0.66154 -0.44561 232 93 71
1.48050 0.64568 -0.46533 244 217 170
1.48031 0.66297 -0.44995 244 217 170
1.47938 0.68901 -0.42926 244 217 170
-1.48080 0.65826 -0.44302 232 93 71
1.47951 0.64306 -0.45954 244 217 170
1.47938 0.66015 -0.44661 244 217 170
1.48092 0.68751 -0.42743 244 217 170
-1.47934 0.65395 -0.43935 232 93 71
1.48000 0.63893 -0.45445 244 217 170
1.48005 0.65679 -0.44243 244 217 170
1.47954 0.68496 -0.42668 244 217 170
-1.47999 0.65205 -0.43552 232 93 71
1.47979 0.63493 -0.44866 244 217 170
1.47922 0.65588 -0.43959 244 217 170
1.47957 0.68516 -0.42347 244 217 170
-1.48059 0.64928 -0.43204 232 93 71
1.48075 0.63233 -0.44338 244 217 170
1.47973 0.65295 -0.43448 244 217 170
1.48023 0.68289 -0.42057 244 217 170
-1.48100 0.64671 -0.42943 232 93 71
1.47981 0.63099 -0.43806 244 217 170
1.48060 0.65167 -0.42889 244 217 170
1.48089 0.68288 -0.41783 244 217 170
-1.48098 0.64487 -0.42503 232 93 71
1.47956 0.62939 -0.43151 244 217 170
1.48001 0.64962 -0.42545 244 217 170
1.47998 0.68200 -0.41646 244 217 170
-1.47952 0.64310 -0.42219 232 93 71
1.48051 0.62789 -0.42619 244 217 170
1.48074 0.64807 -0.42157 244 217 170
1.47961 0.68048 -0.41260 244 217 170
-1.47946 0.64097 -0.41785 232 93 71
1.48096 0.62702 -0.41813 244 217 170
1.48038 0.64803 -0.41565 244 217 170
1.47973 0.68031 -0.41030 244 217 170
-1.47953 0.64177 -0.41447 232 93 71
1.48050 0.62494 -0.41196 244 217 170
1.48006 0.64633 -0.41173 244 217 170
1.47989 0.68075 -0.40786 244 217 170
-1.47978 0.64023 -0.41034 232 93 71
1.47911 0.62599 -0.40754 244 217 170
1.47992 0.64784 -0.40648 244 217 170
1.48075 0.68098 -0.40556 244 217 170
-1.48036 0.64027 -0.40630 232 93 71
1.47993 0.62442 -0.39984 244 217 170
1.47907 0.64785 -0.40060 244 217 170
1.47909 0.67984 -0.40277 244 217 170
-1.47966 0.64097 -0.40277 232 93 71
1.47963 0.62522 -0.39419 244 217 170
1.48029 0.64652 -0.39656 244 217 170
1.48052 0.68075 -0.40039 244 217 170
-1.47986 0.64055 -0.39722 232 93 71
1.48037 0.62603 -0.38701 244 217 170
1.47925 0.64752 -0.39272 244 217 170
1.47976 0.67967 -0.39874 244 217 170
-1.47986 0.64061 -0.39396 232 93 71
1.47949 0.62824 -0.38177 244 217 170
1.48050 0.64872 -0.38784 244 217 170
1.48059 0.68029 -0.39473 244 217 170
-1.47951 0.64234 -0.39038 232 93 71
1.48067 0.62919 -0.37647 244 217 170
1.47992 0.65109 -0.38198 244 217 170
1.47942 0.68224 -0.39251 244 217 170
-1.47934 0.64303 -0.38743 232 93 71
1.48089 0.63149 -0.37036 244 217 170
1.47989 0.65165 -0.37773 244 217 170
1.48045 0.68255 -0.38942 244 217 170
-1.47954 0.64653 -0.38266 232 93 71
1.48085 0.63347 -0.36415 244 217 170
1.47909 0.65458 -0.37383 244 217 170
1.48049 0.68406 -0.38731 244 217 170
-1.48040 0.64796 -0.37947 232 93 71
1.47915 0.63674 -0.35751 244 217 170
1.48089 0.65645 -0.36921 244 217 170
1.47940 0.68517 -0.38533 244 217 170
-1.48007 0.65050 -0.37481 232 93 71
1.47998 0.64093 -0.35403 244 217 170
1.48038 0.65960 -0.36534 244 217 170
1.48015 0.68650 -0.38395 244 217 170
-1.47976 0.65232 -0.37130 232 93 71
1.48055 0.64346 -0.34744 244 217 170
1.48001 0.66158 -0.36098 244 217 170
1.48047 0.68885 -0.38050 244 217 170
-1.48022 0.65558 -0.36957 232 93 71
1.48004 0.64852 -0.34330 244 217 170
1.47988 0.66478 -0.35733 244 217 170
1.48022 0.69017 -0.37797 244 217 170
-1.47971 0.65964 -0.36519 232 93 71
1.48023 0.65317 -0.33806 244 217 170
1.48063 0.66817 -0.35353 244 217 170
1.48024 0.69172 -0.37725 244 217 170
-1.47923 0.66234 -0.36378 232 93 71
1.47979 0.65646 -0.33343 244 217 170
1.48099 0.67112 -0.35053 244 217 170
1.47901 0.69330 -0.37474 244 217 170
-1.47924 0.66740 -0.36059 232 93 71
1.48007 0.66185 -0.33018 244 217 170
1.47991 0.67542 -0.34733 244 217 170
1.48074 0.69569 -0.37331 244 217 170
-1.47963 0.67001 -0.35849 232 93 71
1.48067 0.66659 -0.32731 244 217 170
1.47934 0.67936 -0.34365 244 217 170
1.47924 0.69811 -0.37262 244 217 170
-1.47916 0.67445 -0.35621 232 93 71
1.48053 0.67232 -0.32257 244 217 170
1.47966 0.68398 -0.34290 244 217 170
1.47932 0.69887 -0.37091 244 217 170
-1.48028 0.67988 -0.35312 232 93 71
1.48066 0.67677 -0.32039 244 217 170
1.47965 0.68739 -0.33956 244 217 170
1.47987 0.70118 -0.37003 244 217 170
-1.47923 0.68431 -0.35221 232 93 71
1.48056 0.68258 -0.31714 244 217 170
1.47922 0.69129 -0.33695 244 217 170
1.48054 0.70394 -0.36796 244 217 170
-1.47960 0.68861 -0.34958 232 93 71
1.48016 0.68925 -0.31579 244 217 170
1.48060 0.69557 -0.33536 244 217 170
1.48001 0.70785 -0.36663 244 217 170
-1.47925 0.69465 -0.34825 232 93 71
1.47947 0.69422 -0.31399 244 217 170
1.48032 0.70101 -0.33452 244 217 170
1.48001 0.71048 -0.36714 244 217 170
-1.48060 0.69966 -0.34636 232 93 71
1.47984 0.70105 -0.31142 244 217 170
1.47970 0.70617 -0.33253 244 217 170
1.48078 0.71258 -0.36640 244 217 170
-1.48025 0.70459 -0.34569 232 93 71
1.48080 0.70678 -0.31061 244 217 170
1.47999 0.71036 -0.33307 244 217 170
1.48031 0.71541 -0.36504 244 217 170
-1.48006 0.70868 -0.34467 232 93 71
1.48056 0.71434 -0.31109 244 217 170
1.48019 0.71472 -0.33305 244 217 170
1.47915 0.71732 -0.36480 244 217 170
-1.47954 0.71411 -0.34564 232 93 71
1.48017 0.72016 0.49906 244 217 170
1.47939 0.71950 0.47737 244 217 170
1.48083 0.71932 0.44475 244 217 170
-1.47965 0.72082 0.46543 232 93 71
1.47921 0.72683 0.50033 244 217 170
1.47987 0.72538 0.47846 244 217 170
1.47991 0.72189 0.44413 244 217 170
-1.47992 0.72540 0.46486 232 93 71
1.47920 0.73295 0.49945 244 217 170
1.48071 0.72894 0.47808 244 217 170
1.47966 0.72486 0.44447 244 217 170
-1.47903 0.73017 0.46488 232 93 71
1.48060 0.73810 0.49780 244 217 170
1.48004 0.73432 0.47665 244 217 170
1.47942 0.72839 0.44465 244 217 170
-1.48071 0.73630 0.46474 232 93 71
1.47937 0.74487 0.49629 244 217 170
1.48002 0.73888 0.47554 244 217 170
1.47947 0.73113 0.44309 244 217 170
-1.47901 0.74114 0.46356 232 93 71
1.47932 0.75006 0.49502 244 217 170
1.48031 0.74312 0.47328 244 217 170
1.47961 0.73351 0.44215 244 217 170
-1.48096 0.74561 0.46077 232 93 71
1.47987 0.75707 0.49345 244 217 170
1.48021 0.74861 0.47326 244 217 170
1.47936 0.73605 0.44117 244 217 170
-1.48063 0.75178 0.46012 232 93 71
1.47963 0.76326 0.48925 244 217 170
1.47950 0.75212 0.47113 244 217 170
1.47975 0.73696 0.44010 244 217 170
-1.48051 0.75650 0.45943 232 93 71
1.47949 0.76859 0.48780 244 217 170
1.47979 0.75586 0.46774 244 217 170
1.48076 0.74072 0.43977 244 217 170
-1.48033 0.76122 0.45585 232 93 71
1.47936 0.77329 0.48422 244 217 170
1.48055 0.76181 0.46583 244 217 170
1.48038 0.74185 0.43884 244 217 170
-1.47917 0.76389 0.45480 232 93 71
1.48053 0.77869 0.48014 244 217 170
1.47979 0.76423 0.46224 244 217 170
1.47931 0.74381 0.43728 244 217 170
-1.47906 0.76901 0.45257 232 93 71
1.47971 0.78317 0.47499 244 217 170
1.47933 0.76822 0.45978 244 217 170
1.47920 0.74701 0.43453 244 217 170
-1.47981 0.77381 0.45043 232 93 71
1.48060 0.78724 0.47201 244 217 170
1.48067 0.77251 0.45674 244 217 170
1.48070 0.74794 0.43231 244 217 170
-1.47937 0.77652 0.44650 232 93 71
1.47919 0.79172 0.46682 244 217 170
1.47955 0.77627 0.45200 244 217 170
1.48089 0.74943 0.43197 244 217 170
-1.47947 0.78080 0.44317 232 93 71
1.48058 0.79509 0.46262 244 217 170
1.47912 0.77811 0.44977 244 217 170
1.48058 0.75206 0.42858 244 217 170
-1.48061 0.78430 0.44015 232 93 71
1.47950 0.79993 0.45606 244 217 170
1.47966 0.78118 0.44398 244 217 170
1.47903 0.75261 0.42751 244 217 170
-1.48054 0.78729 0.43713 232 93 71
1.48042 0.80247 0.45167 244 217 170
1.47903 0.78439 0.44028 244 217 170
1.48043 0.75580 0.42377 244 217 170
-1.47999 0.78948 0.43415 232 93 71
1.47934 0.80534 0.44699 244 217 170
1.47968 0.78580 0.43562 244 217 170
1.47995 0.75693 0.42189 244 217 170
-1.47984 0.79294 0.43148 232 93 71
1.47908 0.80735 0.44026 244 217 170
1.48029 0.78806 0.43153 244 217 170
1.47941 0.75787 0.42043 244 217 170
-1.47970 0.79513 0.42718 232 93 71
1.48035 0.81045 0.43474 244 217 170
1.48008 0.79004 0.42701 244 217 170
1.48062 0.75802 0.41715 244 217 170
-1.47976 0.79606 0.42433 232 93 71
1.48033 0.81182 0.42774 244 217 170
1.47968 0.79055 0.42298 244 217 170
1.48027 0.75845 0.41479 244 217 170
-1.48011 0.79761 0.41980 232 93 71
1.48096 0.81304 0.42212 244 217 170
1.48069 0.79222 0.41841 244 217 170
1.48052 0.75917 0.41146 244 217 170
-1.47938 0.79895 0.41666 232 93 71
1.48072 0.81446 0.41660 244 217 170
1.47978 0.79342 0.41409 244 217 170
1.47918 0.75952 0.40969 244 217 170
-1.48080 0.80003 0.41232 232 93 71
1.48025 0.81459 0.41051 244 217 170
1.47954 0.79244 0.40801 244 217 170
1.47952 0.75967 0.40606 244 217 170
-1.47960 0.79931 0.40813 232 93 71
1.47937 0.81473 0.40332 244 217 170
1.47981 0.79368 0.40430 244 217 170
1.47967 0.75928 0.40346 244 217 170
-1.47977 0.79953 0.40472 232 93 71
1.47988 0.81463 0.39671 244 217 170
1.47976 0.79199 0.39990 244 217 170
1.47974 0.75921 0.40205 244 217 170
-1.48027 0.79961 0.40096 232 93 71
1.47989 0.81335 0.39126 244 217 170
1.48050 0.79319 0.39479 244 217 170
1.48044 0.76048 0.39873 244 217 170
-1.48050 0.79871 0.39648 232 93 71
1.47988 0.81315 0.38384 244 217 170
1.48042 0.79065 0.38987 244 217 170
1.47943 0.75823 0.39734 244 217 170
-1.47929 0.79842 0.39185 232 93 71
1.48024 0.81064 0.37953 244 217 170
1.47901 0.79004 0.38444 244 217 170
1.47926 0.75885 0.39337 244 217 170
-1.47911 0.79701 0.38845 232 93 71
1.48059 0.80893 0.37222 244 217 170
1.47946 0.78817 0.37934 244 217 170
1.48088 0.75831 0.39146 244 217 170
-1.47978 0.79586 0.38381 232 93 71
1.48060 0.80695 0.36784 244 217 170
1.47975 0.78595 0.37567 244 217 170
1.48087 0.75744 0.38933 244 217 170
-1.47948 0.79404 0.38075 232 93 71
1.48052 0.80394 0.36018 244 217 170
1.48050 0.78555 0.37118 244 217 170
1.48023 0.75455 0.38649 244 217 170
-1.47916 0.79091 0.37802 232 93 71
1.47927 0.80098 0.35539 244 217 170
1.47930 0.78158 0.36627 244 217 170
1.48081 0.75500 0.38350 244 217 170
-1.48035 0.78900 0.37464 232 93 71
1.48022 0.79772 0.35101 244 217 170
1.47978 0.78047 0.36361 244 217 170
1.47939 0.75196 0.38188 244 217 170
-1.48029 0.78482 0.36977 232 93 71
1.48052 0.79419 0.34574 244 217 170
1.47925 0.77595 0.35936 244 217 170
1.47933 0.75034 0.38063 244 217 170
-1.48049 0.78202 0.36836 232 93 71
1.48015 0.78974 0.33976 244 217 170
1.48097 0.77464 0.35608 244 217 170
1.47991 0.74976 0.37738 244 217 170
-1.48062 0.77847 0.36425 232 93 71
1.48048 0.78515 0.33569 244 217 170
1.47909 0.76982 0.35119 244 217 170
1.47925 0.74673 0.37617 244 217 170
-1.47980 0.77559 0.36104 232 93 71
1.48057 0.78178 0.33217 244 217 170
1.48011 0.76721 0.34912 244 217 170
1.48086 0.74586 0.37385 244 217 170
-1.47927 0.77175 0.35848 232 93 71
1.48100 0.77593 0.32812 244 217 170
1.47910 0.76302 0.34504 244 217 170
1.47983 0.74428 0.37313 244 217 170
-1.48042 0.76784 0.35656 232 93 71
1.47939 0.77028 0.32551 244 217 170
1.48043 0.75806 0.34423 244 217 170
1.48067 0.74115 0.37020 244 217 170
-1.48019 0.76291 0.35516 232 93 71
1.47953 0.76446 0.32089 244 217 170
1.47920 0.75389 0.34109 244 217 170
1.48067 0.73829 0.36901 244 217 170
-1.47987 0.75799 0.35141 232 93 71
1.48009 0.75876 0.31945 244 217 170
1.47925 0.75127 0.33774 244 217 170
1.47904 0.73592 0.36820 244 217 170
-1.47927 0.75399 0.35055 232 93 71
1.47901 0.75293 0.31573 244 217 170
1.47983 0.74658 0.33629 244 217 170
1.47954 0.73360 0.36861 244 217 170
-1.48020 0.74772 0.34858 232 93 71
1.47953 0.74814 0.31496 244 217 170
1.48086 0.74044 0.33470 244 217 170
1.48082 0.73220 0.36741 244 217 170
-1.47947 0.74411 0.34835 232 93 71
1.47973 0.74210 0.31304 244 217 170
1.48085 0.73645 0.33425 244 217 170
1.48031 0.72905 0.36693 244 217 170
-1.47907 0.73848 0.34743 232 93 71
1.47988 0.73516 0.31114 244 217 170
1.47940 0.73206 0.33272 244 217 170
1.47984 0.72618 0.36601 244 217 170
-1.47994 0.73293 0.34554 232 93 71
1.47921 0.72974 0.31086 244 217 170
1.48038 0.72749 0.33309 244 217 170
1.48078 0.72375 0.36607 244 217 170
-1.48091 0.72892 0.34557 232 93 71
1.48048 0.72271 0.31014 244 217 170
1.47969 0.72290 0.33190 244 217 170
1.48085 0.72052 0.36571 244 217 170
-1.47916 0.72194 0.34430 232 93 71
1.48007 0.71697 0.30967 244 217 170
1.47968 0.71760 0.33131 244 217 170
1.48058 0.71953 0.36406 244 217 170
-1.48000 0.71826 0.34471 232 93 71
1.47971 0.71020 0.31001 244 217 170
1.48016 0.71339 0.33265 244 217 170
1.47933 0.71680 0.36461 244 217 170
-1.48003 0.71190 0.34588 232 93 71
1.47990 0.70463 0.31130 244 217 170
1.48007 0.70805 0.33371 244 217 170
1.47903 0.71327 0.36577 244 217 170
-1.47967 0.70762 0.34657 232 93 71
1.48086 0.69800 0.31158 244 217 170
1.47971 0.70296 0.33358 244 217 170
1.47941 0.71181 0.36604 244 217 170
-1.47905 0.70216 0.34641 232 93 71
1.47917 0.69165 0.31378 244 217 170
1.47973 0.69880 0.33520 244 217 170
1.47902 0.70732 0.36776 244 217 170
-1.47935 0.69744 0.34672 232 93 71
1.48001 0.68571 0.31531 244 217 170
1.48056 0.69343 0.33741 244 217 170
1.47973 0.70600 0.36751 244 217 170
-1.47939 0.69206 0.34888 232 93 71
1.47904 0.67942 0.31825 244 217 170
1.48065 0.68988 0.33875 244 217 170
1.48091 0.70379 0.36916 244 217 170
-1.47973 0.68681 0.35047 232 93 71
1.47990 0.67460 0.32222 244 217 170
1.47916 0.68441 0.34079 244 217 170
1.47930 0.70181 0.36952 244 217 170
-1.48004 0.68232 0.35292 232 93 71
1.47931 0.67019 0.32381 244 217 170
1.47944 0.68078 0.34318 244 217 170
1.48036 0.69903 0.37058 244 217 170
-1.47990 0.67687 0.35478 232 93 71
1.47984 0.66398 0.32871 244 217 170
1.47902 0.67660 0.34621 244 217 170
1.47941 0.69603 0.37247 244 217 170
-1.48094 0.67234 0.35673 232 93 71
1.48025 0.65941 0.33239 244 217 170
1.48026 0.67380 0.34911 244 217 170
1.48023 0.69391 0.37493 244 217 170
-1.48042 0.66819 0.35806 232 93 71
1.47952 0.65353 0.33548 244 217 170
1.47964 0.66925 0.35188 244 217 170
1.47946 0.69224 0.37552 244 217 170
-1.48010 0.66567 0.36094 232 93 71
1.48045 0.65009 0.33967 244 217 170
1.47966 0.66545 0.35480 244 217 170
1.48046 0.69025 0.37833 244 217 170
-1.48053 0.66210 0.36412 232 93 71
1.48093 0.64570 0.34637 244 217 170
1.47936 0.66345 0.35958 244 217 170
1.48090 0.68909 0.37946 244 217 170
-1.48072 0.65729 0.36648 232 93 71
1.48078 0.64321 0.34989 244 217 170
1.47947 0.65979 0.36404 244 217 170
1.47993 0.68718 0.38298 244 217 170
-1.47917 0.65410 0.37000 232 93 71
1.48026 0.63810 0.35527 244 217 170
1.48021 0.65759 0.36655 244 217 170
1.47902 0.68676 0.38362 244 217 170
-1.48031 0.65106 0.37449 232 93 71
1.48018 0.63608 0.36078 244 217 170
1.47966 0.65582 0.37200 244 217 170
1.48035 0.68550 0.38603 244 217 170
-1.48021 0.64922 0.37787 232 93 71
1.47969 0.63381 0.36698 244 217 170
1.48082 0.65263 0.37539 244 217 170
1.48089 0.68328 0.38870 244 217 170
-1.47984 0.64702 0.38013 232 93 71
1.47958 0.63069 0.37244 244 217 170
1.47923 0.65086 0.38114 244 217 170
1.48011 0.68207 0.39046 244 217 170
-1.47950 0.64539 0.38488 232 93 71
1.47934 0.62783 0.37809 244 217 170
1.47928 0.64958 0.38391 244 217 170
1.47923 0.68093 0.39368 244 217 170
-1.48083 0.64284 0.38853 232 93 71
1.47976 0.62812 0.38418 244 217 170
1.47909 0.64790 0.38910 244 217 170
1.48020 0.68018 0.39598 244 217 170
-1.48002 0.64283 0.39309 232 93 71
1.47914 0.62541 0.39186 244 217 170
1.48003 0.64878 0.39500 244 217 170
1.48024 0.68061 0.39869 244 217 170
-1.48051 0.64113 0.39663 232 93 71
1.47922 0.62488 0.39742 244 217 170
1.48091 0.64702 0.39851 244 217 170
1.48003 0.67992 0.40185 244 217 170
-1.47902 0.63940 0.39929 232 93 71
1.48065 0.62442 0.40310 244 217 170
1.48071 0.64735 0.40453 244 217 170
1.47952 0.68019 0.40387 244 217 170
-1.48093 0.64084 0.40304 232 93 71
1.48009 0.62529 0.41057 244 217 170
1.48002 0.64670 0.40894 244 217 170
1.47936 0.68055 0.40781 244 217 170
-1.47911 0.63998 0.40891 232 93 71
1.48099 0.62573 0.41503 244 217 170
1.47905 0.64651 0.41323 244 217 170
1.47994 0.68093 0.41026 244 217 170
-1.48006 0.64063 0.41197 232 93 71
1.47995 0.62587 0.42191 244 217 170
1.48028 0.64724 0.41874 244 217 170
1.48011 0.68091 0.41293 244 217 170
-1.47943 0.64186 0.41588 232 93 71
1.48071 0.62761 0.42822 244 217 170
1.47974 0.64898 0.42254 244 217 170
1.47948 0.68180 0.41470 244 217 170
-1.48096 0.64225 0.41907 232 93 71
1.47975 0.62973 0.43448 244 217 170
1.48093 0.65014 0.42693 244 217 170
1.48032 0.68173 0.41650 244 217 170
-1.48074 0.64411 0.42453 232 93 71
1.47961 0.63207 0.43937 244 217 170
1.47932 0.65235 0.43253 244 217 170
1.47915 0.68192 0.42064 244 217 170
-1.48088 0.64593 0.42728 232 93 71
1.47966 0.63488 0.44691 244 217 170
1.47952 0.65342 0.43708 244 217 170
1.47992 0.68407 0.42289 244 217 170
-1.48054 0.64692 0.43143 232 93 71
1.48069 0.63724 0.45229 244 217 170
1.47904 0.65645 0.44174 244 217 170
1.48083 0.68488 0.42509 244 217 170
-1.48037 0.64970 0.43480 232 93 71
1.48097 0.64067 0.45636 244 217 170
1.48071 0.65907 0.44516 244 217 170
1.48072 0.68566 0.42645 244 217 170
-1.48025 0.65305 0.43730 232 93 71
1.47999 0.64379 0.46270 244 217 170
1.47972 0.66076 0.44906 244 217 170
1.47918 0.68712 0.42945 244 217 170
-1.48046 0.65685 0.44085 232 93 71
1.47991 0.64815 0.46736 244 217 170
1.47922 0.66437 0.45347 244 217 170
1.48019 0.68927 0.43037 244 217 170
-1.48025 0.65912 0.44491 232 93 71
1.48046 0.65323 0.47116 244 217 170
1.48066 0.66771 0.45564 244 217 170
1.47947 0.69237 0.43241 244 217 170
-1.47971 0.66321 0.44766 232 93 71
1.47961 0.65644 0.47671 244 217 170
1.48064 0.67130 0.46048 244 217 170
1.47939 0.69312 0.43554 244 217 170
-1.47908 0.66706 0.44887 232 93 71
1.47982 0.66237 0.47993 244 217 170
1.48049 0.67616 0.46274 244 217 170
1.47951 0.69592 0.43682 244 217 170
-1.47940 0.67062 0.45225 232 93 71
1.47990 0.66709 0.48433 244 217 170
1.48037 0.67988 0.46470 244 217 170
1.48080 0.69722 0.43748 244 217 170
-1.48054 0.67542 0.45559 232 93 71
1.48049 0.67163 0.48783 244 217 170
1.48007 0.68267 0.46760 244 217 170
1.47945 0.69908 0.43854 244 217 170
-1.48061 0.68023 0.45638 232 93 71
1.47922 0.67850 0.49019 244 217 170
1.48042 0.68761 0.47059 244 217 170
1.48027 0.70178 0.44115 244 217 170
-1.48078 0.68483 0.45914 232 93 71
1.47942 0.68345 0.49315 244 217 170
1.47932 0.69097 0.47136 244 217 170
1.47975 0.70355 0.44138 244 217 170
-1.47938 0.68995 0.46037 232 93 71
1.48049 0.68825 0.49511 244 217 170
1.48036 0.69676 0.47441 244 217 170
1.48080 0.70754 0.44187 244 217 170
-1.47949 0.69329 0.46110 232 93 71
1.47995 0.69468 0.49650 244 217 170
1.48015 0.70127 0.47489 244 217 170
1.48098 0.70974 0.44390 244 217 170
-1.47981 0.69974 0.46304 232 93 71
1.48099 0.70154 0.49771 244 217 170
1.48015 0.70583 0.47611 244 217 170
1.48049 0.71220 0.44420 244 217 170
-1.48097 0.70361 0.46444 232 93 71
1.47976 0.70692 0.49971 244 217 170
1.47928 0.70967 0.47668 244 217 170
1.47970 0.71520 0.44434 244 217 170
-1.47918 0.70908 0.46350 232 93 71
1.48022 0.71349 0.49925 244 217 170
1.47901 0.71488 0.47721 244 217 170
1.48037 0.71675 0.44477 244 217 170
-1.47928 0.71475 0.46543 232 93 71
-1.52935 0.37094 -0.51931 244 217 170
1.52917 0.36954 -0.51927 244 217 170
1.49040 0.57098 -0.30113 244 217 170
-1.52912 0.37028 -0.50601 244 217 170
1.52978 0.36930 -0.50543 244 217 170
-1.52967 0.37010 -0.49146 244 217 170
1.53032 0.36924 -0.49197 244 217 170
-1.52937 0.36994 -0.47779 244 217 170
1.53049 0.37049 -0.47926 244 217 170
1.49085 0.56926 -0.27843 244 217 170
-1.53070 0.37072 -0.46371 244 217 170
1.52933 0.36935 -0.46367 244 217 170
-1.53075 0.36928 -0.45016 244 217 170
1.53052 0.37091 -0.45055 244 217 170
-1.52912 0.37046 -0.43603 244 217 170
1.52982 0.37070 -0.43759 244 217 170
1.48906 0.57053 -0.25277 244 217 170
-1.52917 0.37064 -0.42207 244 217 170
1.53025 0.37097 -0.42371 244 217 170
-1.52947 0.36918 -0.40841 244 217 170
1.53008 0.36923 -0.40978 244 217 170
-1.53011 0.36936 -0.39447 244 217 170
1.52919 0.37035 -0.39575 244 217 170
1.49020 0.57025 -0.22953 244 217 170
-1.53009 0.36974 -0.38096 244 217 170
1.52994 0.36926 -0.38141 244 217 170
-1.52937 0.36961 -0.36819 244 217 170
1.52918 0.36910 -0.36676 244 217 170
-1.53057 0.37012 -0.35403 244 217 170
1.52951 0.36973 -0.35448 244 217 170
1.49083 0.57099 -0.20496 244 217 170
-1.53056 0.37017 -0.33962 244 217 170
1.53029 0.36950 -0.34027 244 217 170
-1.52978 0.36948 -0.32497 244 217 170
1.52919 0.36954 -0.32523 244 217 170
-1.53086 0.37081 -0.31206 244 217 170
1.53006 0.37078 -0.31109 244 217 170
1.49013 0.57078 -0.18028 244 217 170
-1.53030 0.36968 -0.29912 244 217 170
1.52983 0.36910 -0.29892 244 217 170
-1.52904 0.37020 -0.28506 244 217 170
1.52982 0.36979 -0.28492 244 217 170
-1.53005 0.36903 -0.27055 244 217 170
1.53032 0.36974 -0.26955 244 217 170
1.49023 0.57026 -0.15612 244 217 170
-1.53099 0.36908 -0.25697 244 217 170
1.52989 0.36926 -0.25684 244 217 170
-1.53086 0.37011 -0.24244 244 217 170
1.53012 0.36963 -0.24240 244 217 170
-1.53016 0.37020 -0.22926 244 217 170
1.53006 0.37010 -0.22958 244 217 170
1.48959 0.57043 -0.13333 244 217 170
-1.53046 0.37021 -0.21583 244 217 170
1.53079 0.37042 -0.21430 244 217 170
-1.53042 0.37052 -0.20112 244 217 170
1.52951 0.37006 -0.20030 244 217 170
-1.53075 0.36937 -0.18771 244 217 170
1.52921 0.36961 -0.18684 244 217 170
1.48968 0.57091 -0.10886 244 217 170
-1.53040 0.36991 -0.17257 244 217 170
1.53081 0.36925 -0.17346 244 217 170
-1.52957 0.36917 -0.16021 244 217 170
1.53088 0.37057 -0.15882 244 217 170
-1.52965 0.37099 -0.14490 244 217 170
1.53100 0.36918 -0.14481 244 217 170
1.48959 0.56919 -0.08529 244 217 170
-1.53016 0.37011 -0.13189 244 217 170
1.52969 0.36908 -0.13224 244 217 170
-1.53002 0.36932 -0.11859 244 217 170
1.53000 0.36964 -0.11862 244 217 170
-1.53026 0.36920 -0.10337 244 217 170
1.52916 0.36949 -0.10397 244 217 170
1.48905 0.56932 -0.06032 244 217 170
-1.52979 0.36976 -0.09049 244 217 170
1.53036 0.36923 -0.08964 244 217 170
-1.52924 0.37004 -0.07720 244 217 170
1.52997 0.37013 -0.07532 244 217 170
-1.53038 0.36949 -0.06171 244 217 170
1.52978 0.36926 -0.06283 244 217 170
1.49044 0.57006 -0.03540 244 217 170
-1.52999 0.37097 -0.04876 244 217 170
1.53079 0.36914 -0.04877 244 217 170
-1.53033 0.36904 -0.03483 244 217 170
1.53014 0.36955 -0.03468 244 217 170
-1.52947 0.36943 -0.02004 244 217 170
1.53030 0.36907 -0.02096 244 217 170
1.49023 0.56907 -0.01122 244 217 170
-1.52944 0.37051 -0.00606 244 217 170
1.52927 0.37061 -0.00652 244 217 170
-1.52965 0.36957 0.00649 244 217 170
1.53073 0.36996 0.00712 244 217 170
-1.52953 0.37033 0.02034 244 217 170
1.53017 0.36949 0.02050 244 217 170
1.49083 0.57082 0.01306 244 217 170
-1.53027 0.37073 0.03511 244 217 170
1.53066 0.36933 0.03462 244 217 170
-1.52911 0.37036 0.04936 244 217 170
1.53015 0.36902 0.04758 244 217 170
-1.52914 0.37039 0.06329 244 217 170
1.53056 0.37046 0.06212 244 217 170
1.48997 0.56940 0.03696 244 217 170
-1.52937 0.37062 0.07664 244 217 170
1.53026 0.37053 0.07605 244 217 170
-1.53055 0.36905 0.08946 244 217 170
1.52949 0.37037 0.08945 244 217 170
-1.52947 0.37064 0.10410 244 217 170
1.52965 0.36912 0.10320 244 217 170
1.49029 0.57076 0.05942 244 217 170
-1.53048 0.36946 0.11768 244 217 170
1.53069 0.36919 0.11784 244 217 170
-1.53099 0.36936 0.13238 244 217 170
1.53018 0.36962 0.13152 244 217 170
-1.52993 0.36921 0.14610 244 217 170
1.52980 0.37007 0.14592 244 217 170
1.49085 0.56970 0.08358 244 217 170
-1.53053 0.37017 0.16016 244 217 170
1.53074 0.36960 0.15992 244 217 170
-1.52965 0.36947 0.17281 244 217 170
1.53021 0.36901 0.17336 244 217 170
-1.53056 0.36979 0.18674 244 217 170
1.52994 0.37023 0.18739 244 217 170
1.48910 0.57086 0.10951 244 217 170
-1.52983 0.37078 0.20143 244 217 170
1.53070 0.36910 0.20091 244 217 170
-1.53021 0.36968 0.21582 244 217 170
1.53026 0.36995 0.21501 244 217 170
-1.53093 0.37059 0.22979 244 217 170
1.53008 0.37050 0.22883 244 217 170
1.49058 0.56994 0.13293 244 217 170
-1.53073 0.36982 0.24327 244 217 170
1.52926 0.37054 0.24176 244 217 170
-1.52972 0.37084 0.25661 244 217 170
1.53094 0.36995 0.25738 244 217 170
-1.53079 0.37010 0.27082 244 217 170
1.52960 0.37093 0.26997 244 217 170
1.49006 0.57022 0.15668 244 217 170
-1.53049 0.37037 0.28369 244 217 170
1.52977 0.37040 0.28364 244 217 170
-1.53052 0.36902 0.29904 244 217 170
1.52907 0.37090 0.29715 244 217 170
-1.52958 0.36935 0.31241 244 217 170
1.52900 0.36971 0.31241 244 217 170
1.49051 0.57090 0.18062 244 217 170
-1.53066 0.37035 0.32647 244 217 170
1.53016 0.36948 0.32623 244 217 170
-1.53050 0.37008 0.34025 244 217 170
1.52985 0.37052 0.33942 244 217 170
-1.53066 0.37041 0.35380 244 217 170
1.53032 0.36991 0.35451 244 217 170
1.48937 0.57028 0.20423 244 217 170
-1.53090 0.36981 0.36731 244 217 170
1.53074 0.37059 0.36822 244 217 170
-1.53025 0.36950 0.38166 244 217 170
1.52971 0.36971 0.38173 244 217 170
-1.52910 0.36995 0.39565 244 217 170
1.52969 0.36949 0.39421 244 217 170
1.49048 0.56916 0.22900 244 217 170
-1.52921 0.37037 0.40980 244 217 170
1.52910 0.36978 0.40935 244 217 170
-1.52916 0.37032 0.42249 244 217 170
1.52917 0.36931 0.42309 244 217 170
-1.52916 0.37094 0.43717 244 217 170
1.53055 0.36926 0.43705 244 217 170
1.48989 0.57060 0.25387 244 217 170
-1.52969 0.37045 0.45015 244 217 170
1.52941 0.36902 0.45090 244 217 170
-1.52943 0.37014 0.46417 244 217 170
1.53082 0.36995 0.46542 244 217 170
-1.52914 0.37085 0.47750 244 217 170
1.52944 0.36952 0.47904 244 217 170
1.48996 0.56973 0.27651 244 217 170
-1.53025 0.36997 0.49165 244 217 170
1.53071 0.36937 0.49258 244 217 170
-1.53011 0.36910 0.50561 244 217 170
1.52975 0.36976 0.50601 244 217 170
-1.53062 0.37033 0.51912 244 217 170
1.53065 0.36943 0.51976 244 217 170
1.48902 0.57077 0.30173 244 217 170
